sample_id	gsm_id	condition	sex	age	tissue	sample_name	fastq_r1	fastq_r2	layout
SRR8601528	GSM3615295	NAFLD	Male		Liver		/gpfs/commons/groups/sanjana_lab/Cas13/MASLD_library_design/RNA-seq/Human/Patient_Cohorts/data/raw/GSE126848/fastq/SRR8601528_1.fastq.gz		SINGLE
SRR8601526	GSM3615293	NAFLD	Male		Liver		/gpfs/commons/groups/sanjana_lab/Cas13/MASLD_library_design/RNA-seq/Human/Patient_Cohorts/data/raw/GSE126848/fastq/SRR8601526_1.fastq.gz		SINGLE
SRR8601529	GSM3615296	NAFLD	Female		Liver		/gpfs/commons/groups/sanjana_lab/Cas13/MASLD_library_design/RNA-seq/Human/Patient_Cohorts/data/raw/GSE126848/fastq/SRR8601529_1.fastq.gz		SINGLE
SRR8601561	GSM3615328	healthy	Male		Liver		/gpfs/commons/groups/sanjana_lab/Cas13/MASLD_library_design/RNA-seq/Human/Patient_Cohorts/data/raw/GSE126848/fastq/SRR8601561_1.fastq.gz		SINGLE
SRR8601535	GSM3615302	NAFLD	Male		Liver		/gpfs/commons/groups/sanjana_lab/Cas13/MASLD_library_design/RNA-seq/Human/Patient_Cohorts/data/raw/GSE126848/fastq/SRR8601535_1.fastq.gz		SINGLE
SRR8601537	GSM3615304	NAFLD	Female		Liver		/gpfs/commons/groups/sanjana_lab/Cas13/MASLD_library_design/RNA-seq/Human/Patient_Cohorts/data/raw/GSE126848/fastq/SRR8601537_1.fastq.gz		SINGLE
SRR8601565	GSM3615332	healthy	Male		Liver		/gpfs/commons/groups/sanjana_lab/Cas13/MASLD_library_design/RNA-seq/Human/Patient_Cohorts/data/raw/GSE126848/fastq/SRR8601565_1.fastq.gz		SINGLE
SRR8601540	GSM3615307	NAFLD	Female		Liver		/gpfs/commons/groups/sanjana_lab/Cas13/MASLD_library_design/RNA-seq/Human/Patient_Cohorts/data/raw/GSE126848/fastq/SRR8601540_1.fastq.gz		SINGLE
SRR8601568	GSM3615335	healthy	Male		Liver		/gpfs/commons/groups/sanjana_lab/Cas13/MASLD_library_design/RNA-seq/Human/Patient_Cohorts/data/raw/GSE126848/fastq/SRR8601568_1.fastq.gz		SINGLE
SRR8601542	GSM3615309	NASH	Female		Liver		/gpfs/commons/groups/sanjana_lab/Cas13/MASLD_library_design/RNA-seq/Human/Patient_Cohorts/data/raw/GSE126848/fastq/SRR8601542_1.fastq.gz		SINGLE
SRR8601556	GSM3615323	NASH	Male		Liver		/gpfs/commons/groups/sanjana_lab/Cas13/MASLD_library_design/RNA-seq/Human/Patient_Cohorts/data/raw/GSE126848/fastq/SRR8601556_1.fastq.gz		SINGLE
SRR8601570	GSM3615337	healthy	Male		Liver		/gpfs/commons/groups/sanjana_lab/Cas13/MASLD_library_design/RNA-seq/Human/Patient_Cohorts/data/raw/GSE126848/fastq/SRR8601570_1.fastq.gz		SINGLE
SRR8601544	GSM3615311	NASH	Female		Liver		/gpfs/commons/groups/sanjana_lab/Cas13/MASLD_library_design/RNA-seq/Human/Patient_Cohorts/data/raw/GSE126848/fastq/SRR8601544_1.fastq.gz		SINGLE
SRR8601571	GSM3615338	obese	Male		Liver		/gpfs/commons/groups/sanjana_lab/Cas13/MASLD_library_design/RNA-seq/Human/Patient_Cohorts/data/raw/GSE126848/fastq/SRR8601571_1.fastq.gz		SINGLE
SRR8601545	GSM3615312	NASH	Male		Liver		/gpfs/commons/groups/sanjana_lab/Cas13/MASLD_library_design/RNA-seq/Human/Patient_Cohorts/data/raw/GSE126848/fastq/SRR8601545_1.fastq.gz		SINGLE
SRR8601560	GSM3615327	healthy	Male		Liver		/gpfs/commons/groups/sanjana_lab/Cas13/MASLD_library_design/RNA-seq/Human/Patient_Cohorts/data/raw/GSE126848/fastq/SRR8601560_1.fastq.gz		SINGLE
SRR8601538	GSM3615305	NAFLD	Female		Liver		/gpfs/commons/groups/sanjana_lab/Cas13/MASLD_library_design/RNA-seq/Human/Patient_Cohorts/data/raw/GSE126848/fastq/SRR8601538_1.fastq.gz		SINGLE
SRR8601547	GSM3615314	NASH	Male		Liver		/gpfs/commons/groups/sanjana_lab/Cas13/MASLD_library_design/RNA-seq/Human/Patient_Cohorts/data/raw/GSE126848/fastq/SRR8601547_1.fastq.gz		SINGLE
SRR8601541	GSM3615308	NASH	Male		Liver		/gpfs/commons/groups/sanjana_lab/Cas13/MASLD_library_design/RNA-seq/Human/Patient_Cohorts/data/raw/GSE126848/fastq/SRR8601541_1.fastq.gz		SINGLE
SRR8601549	GSM3615316	NASH	Male		Liver		/gpfs/commons/groups/sanjana_lab/Cas13/MASLD_library_design/RNA-seq/Human/Patient_Cohorts/data/raw/GSE126848/fastq/SRR8601549_1.fastq.gz		SINGLE
SRR8601577	GSM3615344	obese	Male		Liver		/gpfs/commons/groups/sanjana_lab/Cas13/MASLD_library_design/RNA-seq/Human/Patient_Cohorts/data/raw/GSE126848/fastq/SRR8601577_1.fastq.gz		SINGLE
SRR8601550	GSM3615317	NASH	Female		Liver		/gpfs/commons/groups/sanjana_lab/Cas13/MASLD_library_design/RNA-seq/Human/Patient_Cohorts/data/raw/GSE126848/fastq/SRR8601550_1.fastq.gz		SINGLE
SRR8601551	GSM3615318	NASH	Female		Liver		/gpfs/commons/groups/sanjana_lab/Cas13/MASLD_library_design/RNA-seq/Human/Patient_Cohorts/data/raw/GSE126848/fastq/SRR8601551_1.fastq.gz		SINGLE
SRR8601553	GSM3615320	NASH	Male		Liver		/gpfs/commons/groups/sanjana_lab/Cas13/MASLD_library_design/RNA-seq/Human/Patient_Cohorts/data/raw/GSE126848/fastq/SRR8601553_1.fastq.gz		SINGLE
SRR8601530	GSM3615297	NAFLD	Female		Liver		/gpfs/commons/groups/sanjana_lab/Cas13/MASLD_library_design/RNA-seq/Human/Patient_Cohorts/data/raw/GSE126848/fastq/SRR8601530_1.fastq.gz		SINGLE
SRR8601552	GSM3615319	NASH	Male		Liver		/gpfs/commons/groups/sanjana_lab/Cas13/MASLD_library_design/RNA-seq/Human/Patient_Cohorts/data/raw/GSE126848/fastq/SRR8601552_1.fastq.gz		SINGLE
SRR8601554	GSM3615321	NASH	Male		Liver		/gpfs/commons/groups/sanjana_lab/Cas13/MASLD_library_design/RNA-seq/Human/Patient_Cohorts/data/raw/GSE126848/fastq/SRR8601554_1.fastq.gz		SINGLE
SRR8601555	GSM3615322	NASH	Male		Liver		/gpfs/commons/groups/sanjana_lab/Cas13/MASLD_library_design/RNA-seq/Human/Patient_Cohorts/data/raw/GSE126848/fastq/SRR8601555_1.fastq.gz		SINGLE
SRR8601532	GSM3615299	NAFLD	Male		Liver		/gpfs/commons/groups/sanjana_lab/Cas13/MASLD_library_design/RNA-seq/Human/Patient_Cohorts/data/raw/GSE126848/fastq/SRR8601532_1.fastq.gz		SINGLE
SRR8601573	GSM3615340	obese	Male		Liver		/gpfs/commons/groups/sanjana_lab/Cas13/MASLD_library_design/RNA-seq/Human/Patient_Cohorts/data/raw/GSE126848/fastq/SRR8601573_1.fastq.gz		SINGLE
SRR8601557	GSM3615324	healthy	Male		Liver		/gpfs/commons/groups/sanjana_lab/Cas13/MASLD_library_design/RNA-seq/Human/Patient_Cohorts/data/raw/GSE126848/fastq/SRR8601557_1.fastq.gz		SINGLE
SRR8601536	GSM3615303	NAFLD	Male		Liver		/gpfs/commons/groups/sanjana_lab/Cas13/MASLD_library_design/RNA-seq/Human/Patient_Cohorts/data/raw/GSE126848/fastq/SRR8601536_1.fastq.gz		SINGLE
SRR8601539	GSM3615306	NAFLD	Male		Liver		/gpfs/commons/groups/sanjana_lab/Cas13/MASLD_library_design/RNA-seq/Human/Patient_Cohorts/data/raw/GSE126848/fastq/SRR8601539_1.fastq.gz		SINGLE
SRR8601563	GSM3615330	healthy	Male		Liver		/gpfs/commons/groups/sanjana_lab/Cas13/MASLD_library_design/RNA-seq/Human/Patient_Cohorts/data/raw/GSE126848/fastq/SRR8601563_1.fastq.gz		SINGLE
SRR8601548	GSM3615315	NASH	Male		Liver		/gpfs/commons/groups/sanjana_lab/Cas13/MASLD_library_design/RNA-seq/Human/Patient_Cohorts/data/raw/GSE126848/fastq/SRR8601548_1.fastq.gz		SINGLE
SRR8601546	GSM3615313	NASH	Male		Liver		/gpfs/commons/groups/sanjana_lab/Cas13/MASLD_library_design/RNA-seq/Human/Patient_Cohorts/data/raw/GSE126848/fastq/SRR8601546_1.fastq.gz		SINGLE
SRR8601564	GSM3615331	healthy	Male		Liver		/gpfs/commons/groups/sanjana_lab/Cas13/MASLD_library_design/RNA-seq/Human/Patient_Cohorts/data/raw/GSE126848/fastq/SRR8601564_1.fastq.gz		SINGLE
SRR8601562	GSM3615329	healthy	Male		Liver		/gpfs/commons/groups/sanjana_lab/Cas13/MASLD_library_design/RNA-seq/Human/Patient_Cohorts/data/raw/GSE126848/fastq/SRR8601562_1.fastq.gz		SINGLE
SRR8601559	GSM3615326	healthy	Male		Liver		/gpfs/commons/groups/sanjana_lab/Cas13/MASLD_library_design/RNA-seq/Human/Patient_Cohorts/data/raw/GSE126848/fastq/SRR8601559_1.fastq.gz		SINGLE
SRR8601566	GSM3615333	healthy	Male		Liver		/gpfs/commons/groups/sanjana_lab/Cas13/MASLD_library_design/RNA-seq/Human/Patient_Cohorts/data/raw/GSE126848/fastq/SRR8601566_1.fastq.gz		SINGLE
SRR8601575	GSM3615342	obese	Male		Liver		/gpfs/commons/groups/sanjana_lab/Cas13/MASLD_library_design/RNA-seq/Human/Patient_Cohorts/data/raw/GSE126848/fastq/SRR8601575_1.fastq.gz		SINGLE
SRR8601567	GSM3615334	healthy	Male		Liver		/gpfs/commons/groups/sanjana_lab/Cas13/MASLD_library_design/RNA-seq/Human/Patient_Cohorts/data/raw/GSE126848/fastq/SRR8601567_1.fastq.gz		SINGLE
SRR8601543	GSM3615310	NASH	Male		Liver		/gpfs/commons/groups/sanjana_lab/Cas13/MASLD_library_design/RNA-seq/Human/Patient_Cohorts/data/raw/GSE126848/fastq/SRR8601543_1.fastq.gz		SINGLE
SRR8601569	GSM3615336	healthy	Male		Liver		/gpfs/commons/groups/sanjana_lab/Cas13/MASLD_library_design/RNA-seq/Human/Patient_Cohorts/data/raw/GSE126848/fastq/SRR8601569_1.fastq.gz		SINGLE
SRR8601574	GSM3615341	obese	Male		Liver		/gpfs/commons/groups/sanjana_lab/Cas13/MASLD_library_design/RNA-seq/Human/Patient_Cohorts/data/raw/GSE126848/fastq/SRR8601574_1.fastq.gz		SINGLE
SRR8601558	GSM3615325	healthy	Male		Liver		/gpfs/commons/groups/sanjana_lab/Cas13/MASLD_library_design/RNA-seq/Human/Patient_Cohorts/data/raw/GSE126848/fastq/SRR8601558_1.fastq.gz		SINGLE
SRR8601576	GSM3615343	obese	Male		Liver		/gpfs/commons/groups/sanjana_lab/Cas13/MASLD_library_design/RNA-seq/Human/Patient_Cohorts/data/raw/GSE126848/fastq/SRR8601576_1.fastq.gz		SINGLE
SRR8601581	GSM3615348	obese	Male		Liver		/gpfs/commons/groups/sanjana_lab/Cas13/MASLD_library_design/RNA-seq/Human/Patient_Cohorts/data/raw/GSE126848/fastq/SRR8601581_1.fastq.gz		SINGLE
SRR8601578	GSM3615345	obese	Male		Liver		/gpfs/commons/groups/sanjana_lab/Cas13/MASLD_library_design/RNA-seq/Human/Patient_Cohorts/data/raw/GSE126848/fastq/SRR8601578_1.fastq.gz		SINGLE
SRR8601582	GSM3615349	obese	Male		Liver		/gpfs/commons/groups/sanjana_lab/Cas13/MASLD_library_design/RNA-seq/Human/Patient_Cohorts/data/raw/GSE126848/fastq/SRR8601582_1.fastq.gz		SINGLE
SRR8601580	GSM3615347	obese	Male		Liver		/gpfs/commons/groups/sanjana_lab/Cas13/MASLD_library_design/RNA-seq/Human/Patient_Cohorts/data/raw/GSE126848/fastq/SRR8601580_1.fastq.gz		SINGLE
SRR8601527	GSM3615294	NAFLD	Male		Liver		/gpfs/commons/groups/sanjana_lab/Cas13/MASLD_library_design/RNA-seq/Human/Patient_Cohorts/data/raw/GSE126848/fastq/SRR8601527_1.fastq.gz		SINGLE
SRR8601531	GSM3615298	NAFLD	Male		Liver		/gpfs/commons/groups/sanjana_lab/Cas13/MASLD_library_design/RNA-seq/Human/Patient_Cohorts/data/raw/GSE126848/fastq/SRR8601531_1.fastq.gz		SINGLE
SRR8601533	GSM3615300	NAFLD	Female		Liver		/gpfs/commons/groups/sanjana_lab/Cas13/MASLD_library_design/RNA-seq/Human/Patient_Cohorts/data/raw/GSE126848/fastq/SRR8601533_1.fastq.gz		SINGLE
SRR8601534	GSM3615301	NAFLD	Male		Liver		/gpfs/commons/groups/sanjana_lab/Cas13/MASLD_library_design/RNA-seq/Human/Patient_Cohorts/data/raw/GSE126848/fastq/SRR8601534_1.fastq.gz		SINGLE
SRR8601579	GSM3615346	obese	Male		Liver		/gpfs/commons/groups/sanjana_lab/Cas13/MASLD_library_design/RNA-seq/Human/Patient_Cohorts/data/raw/GSE126848/fastq/SRR8601579_1.fastq.gz		SINGLE
