ct_pair	lr_pair	ligand_complex	receptor_complex	source	target	n_donors	Estimate_Steatosis	Estimate_Steatohepatitis	Estimate_Cirrhosis	padj_Steatosis	padj_Steatohepatitis	padj_Cirrhosis	best_Estimate	best_padj	rank
Endothelial cells->Endothelial cells	NAMPT__INSR	NAMPT	INSR	Endothelial cells	Endothelial cells	146	0.410735549913353	0.920737737279408	3.44644083587431	1	0.00127706149872337	1.60954067777687e-16	3.44644083587431	1.60954067777687e-16	1
Macrophages->Endothelial cells	NAMPT__INSR	NAMPT	INSR	Macrophages	Endothelial cells	95	-0.0770909215917903	0.948044289570137	2.65404370056426	1	0.298359810877308	1.60318998156383e-05	2.65404370056426	1.60318998156383e-05	2
Fibroblasts->Endothelial cells	NAMPT__INSR	NAMPT	INSR	Fibroblasts	Endothelial cells	94	0.162698924223569	0.487585679677632	2.35476894332694	1	1	1.23884359065789e-06	2.35476894332694	1.23884359065789e-06	3
Macrophages->Hepatocytes	NAMPT__INSR	NAMPT	INSR	Macrophages	Hepatocytes	95	-0.387288919458422	0.0666236883720785	2.29571233576134	1	1	8.56489387891649e-07	2.29571233576134	8.56489387891649e-07	4
Hepatocytes->Endothelial cells	NAMPT__INSR	NAMPT	INSR	Hepatocytes	Endothelial cells	176	0.362746480405599	0.494981738052292	2.26646807834449	1	1	7.35044043264335e-06	2.26646807834449	7.35044043264335e-06	5
Macrophages->Endothelial cells	PDGFC__FLT1	PDGFC	FLT1	Macrophages	Endothelial cells	103	0.371509298827424	0.0468174940443509	2.22432099501991	1	1	1.92137384742295e-08	2.22432099501991	1.92137384742295e-08	6
Endothelial cells->Macrophages	FCN2__LRP1	FCN2	LRP1	Endothelial cells	Macrophages	94	-0.205926939960872	-0.0935912127892806	-2.01637935035027	1	1	5.6786125144981e-10	-2.01637935035027	5.6786125144981e-10	7
Cholangiocytes->Endothelial cells	PDGFC__KDR	PDGFC	KDR	Cholangiocytes	Endothelial cells	125	-0.278573967227005	-0.320561929433966	-1.85437956837761	1	0.339902506210916	1.95789516371195e-15	-1.85437956837761	1.95789516371195e-15	8
Endothelial cells->Macrophages	HSPG2__LRP1	HSPG2	LRP1	Endothelial cells	Macrophages	103	-0.0123727230819704	-0.0628046579058302	-1.85201070920241	1	1	0.000226581180619165	-1.85201070920241	0.000226581180619165	9
Hepatocytes->Endothelial cells	COL18A1__KDR	COL18A1	KDR	Hepatocytes	Endothelial cells	169	-0.0312294305416092	-0.359661221393462	-1.8480229050411	1	0.0809707401854035	5.17283543508546e-18	-1.8480229050411	5.17283543508546e-18	10
Endothelial cells->Hepatocytes	NAMPT__INSR	NAMPT	INSR	Endothelial cells	Hepatocytes	146	-0.0399310100973825	0.107476905005294	1.77489151647635	1	1	5.2444579137449e-10	1.77489151647635	5.2444579137449e-10	11
Cholangiocytes->Endothelial cells	VEGFA__NRP1	VEGFA	NRP1	Cholangiocytes	Endothelial cells	118	-0.642979334396494	-0.649615106695851	-1.72429896186863	0.0776702318324689	0.0326672878226988	7.0029428471966e-07	-1.72429896186863	7.0029428471966e-07	12
Endothelial cells->Macrophages	APP__CD74	APP	CD74	Endothelial cells	Macrophages	74	0.874493308987119	1.31940526918549	1.71769748378382	1	0.131395055727701	0.0155557294954895	1.71769748378382	0.0155557294954895	13
Hepatocytes->Cholangiocytes	FGF14__FGFR2	FGF14	FGFR2	Hepatocytes	Cholangiocytes	95	0.0271862460990684	-0.288096363553037	1.69314061737658	1	1	0.000955217398773842	1.69314061737658	0.000955217398773842	14
Cholangiocytes->Endothelial cells	NAMPT__INSR	NAMPT	INSR	Cholangiocytes	Endothelial cells	115	0.541929671772158	0.405376389668163	1.6759586067141	1	1	0.00123867112947766	1.6759586067141	0.00123867112947766	15
Hepatocytes->Macrophages	C3__LRP1	C3	LRP1	Hepatocytes	Macrophages	104	-0.573387572585405	-0.996826359531873	-1.66508674985184	1	0.0521315551990501	0.00402712291561349	-1.66508674985184	0.00402712291561349	16
Hepatocytes->Hepatocytes	NAMPT__INSR	NAMPT	INSR	Hepatocytes	Hepatocytes	184	-0.00712245122983345	0.151187354769613	1.63961517790756	1	1	1.1000821506504e-05	1.63961517790756	1.1000821506504e-05	17
Hepatocytes->Macrophages	SDC2__PTPRJ	SDC2	PTPRJ	Hepatocytes	Macrophages	104	0.130533119114592	-0.0689936163671876	-1.53391910742996	1	1	0.000486265376333702	-1.53391910742996	0.000486265376333702	18
Fibroblasts->Endothelial cells	C3__NRP1	C3	NRP1	Fibroblasts	Endothelial cells	135	-0.216761318616996	-0.715462212365772	-1.51065618755057	1	0.0065743245842529	3.53235288583537e-06	-1.51065618755057	3.53235288583537e-06	19
Hepatocytes->Hepatocytes	NRG1__EGFR	NRG1	EGFR	Hepatocytes	Hepatocytes	138	-0.263641673520166	0.446117680964091	1.45362452193441	1	1	3.24281255077252e-05	1.45362452193441	3.24281255077252e-05	20
Macrophages->Fibroblasts	NAMPT__INSR	NAMPT	INSR	Macrophages	Fibroblasts	84	-0.0713045428239918	0.219029210991389	1.40213400640983	1	1	1.92778146888738e-05	1.40213400640983	1.92778146888738e-05	21
Cholangiocytes->Endothelial cells	MAML2__NOTCH1	MAML2	NOTCH1	Cholangiocytes	Endothelial cells	90	-0.284722970450249	-0.0482009549041526	-1.39495257389584	1	1	0.00334058180724814	-1.39495257389584	0.00334058180724814	22
Cholangiocytes->Macrophages	APP__LRP1	APP	LRP1	Cholangiocytes	Macrophages	88	-0.753287791394792	-0.717051143839501	-1.38980201365373	0.00651238043192627	0.00498445837741803	9.32125879273825e-06	-1.38980201365373	9.32125879273825e-06	23
Macrophages->Macrophages	APOA1__ABCA1	APOA1	ABCA1	Macrophages	Macrophages	89	1.37129619046443	1.01172706897467	1.25414483389506	0.0130628402709253	0.194252862424755	0.245787448076969	1.37129619046443	0.0130628402709253	24
Cholangiocytes->Macrophages	VEGFA__NRP1	VEGFA	NRP1	Cholangiocytes	Macrophages	81	-0.653361845917015	-0.255328549040942	-1.30606637519565	0.15561277620782	1	0.000831781620003019	-1.30606637519565	0.000831781620003019	25
Endothelial cells->Macrophages	F8__LRP1	F8	LRP1	Endothelial cells	Macrophages	104	-0.109204802079582	-0.164761398686646	-1.30004263362845	1	1	4.04762273563306e-05	-1.30004263362845	4.04762273563306e-05	26
Hepatocytes->Hepatocytes	TF__TFR2	TF	TFR2	Hepatocytes	Hepatocytes	181	-0.063104847439176	-0.521839653302702	-1.29863689271028	1	0.181386148855818	0.000230342690512749	-1.29863689271028	0.000230342690512749	27
Hepatocytes->Hepatocytes	FGG__ITGB1	FGG	ITGB1	Hepatocytes	Hepatocytes	165	0.0452090745187347	0.0693684055801375	1.26705176960033	1	1	0.000151849272150741	1.26705176960033	0.000151849272150741	28
Cholangiocytes->Endothelial cells	COL18A1__KDR	COL18A1	KDR	Cholangiocytes	Endothelial cells	120	-0.00902459373274663	-0.0829087275438356	-1.26424922056143	1	1	8.40108965785974e-11	-1.26424922056143	8.40108965785974e-11	29
Fibroblasts->Hepatocytes	NAMPT__INSR	NAMPT	INSR	Fibroblasts	Hepatocytes	97	-0.0162443715339139	-0.0695678127601498	1.25810503753644	1	1	2.96677862622657e-06	1.25810503753644	2.96677862622657e-06	30
Macrophages->Cholangiocytes	NAMPT__INSR	NAMPT	INSR	Macrophages	Cholangiocytes	79	-0.0901346571691461	0.0521835490218141	1.25213170174494	1	1	0.00805247519627316	1.25213170174494	0.00805247519627316	31
Hepatocytes->Hepatocytes	C3__LRP1	C3	LRP1	Hepatocytes	Hepatocytes	173	-0.143550265128164	-0.878003556360074	-1.25212704966844	1	0.00111354293682844	0.00257678626953209	-1.25212704966844	0.00257678626953209	32
Hepatocytes->Fibroblasts	NAMPT__INSR	NAMPT	INSR	Hepatocytes	Fibroblasts	138	0.440825137920409	0.38296960898301	1.23085433711281	0.287774309511472	0.361822690302812	1.1651580706618e-06	1.23085433711281	1.1651580706618e-06	33
Hepatocytes->Endothelial cells	HP__ASGR1	HP	ASGR1	Hepatocytes	Endothelial cells	64	0.919918627793849	1.0271662110511	1.22661820594336	0.160146478192725	0.147387028588193	0.0447223552335159	1.22661820594336	0.0447223552335159	34
Cholangiocytes->Cholangiocytes	SHANK2__CFTR	SHANK2	CFTR	Cholangiocytes	Cholangiocytes	142	-1.06622714413173	-0.976194102706467	-1.22345069693676	0.0143876698715153	0.00594084372245295	0.0804882751516342	-1.22345069693676	0.0804882751516342	35
Hepatocytes->Macrophages	C3__CR1	C3	CR1	Hepatocytes	Macrophages	91	-0.816611687249423	-1.21888773022367	-1.04331138437457	0.169080066612887	0.000919548528034153	0.214894761712922	-1.21888773022367	0.000919548528034153	36
Hepatocytes->T cells	APOE__SORL1	APOE	SORL1	Hepatocytes	T cells	68	1.11343702563854	1.17792528141215	1.20019916845665	0.0202266564766243	0.0223743732004698	0.0248369685521989	1.20019916845665	0.0248369685521989	37
Hepatocytes->Macrophages	HPX__LRP1	HPX	LRP1	Hepatocytes	Macrophages	103	-0.0311442145973501	-0.157288675180628	-1.19217933130466	1	1	5.31991811216022e-06	-1.19217933130466	5.31991811216022e-06	38
Hepatocytes->Cholangiocytes	FGG__ITGB1	FGG	ITGB1	Hepatocytes	Cholangiocytes	133	-0.0385852052095248	-0.0934438753351483	1.18091817139861	1	1	0.0310408398070078	1.18091817139861	0.0310408398070078	39
Hepatocytes->Endothelial cells	PDGFC__FLT1	PDGFC	FLT1	Hepatocytes	Endothelial cells	154	0.218272415651036	0.143645856931557	1.1716071240391	1	1	3.23174181186215e-06	1.1716071240391	3.23174181186215e-06	40
Hepatocytes->Macrophages	A2M__LRP1	A2M	LRP1	Hepatocytes	Macrophages	104	-0.505311996451587	-0.297212481465615	1.17034731230201	1	1	0.0300006832756643	1.17034731230201	0.0300006832756643	41
Hepatocytes->Fibroblasts	C3__LRP1	C3	LRP1	Hepatocytes	Fibroblasts	113	-0.295165457756753	-0.652424671059584	-1.1654440613227	1	0.0796822953355846	0.00205040284500199	-1.1654440613227	0.00205040284500199	42
Macrophages->Hepatocytes	APOA1__ABCA1	APOA1	ABCA1	Macrophages	Hepatocytes	93	1.14113816717344	0.727630509887484	1.16225435244856	0.000447907323428939	0.156708932990843	0.0077676611708175	1.16225435244856	0.0077676611708175	43
Endothelial cells->Cholangiocytes	NRG3__ERBB3	NRG3	ERBB3	Endothelial cells	Cholangiocytes	108	-0.072976553482029	0.0705870430621299	-1.13966051615689	1	1	0.000193173613379061	-1.13966051615689	0.000193173613379061	44
Cholangiocytes->Fibroblasts	VEGFA__ITGA9	VEGFA	ITGA9	Cholangiocytes	Fibroblasts	108	-0.362954978625069	-0.436701920887488	-1.12645282639489	1	1	0.0397581632139061	-1.12645282639489	0.0397581632139061	45
Hepatocytes->T cells	VTN__CD47	VTN	CD47	Hepatocytes	T cells	63	1.11999754856183	0.934261390834008	0.67740113812628	0.00542768353900252	0.0926798308991042	1	1.11999754856183	0.00542768353900252	46
Hepatocytes->Hepatocytes	FGL1__EGFR	FGL1	EGFR	Hepatocytes	Hepatocytes	189	-0.000354108396280072	0.101862426581689	1.11893885021762	1	1	0.0472420717692933	1.11893885021762	0.0472420717692933	47
Hepatocytes->Endothelial cells	IGF1__INSR	IGF1	INSR	Hepatocytes	Endothelial cells	141	0.434786835827784	0.190798127745147	1.10884151900268	1	1	0.000735367809810472	1.10884151900268	0.000735367809810472	48
Hepatocytes->Hepatocytes	KNG1__SDC2	KNG1	SDC2	Hepatocytes	Hepatocytes	173	0.0224164223466933	-0.00405116602489544	-1.10592559230628	1	1	9.28290803111606e-08	-1.10592559230628	9.28290803111606e-08	49
Endothelial cells->Hepatocytes	NRG3__ERBB3	NRG3	ERBB3	Endothelial cells	Hepatocytes	161	-0.37518990047817	-0.24491309929974	-1.1024011018038	0.958221413124076	1	0.000289289547690906	-1.1024011018038	0.000289289547690906	50
Hepatocytes->Hepatocytes	NRG1__LGR4	NRG1	LGR4	Hepatocytes	Hepatocytes	138	0.0424072791751502	0.13694165336978	1.10078973231233	1	1	3.76913682388947e-08	1.10078973231233	3.76913682388947e-08	51
Endothelial cells->Endothelial cells	C3__NRP1	C3	NRP1	Endothelial cells	Endothelial cells	160	-0.254586566871242	-0.480036967862326	-1.09804864050124	1	0.0471259352197706	3.19070844797109e-05	-1.09804864050124	3.19070844797109e-05	52
Hepatocytes->Endothelial cells	VEGFA__NRP1	VEGFA	NRP1	Hepatocytes	Endothelial cells	174	-0.122255420092377	-0.551668646573761	-1.08753465601516	1	0.00710618931611219	9.84970439766408e-05	-1.08753465601516	9.84970439766408e-05	53
Cholangiocytes->Endothelial cells	VEGFA__FLT1_KDR	VEGFA	FLT1_KDR	Cholangiocytes	Endothelial cells	115	-0.149191428499443	-0.121571473330525	-1.08525996624982	1	1	1.35486296423352e-07	-1.08525996624982	1.35486296423352e-07	54
Hepatocytes->Macrophages	LIPC__LRP1	LIPC	LRP1	Hepatocytes	Macrophages	87	-0.230679190963262	-0.09183846386698	-1.07805037313898	1	1	3.10382079295149e-05	-1.07805037313898	3.10382079295149e-05	55
Fibroblasts->Fibroblasts	PLG__ITGA9	PLG	ITGA9	Fibroblasts	Fibroblasts	76	-0.172062881756749	-0.0856801994926362	-1.06957589810007	1	1	0.0242960047445333	-1.06957589810007	0.0242960047445333	56
Endothelial cells->Cholangiocytes	ST6GAL1__EGFR	ST6GAL1	EGFR	Endothelial cells	Cholangiocytes	133	-0.368132544507093	-0.639876743845101	-1.06934863679543	1	0.0227718486662881	0.0104565205328331	-1.06934863679543	0.0104565205328331	57
Macrophages->Hepatocytes	FGF13__EGFR	FGF13	EGFR	Macrophages	Hepatocytes	71	-0.503845771453087	-1.06926473430755	-0.588113188752815	0.393136096752423	4.45768210935888e-06	0.72169883732785	-1.06926473430755	4.45768210935888e-06	58
Hepatocytes->Endothelial cells	AHSG__INSR	AHSG	INSR	Hepatocytes	Endothelial cells	154	0.164789281579547	0.387419415860151	1.06891278251176	1	1	0.0106948415995926	1.06891278251176	0.0106948415995926	59
Hepatocytes->Endothelial cells	APOB__TLR4	APOB	TLR4	Hepatocytes	Endothelial cells	112	-0.546177504512351	-0.553898703204117	-1.06565296715922	0.307740963823946	0.231615593647942	0.00274603059834422	-1.06565296715922	0.00274603059834422	60
Macrophages->Fibroblasts	PDGFC__PDGFRA	PDGFC	PDGFRA	Macrophages	Fibroblasts	99	0.317522974122002	0.374085200669572	1.06480832288949	1	1	0.0441353406558235	1.06480832288949	0.0441353406558235	61
Endothelial cells->Cholangiocytes	NAMPT__INSR	NAMPT	INSR	Endothelial cells	Cholangiocytes	117	-0.0225041746006869	-0.0369641346308655	1.06442144690839	1	1	1.01230626109864e-05	1.06442144690839	1.01230626109864e-05	62
Cholangiocytes->Endothelial cells	VEGFA__ITGA9	VEGFA	ITGA9	Cholangiocytes	Endothelial cells	118	-0.242616925430756	-0.0930761581940154	-1.0552086418233	1	1	0.000177125589945049	-1.0552086418233	0.000177125589945049	63
Cholangiocytes->Hepatocytes	NAMPT__INSR	NAMPT	INSR	Cholangiocytes	Hepatocytes	120	0.219802544378467	0.0660419224342056	1.051232002668	1	1	0.00136686899402746	1.051232002668	0.00136686899402746	64
Hepatocytes->Hepatocytes	A2M__LRP1	A2M	LRP1	Hepatocytes	Hepatocytes	173	-0.387879924537753	-0.129198339267563	1.04810130467702	0.925221664261385	1	0.000350445377285295	1.04810130467702	0.000350445377285295	65
Cholangiocytes->Endothelial cells	MAML2__NOTCH4	MAML2	NOTCH4	Cholangiocytes	Endothelial cells	128	-0.300334827024271	-0.311238755192826	-1.04344011281982	1	1	0.00439803857550774	-1.04344011281982	0.00439803857550774	66
Hepatocytes->Cholangiocytes	NAMPT__INSR	NAMPT	INSR	Hepatocytes	Cholangiocytes	139	0.313610254169549	0.0502724734051708	1.04039384955426	1	1	0.0207813519414956	1.04039384955426	0.0207813519414956	67
Endothelial cells->Macrophages	ST6GAL1__EGFR	ST6GAL1	EGFR	Endothelial cells	Macrophages	51	0.574432428528657	1.03539685618579	0.170614456835828	0.913060412591998	0.029944768801176	1	1.03539685618579	0.029944768801176	68
Hepatocytes->Endothelial cells	FGG__ITGB1	FGG	ITGB1	Hepatocytes	Endothelial cells	157	0.0788562807126544	0.0440317198470471	1.03200074857196	1	1	0.000566190941996696	1.03200074857196	0.000566190941996696	69
Endothelial cells->Hepatocytes	FCN2__LRP1	FCN2	LRP1	Endothelial cells	Hepatocytes	153	0.0137580323657685	-0.166375628814528	-1.03108304122922	1	1	1.15109790986164e-07	-1.03108304122922	1.15109790986164e-07	70
Macrophages->Endothelial cells	C3__NRP1	C3	NRP1	Macrophages	Endothelial cells	103	0.10956002478007	-0.0871393130461063	-1.02610583562013	1	1	0.0390945898068543	-1.02610583562013	0.0390945898068543	71
Hepatocytes->Fibroblasts	FGL1__EGFR	FGL1	EGFR	Hepatocytes	Fibroblasts	137	0.147104402125268	0.0571126019264646	1.01825684422799	1	1	0.00217089417408658	1.01825684422799	0.00217089417408658	72
Macrophages->Fibroblasts	ADAM10__EPHA3	ADAM10	EPHA3	Macrophages	Fibroblasts	91	0.211410622975523	0.198031984193894	1.00102336145891	1	1	3.61738957858354e-05	1.00102336145891	3.61738957858354e-05	73
Hepatocytes->Hepatocytes	SDC2__PTPRJ	SDC2	PTPRJ	Hepatocytes	Hepatocytes	176	0.00684447217472351	-0.00207800647343025	-0.998677902184498	1	1	2.67606570150236e-09	-0.998677902184498	2.67606570150236e-09	74
Endothelial cells->Hepatocytes	HSPG2__LRP1	HSPG2	LRP1	Endothelial cells	Hepatocytes	170	0.159812240822915	-0.312440693263969	-0.989606536437896	1	1	0.00182716318292027	-0.989606536437896	0.00182716318292027	75
Hepatocytes->Fibroblasts	FGF14__FGFR2	FGF14	FGFR2	Hepatocytes	Fibroblasts	101	-0.0936449888259092	-0.0843248296218579	0.986486265435603	1	1	8.11085573244178e-07	0.986486265435603	8.11085573244178e-07	76
Fibroblasts->Hepatocytes	COL4A2__ITGA1_ITGB1	COL4A2	ITGA1_ITGB1	Fibroblasts	Hepatocytes	143	0.00641128345267733	0.033620193619823	0.986185452935245	1	1	0.000442962929085129	0.986185452935245	0.000442962929085129	77
Hepatocytes->Endothelial cells	TGM2__ITGA9	TGM2	ITGA9	Hepatocytes	Endothelial cells	141	0.0956634429763463	0.0528928483971115	0.98414521727933	1	1	0.00290250154122981	0.98414521727933	0.00290250154122981	78
Fibroblasts->Macrophages	C3__NRP1	C3	NRP1	Fibroblasts	Macrophages	98	-0.198201066498704	-0.292559919445206	-0.973822701205981	1	1	0.0110948008168706	-0.973822701205981	0.0110948008168706	79
Fibroblasts->Macrophages	COL4A2__ITGB5	COL4A2	ITGB5	Fibroblasts	Macrophages	81	-0.0559624337012502	-0.133052812966225	0.96390096880292	1	1	0.0153729567321505	0.96390096880292	0.0153729567321505	80
Hepatocytes->Macrophages	C4BPA__LRP1	C4BPA	LRP1	Hepatocytes	Macrophages	104	-0.401944036012273	-0.619251774210039	-0.954039958645982	0.870369285821162	0.0159220528914739	0.00284634251055778	-0.954039958645982	0.00284634251055778	81
Hepatocytes->Endothelial cells	VTN__KDR	VTN	KDR	Hepatocytes	Endothelial cells	158	0.106407589618941	-0.0945502253331703	-0.946537669438883	1	1	5.94195466892715e-08	-0.946537669438883	5.94195466892715e-08	82
Fibroblasts->Endothelial cells	COL4A2__ITGA9_ITGB1	COL4A2	ITGA9_ITGB1	Fibroblasts	Endothelial cells	131	-0.0099595551449088	0.149604629641189	0.946506146885038	1	1	0.000498869679492158	0.946506146885038	0.000498869679492158	83
Hepatocytes->Macrophages	NAMPT__INSR	NAMPT	INSR	Hepatocytes	Macrophages	75	0.0868055732646046	0.17149150670792	0.936721444273731	1	1	3.0823667201656e-05	0.936721444273731	3.0823667201656e-05	84
Cholangiocytes->Macrophages	VEGFA__ITGA9	VEGFA	ITGA9	Cholangiocytes	Macrophages	80	-0.206971046289464	-0.474745490313565	-0.917519856053625	1	0.282581098217233	0.00946853281280235	-0.917519856053625	0.00946853281280235	85
Hepatocytes->Endothelial cells	VEGFA__FLT1_KDR	VEGFA	FLT1_KDR	Hepatocytes	Endothelial cells	166	-0.0236007641643829	-0.256788199728119	-0.912737721109926	1	0.0320728223510609	1.26312537230199e-11	-0.912737721109926	1.26312537230199e-11	86
Endothelial cells->Fibroblasts	HSPG2__LRP1	HSPG2	LRP1	Endothelial cells	Fibroblasts	112	0.153476013274045	0.0110082382752348	-0.909190567062991	1	1	0.0232616993567546	-0.909190567062991	0.0232616993567546	87
Cholangiocytes->Endothelial cells	CDH1__IGF1R	CDH1	IGF1R	Cholangiocytes	Endothelial cells	127	-0.293089693786493	-0.267657869088976	-0.908716469931691	0.881108840341585	0.819444454735608	5.25958984392371e-05	-0.908716469931691	5.25958984392371e-05	88
Endothelial cells->Fibroblasts	NAMPT__INSR	NAMPT	INSR	Endothelial cells	Fibroblasts	122	0.0856375787734434	0.114895941272777	0.906858612074478	1	1	1.21145909129629e-07	0.906858612074478	1.21145909129629e-07	89
Hepatocytes->Hepatocytes	FGB__ITGB1	FGB	ITGB1	Hepatocytes	Hepatocytes	165	0.0704922013228188	0.0647837733773797	0.905916159617995	1	1	0.0110801231643962	0.905916159617995	0.0110801231643962	90
Cholangiocytes->Hepatocytes	VEGFA__EGFR	VEGFA	EGFR	Cholangiocytes	Hepatocytes	122	-0.632828615392279	-0.470904887116069	-0.897965283954943	0.00189677122839779	0.0342005296050128	0.000738484404659382	-0.897965283954943	0.000738484404659382	91
Hepatocytes->Cholangiocytes	NRG1__EGFR	NRG1	EGFR	Hepatocytes	Cholangiocytes	120	0.0124227801539025	0.0819213528003902	0.886910315389468	1	1	0.000395498808404864	0.886910315389468	0.000395498808404864	92
Cholangiocytes->Macrophages	ANXA2__TLR2	ANXA2	TLR2	Cholangiocytes	Macrophages	78	0.25487561777874	0.210053482793419	0.886841593184265	0.976046665112437	1	1.85823890447272e-06	0.886841593184265	1.85823890447272e-06	93
Fibroblasts->Fibroblasts	COL4A2__ITGA1_ITGB1	COL4A2	ITGA1_ITGB1	Fibroblasts	Fibroblasts	144	-0.110588689700892	-0.0290822634211483	0.885120890265653	1	1	0.0458672681313364	0.885120890265653	0.0458672681313364	94
Hepatocytes->Fibroblasts	C4BPA__BMPR2	C4BPA	BMPR2	Hepatocytes	Fibroblasts	142	-0.361704188726523	-0.717252190713584	-0.883527645553875	0.800318508765176	9.2465158149104e-05	0.00211744873564624	-0.883527645553875	0.00211744873564624	95
Hepatocytes->Hepatocytes	LIPC__LRP1	LIPC	LRP1	Hepatocytes	Hepatocytes	149	-0.067253648334413	-0.19085258834829	-0.88262955924139	1	1	3.18520846223736e-09	-0.88262955924139	3.18520846223736e-09	96
Hepatocytes->Hepatocytes	SORBS1__ITGB5	SORBS1	ITGB5	Hepatocytes	Hepatocytes	162	0.0730210938071051	0.358848226695658	0.88019880000066	1	0.0230581650403657	8.81278461938619e-07	0.88019880000066	8.81278461938619e-07	97
Macrophages->Endothelial cells	PDGFC__KDR	PDGFC	KDR	Macrophages	Endothelial cells	98	-0.00933909185543173	-0.109205919324093	-0.86868523329737	1	1	4.76792648784972e-05	-0.86868523329737	4.76792648784972e-05	98
Hepatocytes->Fibroblasts	NRG1__EGFR	NRG1	EGFR	Hepatocytes	Fibroblasts	107	0.0780980924690703	0.106413536365333	0.863195882932963	1	1	9.24053039427107e-06	0.863195882932963	9.24053039427107e-06	99
Endothelial cells->Fibroblasts	ST6GAL1__EGFR	ST6GAL1	EGFR	Endothelial cells	Fibroblasts	133	-0.0944712822711443	-0.225524618929719	-0.860885889783267	1	1	0.0206291537807377	-0.860885889783267	0.0206291537807377	100
Fibroblasts->Fibroblasts	COL4A2__ITGA9_ITGB1	COL4A2	ITGA9_ITGB1	Fibroblasts	Fibroblasts	144	-0.12029206464655	-0.0591174721865569	0.858525759572925	1	1	0.0480116731972095	0.858525759572925	0.0480116731972095	101
Fibroblasts->Macrophages	COL4A2__CD44	COL4A2	CD44	Fibroblasts	Macrophages	99	-0.228072096419069	-0.249640525328101	0.848566231644691	1	1	0.0392007361953934	0.848566231644691	0.0392007361953934	102
Macrophages->Macrophages	NAMPT__INSR	NAMPT	INSR	Macrophages	Macrophages	67	-0.0565547497705819	0.0852437019529232	0.842618627546565	1	1	0.00540264008023697	0.842618627546565	0.00540264008023697	103
Hepatocytes->Fibroblasts	VEGFA__ITGA9	VEGFA	ITGA9	Hepatocytes	Fibroblasts	144	0.209339197589769	-0.404353661473574	-0.83584049465737	1	0.777234425704359	0.0432702127216565	-0.83584049465737	0.0432702127216565	104
Hepatocytes->Fibroblasts	EFNA1__EPHA3	EFNA1	EPHA3	Hepatocytes	Fibroblasts	125	0.132226590023509	0.0106594888410905	0.829969655096052	1	1	2.35467627923401e-05	0.829969655096052	2.35467627923401e-05	105
Fibroblasts->Endothelial cells	SLIT2__APP	SLIT2	APP	Fibroblasts	Endothelial cells	112	0.279552508899946	0.173944836708662	0.826417698945642	1	1	0.0225960923027493	0.826417698945642	0.0225960923027493	106
Hepatocytes->Fibroblasts	SDC2__PTPRJ	SDC2	PTPRJ	Hepatocytes	Fibroblasts	106	0.0572597454093018	0.0336813363468804	-0.814642096638787	1	1	1.01522494527796e-08	-0.814642096638787	1.01522494527796e-08	107
Cholangiocytes->Macrophages	ALCAM__NRP1	ALCAM	NRP1	Cholangiocytes	Macrophages	93	-0.809256794015316	-0.403250035416038	-0.467982620021304	0.0469640178418864	1	1	-0.809256794015316	0.0469640178418864	108
Cholangiocytes->Endothelial cells	PDGFC__FLT4	PDGFC	FLT4	Cholangiocytes	Endothelial cells	104	-0.179329176357219	-0.188309812013326	-0.805019154695309	1	1	0.00429678720599524	-0.805019154695309	0.00429678720599524	109
Hepatocytes->Cholangiocytes	HRG__ERBB3	HRG	ERBB3	Hepatocytes	Cholangiocytes	86	-0.524672020882733	-0.492006333045865	-0.803278122867582	0.00545012706203202	0.00165706184322637	3.57813153375193e-05	-0.803278122867582	3.57813153375193e-05	110
Endothelial cells->Macrophages	C3__NRP1	C3	NRP1	Endothelial cells	Macrophages	99	-0.242595249870142	-0.168229982744218	-0.802157932274644	1	1	0.0368581561058248	-0.802157932274644	0.0368581561058248	111
Fibroblasts->Endothelial cells	COL4A2__ITGA1_ITGB1	COL4A2	ITGA1_ITGB1	Fibroblasts	Endothelial cells	133	-0.0612329501319666	0.0678975900312901	0.79770419135081	1	1	0.0039804103477027	0.79770419135081	0.0039804103477027	112
Fibroblasts->Hepatocytes	DCN__EGFR	DCN	EGFR	Fibroblasts	Hepatocytes	143	-0.251723641546148	0.104023587755575	-0.783836905075947	1	1	0.0124729443953895	-0.783836905075947	0.0124729443953895	113
Hepatocytes->Hepatocytes	AHSG__INSR	AHSG	INSR	Hepatocytes	Hepatocytes	155	-0.0111352069018973	0.0483621667888049	0.777412339036568	1	1	0.00337349003111301	0.777412339036568	0.00337349003111301	114
Hepatocytes->Cholangiocytes	SHANK2__CFTR	SHANK2	CFTR	Hepatocytes	Cholangiocytes	142	-0.701838705276981	-0.769936968796146	-0.437865114611826	0.260750085816184	0.0309576252042848	1	-0.769936968796146	0.0309576252042848	115
Fibroblasts->Macrophages	APP__LRP1	APP	LRP1	Fibroblasts	Macrophages	97	-0.342888285228506	-0.318538805376689	-0.758111387278752	0.518739872978139	0.719799211699496	0.0041539401197206	-0.758111387278752	0.0041539401197206	116
Hepatocytes->Endothelial cells	PDGFC__KDR	PDGFC	KDR	Hepatocytes	Endothelial cells	153	-0.0675290818861648	-0.123425811288131	-0.758026238063598	1	1	3.57272546668332e-08	-0.758026238063598	3.57272546668332e-08	117
Hepatocytes->Fibroblasts	HP__ASGR1	HP	ASGR1	Hepatocytes	Fibroblasts	63	0.753772417888865	0.544634426803816	0.671334829804807	0.00958898861650389	1	0.58332735115124	0.753772417888865	0.00958898861650389	118
Endothelial cells->Endothelial cells	APP__LRP6	APP	LRP6	Endothelial cells	Endothelial cells	128	0.104836579478736	0.218238811455983	0.753125420986846	1	1	0.00050902564583268	0.753125420986846	0.00050902564583268	119
Fibroblasts->Macrophages	COL5A1__SDC3	COL5A1	SDC3	Fibroblasts	Macrophages	80	-0.0706550436975249	-0.256128983290611	-0.751088832612574	1	1	0.00407363646585459	-0.751088832612574	0.00407363646585459	120
Fibroblasts->Hepatocytes	COL4A1__ITGA1_ITGB1	COL4A1	ITGA1_ITGB1	Fibroblasts	Hepatocytes	140	-0.0728644965577723	-0.00784125095658569	0.743613596367654	1	1	0.00493365604804937	0.743613596367654	0.00493365604804937	121
Fibroblasts->Endothelial cells	VEGFC__ITGA9	VEGFC	ITGA9	Fibroblasts	Endothelial cells	92	-0.0839873559856349	-0.00695856486791153	-0.737498190863867	1	1	0.0234250650357032	-0.737498190863867	0.0234250650357032	122
Macrophages->Hepatocytes	TF__TFR2	TF	TFR2	Macrophages	Hepatocytes	83	0.195219060335885	0.116827218836066	-0.736730348586224	1	1	0.0322591646629333	-0.736730348586224	0.0322591646629333	123
Macrophages->Cholangiocytes	ST6GAL1__EGFR	ST6GAL1	EGFR	Macrophages	Cholangiocytes	87	-0.215196464265314	-0.0540478213307789	-0.731372540390871	1	1	0.00385416990987555	-0.731372540390871	0.00385416990987555	124
Hepatocytes->Macrophages	COL18A1__ITGB5	COL18A1	ITGB5	Hepatocytes	Macrophages	83	-0.106415139673931	-0.111635616693017	-0.730154427843219	1	1	0.00389809143393452	-0.730154427843219	0.00389809143393452	125
Hepatocytes->Hepatocytes	APOC3__SDC2	APOC3	SDC2	Hepatocytes	Hepatocytes	163	0.000323724891171836	0.113493923541606	-0.726234656407541	1	1	0.0069542453987358	-0.726234656407541	0.0069542453987358	126
Hepatocytes->Endothelial cells	CDH1__IGF1R	CDH1	IGF1R	Hepatocytes	Endothelial cells	165	-0.115112499781465	-0.0214359487513886	-0.722003085759329	1	1	2.29572350905706e-05	-0.722003085759329	2.29572350905706e-05	127
Hepatocytes->Macrophages	HP__TLR4	HP	TLR4	Hepatocytes	Macrophages	72	0.720147401223383	0.293213709888975	0.105394122085574	0.000943617899999679	1	1	0.720147401223383	0.000943617899999679	128
Hepatocytes->Endothelial cells	FN1__ROBO4	FN1	ROBO4	Hepatocytes	Endothelial cells	123	-0.283378880801305	-0.249948691568478	-0.712874605791894	0.884558287808545	1	0.00230873679121773	-0.712874605791894	0.00230873679121773	129
Endothelial cells->Endothelial cells	TIMP3__KDR	TIMP3	KDR	Endothelial cells	Endothelial cells	158	0.0622731671790245	-0.0324385606946838	-0.710474682077961	1	1	2.63499830045199e-06	-0.710474682077961	2.63499830045199e-06	130
Fibroblasts->Endothelial cells	PLG__ITGA9	PLG	ITGA9	Fibroblasts	Endothelial cells	74	0.000799818099238397	0.200278710790706	-0.709635097828921	1	1	0.0353219060932691	-0.709635097828921	0.0353219060932691	131
Fibroblasts->Endothelial cells	MAML2__NOTCH1	MAML2	NOTCH1	Fibroblasts	Endothelial cells	106	-0.13251451075275	0.0479631637409173	-0.707750578763359	1	1	0.000310482547391905	-0.707750578763359	0.000310482547391905	132
Macrophages->Hepatocytes	APOA1__LRP1	APOA1	LRP1	Macrophages	Hepatocytes	91	0.695472284116054	0.42768134178352	0.0896128071664939	0.0470710030478514	1	1	0.695472284116054	0.0470710030478514	133
Hepatocytes->Hepatocytes	FGA__ITGB1	FGA	ITGB1	Hepatocytes	Hepatocytes	165	0.196468331897511	0.0198782530123711	0.69191061563446	1	1	0.0322852035082076	0.69191061563446	0.0322852035082076	134
Hepatocytes->Hepatocytes	HPX__LRP1	HPX	LRP1	Hepatocytes	Hepatocytes	170	0.216986081880304	-0.169596347742692	-0.687558603219702	1	1	0.000228946779443716	-0.687558603219702	0.000228946779443716	135
Hepatocytes->Macrophages	FGA__TLR4	FGA	TLR4	Hepatocytes	Macrophages	72	0.675051295303583	0.211518474985435	-0.047701605782588	0.00701091623999435	1	1	0.675051295303583	0.00701091623999435	136
Cholangiocytes->Hepatocytes	ADAM10__IL6R	ADAM10	IL6R	Cholangiocytes	Hepatocytes	130	-0.329464605427574	-0.332374859966249	-0.675020551647492	0.100325719883128	0.033224728740424	0.000417874316166506	-0.675020551647492	0.000417874316166506	137
Hepatocytes->Macrophages	FGB__TLR4	FGB	TLR4	Hepatocytes	Macrophages	72	0.672011419095529	0.295373558056619	0.174135795980487	0.0318572925776414	1	1	0.672011419095529	0.0318572925776414	138
Cholangiocytes->Hepatocytes	APP__LRP1	APP	LRP1	Cholangiocytes	Hepatocytes	132	-0.242626535783062	-0.294927889828343	-0.665046076694378	1	0.387270520346355	0.00732498067483688	-0.665046076694378	0.00732498067483688	139
Macrophages->Cholangiocytes	MAML2__NOTCH2	MAML2	NOTCH2	Macrophages	Cholangiocytes	77	-0.0701846642640995	0.190857998434492	0.662992732978521	1	1	0.0399083211439654	0.662992732978521	0.0399083211439654	140
Endothelial cells->Endothelial cells	MAML2__NOTCH1	MAML2	NOTCH1	Endothelial cells	Endothelial cells	120	-0.0127511203142202	0.0504864780946519	-0.661389415719222	1	1	0.00513672545453155	-0.661389415719222	0.00513672545453155	141
Endothelial cells->Macrophages	NAMPT__INSR	NAMPT	INSR	Endothelial cells	Macrophages	72	-0.0208847022005435	0.0181568398504741	0.658918938681978	1	1	0.00104339104693977	0.658918938681978	0.00104339104693977	142
Hepatocytes->Fibroblasts	LIPC__LRP1	LIPC	LRP1	Hepatocytes	Fibroblasts	103	-0.0161698790979953	0.0363852773937598	-0.657218686790491	1	1	0.000115273221133341	-0.657218686790491	0.000115273221133341	143
Hepatocytes->Fibroblasts	A2M__LRP1	A2M	LRP1	Hepatocytes	Fibroblasts	113	-0.371768642689559	-0.107110216432257	0.654457195903349	0.392108606797355	1	0.0240146214898364	0.654457195903349	0.0240146214898364	144
Fibroblasts->Endothelial cells	SPARC__ENG	SPARC	ENG	Fibroblasts	Endothelial cells	110	0.11376896310235	0.183680007255601	-0.652488640352364	1	1	9.54117146025562e-05	-0.652488640352364	9.54117146025562e-05	145
Hepatocytes->Hepatocytes	IGF1__INSR	IGF1	INSR	Hepatocytes	Hepatocytes	145	0.101928344169803	-0.00209464548076541	0.652015501108234	1	1	0.00680759159188742	0.652015501108234	0.00680759159188742	146
Cholangiocytes->Endothelial cells	VTN__KDR	VTN	KDR	Cholangiocytes	Endothelial cells	104	0.0188980582900742	0.0704950144312239	-0.645362376328423	1	1	0.0124790105038263	-0.645362376328423	0.0124790105038263	147
Cholangiocytes->Hepatocytes	TF__TFRC	TF	TFRC	Cholangiocytes	Hepatocytes	78	0.640271099371818	0.571584420781275	0.524452701857613	0.0363539846680762	0.134768347400898	1	0.640271099371818	0.0363539846680762	148
Cholangiocytes->Fibroblasts	C3__CD46	C3	CD46	Cholangiocytes	Fibroblasts	76	0.639296620967911	0.193959895740164	0.106743883792054	0.00079866912070419	1	1	0.639296620967911	0.00079866912070419	149
Fibroblasts->Cholangiocytes	DCN__EGFR	DCN	EGFR	Fibroblasts	Cholangiocytes	119	-0.270954340474275	-0.0967538241750853	-0.635043704719915	0.834564828641886	1	0.00867976430865295	-0.635043704719915	0.00867976430865295	150
Cholangiocytes->Endothelial cells	VEGFA__NRP2	VEGFA	NRP2	Cholangiocytes	Endothelial cells	117	-0.310215394710985	-0.0741721105963685	-0.634549793780843	0.695394832100515	1	0.0247386019611377	-0.634549793780843	0.0247386019611377	151
Fibroblasts->Cholangiocytes	NAMPT__INSR	NAMPT	INSR	Fibroblasts	Cholangiocytes	84	0.120735688717309	-0.0561182673832251	0.634402316475343	1	1	0.00198999113201051	0.634402316475343	0.00198999113201051	152
Fibroblasts->Hepatocytes	SEMA5A__MET	SEMA5A	MET	Fibroblasts	Hepatocytes	120	0.0195866481306699	-0.103206569349989	-0.633273496785753	1	1	0.000195204028049604	-0.633273496785753	0.000195204028049604	153
Fibroblasts->Macrophages	CXCL12__CD4	CXCL12	CD4	Fibroblasts	Macrophages	73	0.0515636550114551	0.0140508426833085	-0.628892135445503	1	1	0.00185348146865297	-0.628892135445503	0.00185348146865297	154
Hepatocytes->Hepatocytes	LRIG1__EGFR	LRIG1	EGFR	Hepatocytes	Hepatocytes	143	-0.228997644073613	-0.359705575336434	-0.625167355355214	0.925172196527244	0.0122218716310132	0.000368846171626495	-0.625167355355214	0.000368846171626495	155
Endothelial cells->Hepatocytes	SORBS1__ITGB5	SORBS1	ITGB5	Endothelial cells	Hepatocytes	157	-0.0849926418206957	-0.1060409045109	0.619283731918572	1	1	0.0258630420578473	0.619283731918572	0.0258630420578473	156
Endothelial cells->Hepatocytes	CP__SLC40A1	CP	SLC40A1	Endothelial cells	Hepatocytes	73	0.506738763157397	0.487111475732036	0.618917887653715	0.0311424381252699	0.0327064350333204	0.0198504177307058	0.618917887653715	0.0198504177307058	157
Fibroblasts->Macrophages	TFPI__LRP1	TFPI	LRP1	Fibroblasts	Macrophages	99	-0.203584567766884	-0.193196764228194	-0.612345503579028	1	1	0.0437063744097231	-0.612345503579028	0.0437063744097231	158
Endothelial cells->Macrophages	ADAM10__GPNMB	ADAM10	GPNMB	Endothelial cells	Macrophages	69	0.425556609674294	0.610429942067634	0.522588070843058	0.00862745397394222	0.00129256614823016	8.6918915466956e-05	0.610429942067634	0.00129256614823016	159
Hepatocytes->Hepatocytes	ANGPTL4__SDC4	ANGPTL4	SDC4	Hepatocytes	Hepatocytes	123	0.596824197466168	0.22512146172819	0.162334416680024	0.00656978475795716	1	1	0.596824197466168	0.00656978475795716	160
Hepatocytes->Cholangiocytes	SDC2__PTPRJ	SDC2	PTPRJ	Hepatocytes	Cholangiocytes	129	-0.239271205611992	-0.026350027601335	-0.58813379773219	0.622639726604609	1	0.00073109946769984	-0.58813379773219	0.00073109946769984	161
Hepatocytes->Cholangiocytes	FN1__ITGAV_ITGB1	FN1	ITGAV_ITGB1	Hepatocytes	Cholangiocytes	126	-0.587815507556567	-0.235792863585645	0.505423829869963	0.0133704372529884	1	0.745916324364539	-0.587815507556567	0.0133704372529884	162
Hepatocytes->Cholangiocytes	FN1__ITGAV_ITGB8	FN1	ITGAV_ITGB8	Hepatocytes	Cholangiocytes	125	-0.585035880122506	-0.250625993284877	0.393559685559917	0.014521945009453	1	1	-0.585035880122506	0.014521945009453	163
Hepatocytes->Fibroblasts	FGF14__FGFR1	FGF14	FGFR1	Hepatocytes	Fibroblasts	85	-0.159965358502453	-0.0954440952055578	0.580752894468369	1	1	0.00151998424740349	0.580752894468369	0.00151998424740349	164
Cholangiocytes->Macrophages	ADAM10__AXL	ADAM10	AXL	Cholangiocytes	Macrophages	84	-0.244214554167696	-0.256356702933178	-0.577395899837659	1	1	0.0222138683289915	-0.577395899837659	0.0222138683289915	165
Endothelial cells->Endothelial cells	MAML2__NOTCH4	MAML2	NOTCH4	Endothelial cells	Endothelial cells	167	-0.0350866076902556	-0.00364420815186123	-0.576395240632321	1	1	0.0406841596920875	-0.576395240632321	0.0406841596920875	166
Hepatocytes->Cholangiocytes	EFNA1__EPHA6	EFNA1	EPHA6	Hepatocytes	Cholangiocytes	98	0.118377047560427	0.109701158027548	0.571152837956732	1	1	0.00918074337080025	0.571152837956732	0.00918074337080025	167
Fibroblasts->Cholangiocytes	CXCL12__ITGAV	CXCL12	ITGAV	Fibroblasts	Cholangiocytes	81	-0.092404086512153	-0.107183468681947	-0.558934789758667	1	1	0.0265777413015898	-0.558934789758667	0.0265777413015898	168
Hepatocytes->Fibroblasts	ADAM10__EPHA3	ADAM10	EPHA3	Hepatocytes	Fibroblasts	131	0.0803903290088324	0.119363321998625	0.555261134878347	1	1	0.00405803737344712	0.555261134878347	0.00405803737344712	169
Endothelial cells->Hepatocytes	CEACAM1__EGFR	CEACAM1	EGFR	Endothelial cells	Hepatocytes	120	-0.213363988520469	-0.0561028759936804	-0.547520970410031	1	1	0.0498420693675727	-0.547520970410031	0.0498420693675727	170
Hepatocytes->Cholangiocytes	TGM2__ITGB1	TGM2	ITGB1	Hepatocytes	Cholangiocytes	112	0.0798016727079394	-0.121607591302138	0.547284369509031	1	1	0.00182626503213662	0.547284369509031	0.00182626503213662	171
Hepatocytes->Hepatocytes	C4BPA__LRP1	C4BPA	LRP1	Hepatocytes	Hepatocytes	173	-0.0950414100743088	-0.468444817935387	-0.547237346136209	1	0.00032575369265279	0.0169767988632642	-0.547237346136209	0.0169767988632642	172
Macrophages->Cholangiocytes	ADAM17__ITGB1	ADAM17	ITGB1	Macrophages	Cholangiocytes	77	-0.10122965666529	-0.0530269618840968	0.545163241892059	1	1	0.000369928876101501	0.545163241892059	0.000369928876101501	173
Hepatocytes->Endothelial cells	C4BPA__BMPR2	C4BPA	BMPR2	Hepatocytes	Endothelial cells	174	-0.193271359087192	-0.528999682183052	-0.341768928983206	1	0.0100747337155502	1	-0.528999682183052	0.0100747337155502	174
Cholangiocytes->Cholangiocytes	VEGFA__EGFR	VEGFA	EGFR	Cholangiocytes	Cholangiocytes	122	-0.346565563761885	-0.149543127889183	-0.525257208557735	0.0952267782064182	1	0.0270416427950381	-0.525257208557735	0.0270416427950381	175
Fibroblasts->Hepatocytes	NID1__ITGB1	NID1	ITGB1	Fibroblasts	Hepatocytes	142	-0.0048806344139198	0.0237000184769292	0.524140103282521	1	1	0.00813625286065777	0.524140103282521	0.00813625286065777	176
Hepatocytes->Hepatocytes	VEGFA__ITGB1	VEGFA	ITGB1	Hepatocytes	Hepatocytes	165	0.0716924915469304	0.0705945729075528	0.524063900330477	1	1	0.000263674040635064	0.524063900330477	0.000263674040635064	177
Hepatocytes->Endothelial cells	VEGFA__ITGA9	VEGFA	ITGA9	Hepatocytes	Endothelial cells	172	0.0486086930810621	-0.125484062415461	-0.520316401253183	1	1	0.045115328708971	-0.520316401253183	0.045115328708971	178
Fibroblasts->Fibroblasts	ADAM10__EPHA3	ADAM10	EPHA3	Fibroblasts	Fibroblasts	118	0.052184840670995	0.0949493712278648	0.519698290538909	1	1	0.0172719051800649	0.519698290538909	0.0172719051800649	179
Endothelial cells->Hepatocytes	TFPI__SDC4	TFPI	SDC4	Endothelial cells	Hepatocytes	129	-0.241508322033908	-0.225005966949579	0.517989077578655	0.495412571338187	0.32584599844394	0.000651711823343263	0.517989077578655	0.000651711823343263	180
Endothelial cells->Hepatocytes	COL4A2__ITGB5	COL4A2	ITGB5	Endothelial cells	Hepatocytes	154	-0.0138098996068022	-0.0616665682436358	0.517462768672826	1	1	0.013972582101446	0.517462768672826	0.013972582101446	181
Fibroblasts->Hepatocytes	COL4A2__SDC1	COL4A2	SDC1	Fibroblasts	Hepatocytes	103	0.353716471109329	0.255124380354912	0.513006573613291	0.0265957956195945	0.279941313999494	0.00153350303090945	0.513006573613291	0.00153350303090945	182
Hepatocytes->Hepatocytes	SEMA4B__DCBLD2	SEMA4B	DCBLD2	Hepatocytes	Hepatocytes	100	0.292960891150464	0.382078896664451	0.505499733479161	0.748077020284865	0.0925263584499647	0.0484429754908303	0.505499733479161	0.0484429754908303	183
Hepatocytes->Macrophages	F9__LRP1	F9	LRP1	Hepatocytes	Macrophages	95	-0.0427961619730429	0.0365005671599293	-0.504218997838023	1	1	0.00206511673231864	-0.504218997838023	0.00206511673231864	184
Macrophages->Hepatocytes	HP__ASGR2	HP	ASGR2	Macrophages	Hepatocytes	92	0.491327017598664	0.184268660595258	0.290996094767583	0.0273102591045821	1	1	0.491327017598664	0.0273102591045821	185
Hepatocytes->Fibroblasts	C4BPA__LRP1	C4BPA	LRP1	Hepatocytes	Fibroblasts	113	-0.203067704573114	-0.31344108939374	-0.489665474729893	0.560203926010459	0.00766163178357043	0.00067049936634636	-0.489665474729893	0.00067049936634636	186
Endothelial cells->Hepatocytes	F8__LRP1	F8	LRP1	Endothelial cells	Hepatocytes	167	0.175719300797541	-0.138583470428326	-0.488524023525802	1	1	0.0396683980711104	-0.488524023525802	0.0396683980711104	187
Endothelial cells->Endothelial cells	COL18A1__KDR	COL18A1	KDR	Endothelial cells	Endothelial cells	121	0.0305451548022116	-0.00053707325869961	-0.486766032596995	1	1	0.00674895608657943	-0.486766032596995	0.00674895608657943	188
Endothelial cells->Hepatocytes	FGB__ITGB1	FGB	ITGB1	Endothelial cells	Hepatocytes	145	0.142722168919996	0.196179406376955	0.485228063147967	1	0.648228684386726	0.00326728522718015	0.485228063147967	0.00326728522718015	189
Hepatocytes->Hepatocytes	ADAM17__IL6R	ADAM17	IL6R	Hepatocytes	Hepatocytes	96	-0.403274394001875	-0.337393074679111	-0.485047628946477	1.3613749250126e-05	6.87456991624387e-05	1.66981414775872e-06	-0.485047628946477	1.66981414775872e-06	190
Cholangiocytes->Cholangiocytes	TGFA__ERBB3	TGFA	ERBB3	Cholangiocytes	Cholangiocytes	77	-0.428698289114013	-0.46561604573151	-0.483738927667717	0.00142231813773008	0.000876954934894476	0.0238384347121666	-0.483738927667717	0.0238384347121666	191
Hepatocytes->Fibroblasts	HPX__LRP1	HPX	LRP1	Hepatocytes	Fibroblasts	112	0.0945074658489078	0.00752085193887058	-0.477652164026816	1	1	0.00590438873693932	-0.477652164026816	0.00590438873693932	192
Macrophages->Cholangiocytes	TIMP2__ITGB1	TIMP2	ITGB1	Macrophages	Cholangiocytes	79	-0.0513916026337085	0.0453827884530002	0.476785582648895	1	1	0.00498768438911154	0.476785582648895	0.00498768438911154	193
Cholangiocytes->Hepatocytes	APP__LRP6	APP	LRP6	Cholangiocytes	Hepatocytes	139	-0.476313134943208	-0.227547807144445	-0.259568624760217	0.00239356123673061	0.965819502751014	1	-0.476313134943208	0.00239356123673061	194
Fibroblasts->Hepatocytes	TFPI__LRP1	TFPI	LRP1	Fibroblasts	Hepatocytes	141	-0.0578382440841185	-0.154235397183482	-0.474225723950319	1	1	0.000828339778477242	-0.474225723950319	0.000828339778477242	195
Endothelial cells->Endothelial cells	COL4A2__ITGA9_ITGB1	COL4A2	ITGA9_ITGB1	Endothelial cells	Endothelial cells	152	-0.0544612817052801	-0.0277114717012462	0.47190782858702	1	1	0.00276001970982073	0.47190782858702	0.00276001970982073	196
Fibroblasts->Fibroblasts	COL18A1__PTPRS	COL18A1	PTPRS	Fibroblasts	Fibroblasts	104	0.470193295410434	0.111081824130124	0.136642010350731	0.00301285448816972	1	1	0.470193295410434	0.00301285448816972	197
Fibroblasts->Hepatocytes	APP__LRP1	APP	LRP1	Fibroblasts	Hepatocytes	138	-0.0290552048864028	-0.180174113668554	-0.470142874870274	1	1	0.00345968056014705	-0.470142874870274	0.00345968056014705	198
Cholangiocytes->Fibroblasts	APP__LRP1	APP	LRP1	Cholangiocytes	Fibroblasts	97	-0.243567930493036	-0.138699970682001	-0.467654860039666	0.54752105079605	1	0.0409676537999907	-0.467654860039666	0.0409676537999907	199
Hepatocytes->Hepatocytes	TGM2__ITGB1	TGM2	ITGB1	Hepatocytes	Hepatocytes	142	-0.0811656071240872	-0.132193103209299	0.467164277413112	1	1	3.05532586384398e-05	0.467164277413112	3.05532586384398e-05	200
Hepatocytes->Macrophages	HMGB1__TLR2	HMGB1	TLR2	Hepatocytes	Macrophages	97	0.246686962600514	0.300291888159746	0.467034646739689	0.159517430217612	0.0308482124744389	0.002281965571539	0.467034646739689	0.002281965571539	201
Hepatocytes->Hepatocytes	C5__C5AR1	C5	C5AR1	Hepatocytes	Hepatocytes	95	-0.217628154740084	-0.465515626748342	-0.37483751783566	1	0.000665677539172429	0.121157127255429	-0.465515626748342	0.000665677539172429	202
Fibroblasts->Cholangiocytes	SPON2__ITGB1	SPON2	ITGB1	Fibroblasts	Cholangiocytes	68	0.0612192276286253	0.078447077846097	0.459122721447345	1	1	6.24256806641972e-05	0.459122721447345	6.24256806641972e-05	203
Fibroblasts->Fibroblasts	COL3A1__DDR2	COL3A1	DDR2	Fibroblasts	Fibroblasts	92	-0.0929937254765067	0.0350019641809603	-0.4577392995386	1	1	0.0178067801157625	-0.4577392995386	0.0178067801157625	204
Endothelial cells->Hepatocytes	COL4A1__ITGA1_ITGB1	COL4A1	ITGA1_ITGB1	Endothelial cells	Hepatocytes	156	-0.0712086891730855	-0.106696186762799	0.457280122036632	1	1	0.000169527254901462	0.457280122036632	0.000169527254901462	205
Fibroblasts->Hepatocytes	THBS1__LRP5	THBS1	LRP5	Fibroblasts	Hepatocytes	106	-0.352864395767639	-0.456754853529028	-0.421776532748678	0.067143141640021	0.000753479296412093	0.377393094531355	-0.456754853529028	0.000753479296412093	206
Hepatocytes->Endothelial cells	COL18A1__ITGB5	COL18A1	ITGB5	Hepatocytes	Endothelial cells	98	-0.0930405573854653	0.00618714150348637	-0.455054775935239	1	1	0.0136641070340326	-0.455054775935239	0.0136641070340326	207
Cholangiocytes->Hepatocytes	ADAM10__CADM1	ADAM10	CADM1	Cholangiocytes	Hepatocytes	137	-0.397491953152994	-0.0850951076888928	-0.44888606034651	0.0304373927492213	1	0.17302056016826	-0.44888606034651	0.17302056016826	208
Endothelial cells->Cholangiocytes	FGG__ITGB1	FGG	ITGB1	Endothelial cells	Cholangiocytes	105	0.107626458734602	0.107049362508915	0.447841711911382	1	1	0.0222571912523363	0.447841711911382	0.0222571912523363	209
Hepatocytes->Hepatocytes	AGT__AGTR1	AGT	AGTR1	Hepatocytes	Hepatocytes	127	-0.419094318064639	-0.444586433773555	-0.300894345915767	0.00869244371662516	0.000122242774109697	0.442403140175459	-0.444586433773555	0.000122242774109697	210
Endothelial cells->Fibroblasts	F8__LRP1	F8	LRP1	Endothelial cells	Fibroblasts	112	0.0996792298647735	-0.0373129813895536	-0.443809313843706	1	1	0.00396341134718687	-0.443809313843706	0.00396341134718687	211
Macrophages->Fibroblasts	ADAM10__AXL	ADAM10	AXL	Macrophages	Fibroblasts	52	0.0266869805811574	0.0973001671133449	0.443480873200089	1	1	0.00629520605590892	0.443480873200089	0.00629520605590892	212
Cholangiocytes->Macrophages	HMGB1__TLR2	HMGB1	TLR2	Cholangiocytes	Macrophages	77	0.204822788043782	0.235599996890747	0.440513958021889	0.730092906049631	0.243321915785433	0.00761910713480932	0.440513958021889	0.00761910713480932	213
Macrophages->Hepatocytes	TIMP2__ITGB1	TIMP2	ITGB1	Macrophages	Hepatocytes	93	-0.0560787630913001	0.053767478960554	0.438877656567776	1	1	1.48930359192757e-06	0.438877656567776	1.48930359192757e-06	214
Endothelial cells->Macrophages	COL4A2__CD44	COL4A2	CD44	Endothelial cells	Macrophages	100	-0.188724827014228	-0.437414395727455	0.213346769220195	1	0.0188432857745806	1	-0.437414395727455	0.0188432857745806	215
Hepatocytes->Hepatocytes	CD99__CD99L2	CD99	CD99L2	Hepatocytes	Hepatocytes	117	0.366790588887353	0.437336505797118	0.401749779038101	0.265896230737747	0.0282304882111788	0.547584958688182	0.437336505797118	0.0282304882111788	216
Fibroblasts->Fibroblasts	NAMPT__INSR	NAMPT	INSR	Fibroblasts	Fibroblasts	94	0.0684409041744907	0.0936929839984921	0.437113314401054	1	1	0.00454549763908772	0.437113314401054	0.00454549763908772	217
Hepatocytes->Fibroblasts	SERPINA1__LRP1	SERPINA1	LRP1	Hepatocytes	Fibroblasts	113	-0.0770333604239609	-0.433374509518128	0.0115906174902966	1	0.00800172151568898	1	-0.433374509518128	0.00800172151568898	218
Fibroblasts->Cholangiocytes	THBS1__PTPRJ	THBS1	PTPRJ	Fibroblasts	Cholangiocytes	89	-0.426378584905501	-0.427386065213937	-0.196744175503733	0.00466335963282945	0.00223793254211487	1	-0.427386065213937	0.00223793254211487	219
Hepatocytes->Hepatocytes	TNFSF14__LTBR	TNFSF14	LTBR	Hepatocytes	Hepatocytes	113	-0.427272906953904	-0.317467947207317	-0.214503984898882	0.00201671337101755	0.0475933090488797	1	-0.427272906953904	0.00201671337101755	220
Hepatocytes->Endothelial cells	PRG4__TLR4	PRG4	TLR4	Hepatocytes	Endothelial cells	91	0.0552627064427115	0.114507443686452	0.422381128775342	1	1	0.0423850109360655	0.422381128775342	0.0423850109360655	221
Hepatocytes->Hepatocytes	NECTIN3__CADM1	NECTIN3	CADM1	Hepatocytes	Hepatocytes	136	-0.208925353373645	-0.0501108813541951	-0.421176144498022	0.666615248366495	1	0.00729685436745986	-0.421176144498022	0.00729685436745986	222
Endothelial cells->Endothelial cells	FARP2__PLXNA2	FARP2	PLXNA2	Endothelial cells	Endothelial cells	108	-0.0054365423131884	0.0392333177147792	0.421006026022701	1	1	0.0026926852100705	0.421006026022701	0.0026926852100705	223
Hepatocytes->Cholangiocytes	NID1__ITGB1	NID1	ITGB1	Hepatocytes	Cholangiocytes	114	-0.171173555031886	-0.0594766807141713	0.418224192530959	0.720431614277282	1	0.00203947632676353	0.418224192530959	0.00203947632676353	224
Fibroblasts->Hepatocytes	COL18A1__ITGA5	COL18A1	ITGA5	Fibroblasts	Hepatocytes	61	0.415991152059065	0.136231441645348	0.10917015978291	0.0355871425435032	1	1	0.415991152059065	0.0355871425435032	225
Fibroblasts->Endothelial cells	COL18A1__KDR	COL18A1	KDR	Fibroblasts	Endothelial cells	112	0.316733458459449	0.0978101984035294	-0.413602856441815	0.0491642854208236	1	0.0688686426898477	-0.413602856441815	0.0688686426898477	226
Cholangiocytes->Cholangiocytes	NAMPT__INSR	NAMPT	INSR	Cholangiocytes	Cholangiocytes	120	0.11345530500578	-0.0351811005642283	0.411530521766275	1	1	0.00821627628715444	0.411530521766275	0.00821627628715444	227
Endothelial cells->Endothelial cells	COL4A2__ITGA1_ITGB1	COL4A2	ITGA1_ITGB1	Endothelial cells	Endothelial cells	154	-0.0452850852669852	-0.0208487194575823	0.405494090085256	1	1	0.0108085175873729	0.405494090085256	0.0108085175873729	228
Endothelial cells->Hepatocytes	COL4A2__ITGA1_ITGB1	COL4A2	ITGA1_ITGB1	Endothelial cells	Hepatocytes	160	-0.0926743484328677	-0.123969568308702	0.40493983001261	1	1	0.0332604326663393	0.40493983001261	0.0332604326663393	229
Endothelial cells->Hepatocytes	APOC3__LDLR	APOC3	LDLR	Endothelial cells	Hepatocytes	111	-0.31895693628792	-0.404535260718433	-0.290657548882594	0.354128037372791	0.0243522419798457	1	-0.404535260718433	0.0243522419798457	230
Macrophages->Hepatocytes	ADAM10__IL6R	ADAM10	IL6R	Macrophages	Hepatocytes	102	-0.401610004352237	-0.304787050599967	-0.260905839144113	0.00192858954942804	0.0765527376377355	1	-0.401610004352237	0.00192858954942804	231
Cholangiocytes->Fibroblasts	NAMPT__INSR	NAMPT	INSR	Cholangiocytes	Fibroblasts	105	0.187446208353606	0.109655733619148	0.389827773808804	1	1	0.0041278171827786	0.389827773808804	0.0041278171827786	232
Macrophages->Macrophages	CD55__ADGRE2	CD55	ADGRE2	Macrophages	Macrophages	65	-0.180543325788452	-0.187781245374345	-0.380911950764809	0.23511599008876	0.105985985451926	0.000241803692776782	-0.380911950764809	0.000241803692776782	233
Hepatocytes->Hepatocytes	SEMA5A__MET	SEMA5A	MET	Hepatocytes	Hepatocytes	84	-0.343707907330878	-0.378652884395244	-0.349540394784271	0.0422794851308902	0.00129726814351762	0.0219433382082635	-0.378652884395244	0.00129726814351762	234
Hepatocytes->Hepatocytes	CDH1__PTPRM	CDH1	PTPRM	Hepatocytes	Hepatocytes	172	0.0117963847830048	0.361053265046058	0.378166100572901	1	0.00176257672850236	0.0810996076740053	0.378166100572901	0.0810996076740053	235
Endothelial cells->Hepatocytes	HSPG2__SDC1	HSPG2	SDC1	Endothelial cells	Hepatocytes	123	0.368887406168343	0.132295508361068	0.01460131338288	0.00389521948257354	1	1	0.368887406168343	0.00389521948257354	236
Hepatocytes->Hepatocytes	NID1__ITGB1	NID1	ITGB1	Hepatocytes	Hepatocytes	150	-0.00109420946190091	-0.0266252858723126	0.364719799522893	1	1	1.11265931955862e-06	0.364719799522893	1.11265931955862e-06	237
Hepatocytes->Endothelial cells	COL18A1__ITGA1_ITGB1	COL18A1	ITGA1_ITGB1	Hepatocytes	Endothelial cells	153	-0.0485698206426867	-0.0559836077061259	-0.36083383828015	1	1	0.0341472553649065	-0.36083383828015	0.0341472553649065	238
Fibroblasts->Cholangiocytes	TIMP3__MET	TIMP3	MET	Fibroblasts	Cholangiocytes	66	0.169612279206514	0.192682788928427	0.357442053392435	0.0940318653984709	0.297694198736196	0.0107179747912567	0.357442053392435	0.0107179747912567	239
Hepatocytes->Hepatocytes	TFPI__SDC4	TFPI	SDC4	Hepatocytes	Hepatocytes	130	-0.280426972276675	-0.354654410525145	0.357386684897097	0.304766731399738	0.00513890900952198	0.107008293871904	0.357386684897097	0.107008293871904	240
Cholangiocytes->Hepatocytes	HSPG2__ITGB1	HSPG2	ITGB1	Cholangiocytes	Hepatocytes	111	0.0546356605002312	0.061738050411918	0.356499087628196	1	1	4.70867250439096e-08	0.356499087628196	4.70867250439096e-08	241
Macrophages->Macrophages	HP__TLR4	HP	TLR4	Macrophages	Macrophages	64	0.338168137267108	0.355675867353062	0.163251598160209	0.0855489650278617	0.0313847942956924	1	0.355675867353062	0.0313847942956924	242
Endothelial cells->Hepatocytes	NID1__PTPRF	NID1	PTPRF	Endothelial cells	Hepatocytes	162	-0.231466215213043	-0.355385812393104	-0.289589844019039	0.0653487205107674	3.17579615231486e-05	0.2251258628743	-0.355385812393104	3.17579615231486e-05	243
Endothelial cells->Endothelial cells	COL4A1__ITGA9_ITGB1	COL4A1	ITGA9_ITGB1	Endothelial cells	Endothelial cells	148	-0.1016454015578	-0.123739894691372	0.355164946891785	1	1	0.0100910605950367	0.355164946891785	0.0100910605950367	244
Hepatocytes->Cholangiocytes	LRIG1__EGFR	LRIG1	EGFR	Hepatocytes	Cholangiocytes	105	-0.186025199718726	-0.185044841823332	-0.354541267758075	0.100143013166605	0.0878144872523409	0.00417201510696221	-0.354541267758075	0.00417201510696221	245
Macrophages->Hepatocytes	ADAM17__ITGB1	ADAM17	ITGB1	Macrophages	Hepatocytes	88	-0.088894014189886	-0.0182115765655138	0.348775094785315	1	1	0.000138407765504307	0.348775094785315	0.000138407765504307	246
Fibroblasts->Hepatocytes	COL4A1__SDC1	COL4A1	SDC1	Fibroblasts	Hepatocytes	100	0.342180597925732	0.0881448182978149	0.348726611844657	0.00141704851097499	1	0.0114778260793932	0.348726611844657	0.0114778260793932	247
Endothelial cells->Hepatocytes	NID1__ITGB1	NID1	ITGB1	Endothelial cells	Hepatocytes	162	-0.153802503474087	-0.1271495756228	0.34353440555257	1	1	0.0485886372361912	0.34353440555257	0.0485886372361912	248
Hepatocytes->Hepatocytes	F9__LRP1	F9	LRP1	Hepatocytes	Hepatocytes	156	-0.0349729151580976	-0.0919062195534679	-0.342518037009477	1	1	2.67360066270144e-05	-0.342518037009477	2.67360066270144e-05	249
Endothelial cells->Endothelial cells	FGA__TLR4	FGA	TLR4	Endothelial cells	Endothelial cells	102	0.331069519280192	0.274079908032031	0.340151794250203	3.70536455660383e-05	0.000669138641540619	0.000311835806586257	0.340151794250203	0.000311835806586257	250
Endothelial cells->Fibroblasts	COL4A1__ITGA1_ITGB1	COL4A1	ITGA1_ITGB1	Endothelial cells	Fibroblasts	135	-0.082713070256021	-0.12549703316957	0.337787264823406	1	1	0.0418545384470593	0.337787264823406	0.0418545384470593	251
Hepatocytes->Cholangiocytes	LTBP1__ITGB5	LTBP1	ITGB5	Hepatocytes	Cholangiocytes	93	-0.258873208587021	-0.178299254262089	-0.33394019495758	0.0746507926699961	0.42619882182794	0.0432121243632607	-0.33394019495758	0.0432121243632607	252
Endothelial cells->Hepatocytes	FGA__ITGB1	FGA	ITGB1	Endothelial cells	Hepatocytes	145	0.0525735672308608	0.144883608882794	0.329587079926168	1	1	0.0363677858576823	0.329587079926168	0.0363677858576823	253
Fibroblasts->Cholangiocytes	LTBP1__ITGB5	LTBP1	ITGB5	Fibroblasts	Cholangiocytes	105	-0.106341777519045	-0.0251145497202603	-0.326560926537844	1	1	0.00469221484107281	-0.326560926537844	0.00469221484107281	254
Hepatocytes->Cholangiocytes	CDH1__LRP5	CDH1	LRP5	Hepatocytes	Cholangiocytes	113	-0.0552781270404602	-0.0379304764398533	-0.324993916200109	1	1	0.0186343339823069	-0.324993916200109	0.0186343339823069	255
Fibroblasts->Fibroblasts	COL3A1__ITGA1_ITGB1	COL3A1	ITGA1_ITGB1	Fibroblasts	Fibroblasts	132	-0.0610159395649178	-0.0664587717479256	-0.32422245883058	1	1	0.0369977800093074	-0.32422245883058	0.0369977800093074	256
Hepatocytes->Hepatocytes	C4BPA__BMPR2	C4BPA	BMPR2	Hepatocytes	Hepatocytes	159	-0.168990798564852	-0.318342961870024	-0.324093015982498	1	0.0101364663062592	0.350619427407648	-0.324093015982498	0.350619427407648	257
Hepatocytes->Fibroblasts	TGM2__ITGB1	TGM2	ITGB1	Hepatocytes	Fibroblasts	125	-0.0616315071519858	-0.0699261926201759	0.322705238184009	1	1	0.0480257797457045	0.322705238184009	0.0480257797457045	258
Hepatocytes->Cholangiocytes	APOE__LRP6	APOE	LRP6	Hepatocytes	Cholangiocytes	95	0.318161698452702	0.186516779752423	0.24534179974221	0.0192871252563425	1	1	0.318161698452702	0.0192871252563425	259
Cholangiocytes->Endothelial cells	FGA__TLR4	FGA	TLR4	Cholangiocytes	Endothelial cells	81	0.316565369216486	0.317057314643332	0.310966831165603	0.0192857384414982	0.0171155680621931	0.244726726966947	0.317057314643332	0.0171155680621931	260
Endothelial cells->Hepatocytes	TGM2__ITGB1	TGM2	ITGB1	Endothelial cells	Hepatocytes	134	-0.0312359858014986	0.0200853504742695	0.315273260291461	1	1	0.00191017666415328	0.315273260291461	0.00191017666415328	261
Hepatocytes->Endothelial cells	CGN__TGFBR2	CGN	TGFBR2	Hepatocytes	Endothelial cells	120	0.043641355220245	-0.0279420001845877	-0.31060190028866	1	1	0.00201225710154864	-0.31060190028866	0.00201225710154864	262
Macrophages->Macrophages	ADAM17__ITGB1	ADAM17	ITGB1	Macrophages	Macrophages	71	-0.253738411846041	-0.293291741014286	-0.22853281437242	0.189489158525734	0.010628883617092	0.759833541022625	-0.293291741014286	0.010628883617092	263
Fibroblasts->Hepatocytes	SPON2__ITGB1	SPON2	ITGB1	Fibroblasts	Hepatocytes	78	0.0672173841928125	0.120587204114466	0.291017592008526	1	1	0.0127395050072881	0.291017592008526	0.0127395050072881	264
Hepatocytes->Hepatocytes	AGT__ENPEP	AGT	ENPEP	Hepatocytes	Hepatocytes	115	-0.268459574330868	-0.287572947722283	-0.202970450165308	0.109398453374604	0.0298936816914562	1	-0.287572947722283	0.0298936816914562	265
Hepatocytes->Fibroblasts	CDH1__CDH2	CDH1	CDH2	Hepatocytes	Fibroblasts	134	0.0699437648297621	0.284112367409972	-0.123177866042517	1	0.00343232740575451	1	0.284112367409972	0.00343232740575451	266
Endothelial cells->Endothelial cells	COL4A1__ITGA1_ITGB1	COL4A1	ITGA1_ITGB1	Endothelial cells	Endothelial cells	151	-0.108559535817752	-0.124547936007353	0.283976421638625	1	1	0.0418673415830015	0.283976421638625	0.0418673415830015	267
Cholangiocytes->Cholangiocytes	COL4A1__CD47	COL4A1	CD47	Cholangiocytes	Cholangiocytes	81	0.255747605901866	0.283908089322476	0.26145922579409	0.0648490280032522	0.0298001230659973	0.707282755146682	0.283908089322476	0.0298001230659973	268
Fibroblasts->Fibroblasts	COL18A1__ITGA1_ITGB1	COL18A1	ITGA1_ITGB1	Fibroblasts	Fibroblasts	117	0.283419408072525	0.0641531353970657	0.251866672422268	0.0257268458471894	1	0.581900855744574	0.283419408072525	0.0257268458471894	269
Fibroblasts->Hepatocytes	SLIT2__APP	SLIT2	APP	Fibroblasts	Hepatocytes	111	-0.0451218755885688	-0.0178979832575018	0.27942041272615	1	1	0.0172732387832825	0.27942041272615	0.0172732387832825	270
Cholangiocytes->Hepatocytes	TGFA__PTPRD	TGFA	PTPRD	Cholangiocytes	Hepatocytes	68	0.17880883160749	0.258627253221993	0.277488270614025	0.378545606416829	0.011008257414771	0.0875753815752416	0.277488270614025	0.0875753815752416	271
Hepatocytes->Hepatocytes	COL27A1__ITGA1_ITGB1	COL27A1	ITGA1_ITGB1	Hepatocytes	Hepatocytes	165	0.276463015339474	0.16079190228386	0.266896763525678	0.00597551126750873	0.424856916585637	0.144853835638877	0.276463015339474	0.00597551126750873	272
Hepatocytes->Hepatocytes	IGF1__IGF2R	IGF1	IGF2R	Hepatocytes	Hepatocytes	138	-0.0400436332564771	0.0180245408815824	0.276431645098188	1	1	0.0173671393128821	0.276431645098188	0.0173671393128821	273
Macrophages->Hepatocytes	CXCL12__ITGB1	CXCL12	ITGB1	Macrophages	Hepatocytes	61	-0.0141492428611586	0.0144322858764138	0.273965693615791	1	1	0.00165456880315891	0.273965693615791	0.00165456880315891	274
Cholangiocytes->Cholangiocytes	JAG1__NOTCH2	JAG1	NOTCH2	Cholangiocytes	Cholangiocytes	84	0.244506206469765	0.270387646900932	0.222342658604151	0.231779792851906	0.0445666501946343	1	0.270387646900932	0.0445666501946343	275
Fibroblasts->Hepatocytes	FBN1__ITGB1	FBN1	ITGB1	Fibroblasts	Hepatocytes	134	0.0246212882375529	0.00198785122525727	0.269557921187783	1	1	0.0116552630647937	0.269557921187783	0.0116552630647937	276
Hepatocytes->Hepatocytes	CGN__TGFBR2	CGN	TGFBR2	Hepatocytes	Hepatocytes	118	-0.2203043216291	-0.230639309844334	-0.267123541412971	0.117906381533993	0.0494407151476291	0.155676071800986	-0.267123541412971	0.155676071800986	277
Hepatocytes->Hepatocytes	SERPINC1__LRP1	SERPINC1	LRP1	Hepatocytes	Hepatocytes	139	-0.0849523043438348	-0.119480708285363	-0.265605830387206	1	0.265962769362803	0.000349511765486267	-0.265605830387206	0.000349511765486267	278
Cholangiocytes->Endothelial cells	FARP2__PLXNA2	FARP2	PLXNA2	Cholangiocytes	Endothelial cells	99	0.0408994623037176	0.0651944569272989	0.260565016232697	1	1	0.0344523021924266	0.260565016232697	0.0344523021924266	279
Hepatocytes->Fibroblasts	IGF1__IGF2R	IGF1	IGF2R	Hepatocytes	Fibroblasts	81	0.257004371456401	0.133382815613607	0.253053910670553	0.0186968838795647	1	0.204265237770721	0.257004371456401	0.0186968838795647	280
Cholangiocytes->Cholangiocytes	TIMP2__ITGB1	TIMP2	ITGB1	Cholangiocytes	Cholangiocytes	84	0.0169190019080841	0.0962066090166769	0.256166166407988	1	1	0.00489310560616947	0.256166166407988	0.00489310560616947	281
Fibroblasts->Hepatocytes	COL4A4__ITGA1_ITGB1	COL4A4	ITGA1_ITGB1	Fibroblasts	Hepatocytes	114	0.00866357657099443	0.0302758741436127	0.254242308912366	1	1	0.0111873472091536	0.254242308912366	0.0111873472091536	282
Fibroblasts->Fibroblasts	THBS1__PTPRJ	THBS1	PTPRJ	Fibroblasts	Fibroblasts	83	-0.211236359380671	-0.0912079081299666	-0.25377056341115	0.00152514444192916	1	0.0230513181058638	-0.25377056341115	0.0230513181058638	283
Endothelial cells->Macrophages	HMGB1__TLR2	HMGB1	TLR2	Endothelial cells	Macrophages	89	0.183619885527809	0.192173470866485	0.233409105026639	0.0913641535197558	0.154579869507213	0.0199169482905592	0.233409105026639	0.0199169482905592	284
Endothelial cells->Cholangiocytes	TIMP3__MET	TIMP3	MET	Endothelial cells	Cholangiocytes	95	-0.230829831654894	-0.189041853378979	-0.0583335295816103	0.0486562012199908	0.472970443042488	1	-0.230829831654894	0.0486562012199908	285
Fibroblasts->Endothelial cells	FGG__TLR4	FGG	TLR4	Fibroblasts	Endothelial cells	79	0.227419601180859	0.141673001635558	0.109494794511782	0.0369132300926482	1	1	0.227419601180859	0.0369132300926482	286
Fibroblasts->Fibroblasts	COL4A4__ITGA9_ITGB1	COL4A4	ITGA9_ITGB1	Fibroblasts	Fibroblasts	113	0.0449398414791447	0.0518421316985309	0.224771410048909	1	1	0.0473362512591125	0.224771410048909	0.0473362512591125	287
Fibroblasts->Hepatocytes	HSPG2__ITGB1	HSPG2	ITGB1	Fibroblasts	Hepatocytes	68	0.108809854213618	0.1151853530483	0.216472990938247	0.60548984671745	0.149995035043232	0.00145278866798935	0.216472990938247	0.00145278866798935	288
Fibroblasts->Hepatocytes	COL6A2__ITGA1_ITGB1	COL6A2	ITGA1_ITGB1	Fibroblasts	Hepatocytes	136	0.132723978882016	0.0133812136417904	0.215263280193133	0.24863883374228	1	0.0447301236977811	0.215263280193133	0.0447301236977811	289
Cholangiocytes->Endothelial cells	SORBS1__ITGB5	SORBS1	ITGB5	Cholangiocytes	Endothelial cells	76	0.214289083072579	0.204069566466644	0.0349976840937564	0.0258404819187689	0.0610652532758984	1	0.214289083072579	0.0258404819187689	290
Fibroblasts->Endothelial cells	COL14A1__ITGA1_ITGB1	COL14A1	ITGA1_ITGB1	Fibroblasts	Endothelial cells	109	-0.129452413787065	-0.113739262660174	-0.213886438577199	0.055631770854955	0.278043047365825	0.0111665346716189	-0.213886438577199	0.0111665346716189	291
Endothelial cells->Hepatocytes	GNAS__GCGR	GNAS	GCGR	Endothelial cells	Hepatocytes	126	0.212844940641748	0.115616062522058	0.137342932787933	0.00708928922700096	0.32089375410856	1	0.212844940641748	0.00708928922700096	292
Endothelial cells->Endothelial cells	VCL__ITGB5	VCL	ITGB5	Endothelial cells	Endothelial cells	83	0.203516589580858	0.105681745598945	0.114948225702434	0.0109702217576157	1	1	0.203516589580858	0.0109702217576157	293
Hepatocytes->Endothelial cells	NID1__ITGB1	NID1	ITGB1	Hepatocytes	Endothelial cells	141	0.0559994576789001	0.0484271274511884	0.199685536386989	1	1	0.0137311327920319	0.199685536386989	0.0137311327920319	294
Fibroblasts->Endothelial cells	TIMP3__KDR	TIMP3	KDR	Fibroblasts	Endothelial cells	97	0.116293958561449	0.192684333362462	-0.0482425045749766	1	0.0470243385091319	1	0.192684333362462	0.0470243385091319	295
Hepatocytes->Fibroblasts	NTN1__NEO1	NTN1	NEO1	Hepatocytes	Fibroblasts	123	0.151053863665481	0.192385683762305	0.0261929850193257	0.166908070822787	0.00779674250201611	1	0.192385683762305	0.00779674250201611	296
Cholangiocytes->Fibroblasts	LAMC1__ITGA9_ITGB1	LAMC1	ITGA9_ITGB1	Cholangiocytes	Fibroblasts	114	-0.132127541280145	-0.192045711220868	0.0482734084972371	0.969813432166329	0.0349680997422328	1	-0.192045711220868	0.0349680997422328	297
Endothelial cells->Endothelial cells	VTN__ITGAV_ITGB1	VTN	ITGAV_ITGB1	Endothelial cells	Endothelial cells	73	-0.0542382881590407	-0.183036314519719	-0.102445274155314	1	0.00439327348969937	1	-0.183036314519719	0.00439327348969937	298
Fibroblasts->Fibroblasts	SPON2__ITGB1	SPON2	ITGB1	Fibroblasts	Fibroblasts	77	-0.0751936114268853	-0.156571854263442	-0.088332235768744	1	0.00380876240929813	1	-0.156571854263442	0.00380876240929813	299
Fibroblasts->Hepatocytes	ANGPT1__ITGB1	ANGPT1	ITGB1	Fibroblasts	Hepatocytes	78	0.079749968949778	0.129138639302166	0.152944152506291	1	0.0224280391759943	0.0579392758259042	0.152944152506291	0.0579392758259042	300
