run_accession	sample_alias
SRR17442769	GSM5772640
SRR17442770	GSM5772639
SRR17442773	GSM5772636
SRR17442780	GSM5772629
SRR17442781	GSM5772628
SRR17442783	GSM5772626
SRR17442787	GSM5772622
SRR17442791	GSM5772618
SRR17442795	GSM5772614
SRR17442800	GSM5772581
SRR17442807	GSM5772574
SRR17442809	GSM5772572
SRR17442811	GSM5772570
SRR17442814	GSM5772567
SRR17442815	GSM5772566
SRR17442817	GSM5772564
SRR17442818	GSM5772563
SRR17442820	GSM5772561
SRR17442825	GSM5772664
SRR17442826	GSM5772663
SRR17442828	GSM5772661
SRR17442829	GSM5772660
SRR17442830	GSM5772659
SRR17442834	GSM5772655
SRR17442840	GSM5772649
SRR17442845	GSM5772644
SRR17442846	GSM5772643
SRR17442848	GSM5772641
SRR17442854	GSM5772551
SRR17442858	GSM5772547
SRR17442859	GSM5772546
SRR17442861	GSM5772544
SRR17442862	GSM5772543
SRR17442864	GSM5772541
SRR17442867	GSM5772538
SRR17442868	GSM5772537
SRR17442869	GSM5772536
SRR17442872	GSM5772533
SRR17442873	GSM5772532
SRR17442874	GSM5772531
SRR17442876	GSM5772529
SRR17442879	GSM5772610
SRR17442880	GSM5772609
SRR17442882	GSM5772607
SRR17442884	GSM5772605
SRR17442892	GSM5772597
SRR17442896	GSM5772593
SRR17442901	GSM5772588
SRR17442908	GSM5772525
SRR17442909	GSM5772524
SRR17442910	GSM5772523
SRR17442914	GSM5772519
SRR17442916	GSM5772517
SRR17442918	GSM5772515
SRR17442922	GSM5772511
SRR17442925	GSM5772508
SRR17442926	GSM5772507
SRR17442930	GSM5772503
SRR17442932	GSM5772501
SRR17442771	GSM5772638
SRR17442772	GSM5772637
SRR17442775	GSM5772634
SRR17442778	GSM5772631
SRR17442779	GSM5772630
SRR17442786	GSM5772623
SRR17442794	GSM5772615
SRR17442796	GSM5772613
SRR17442797	GSM5772584
SRR17442798	GSM5772583
SRR17442799	GSM5772582
SRR17442802	GSM5772579
SRR17442810	GSM5772571
SRR17442812	GSM5772569
SRR17442813	GSM5772568
SRR17442821	GSM5772560
SRR17442822	GSM5772559
SRR17442823	GSM5772558
SRR17442831	GSM5772658
SRR17442833	GSM5772656
SRR17442836	GSM5772653
SRR17442837	GSM5772652
SRR17442841	GSM5772648
SRR17442842	GSM5772647
SRR17442844	GSM5772645
SRR17442849	GSM5772556
SRR17442851	GSM5772554
SRR17442852	GSM5772553
SRR17442853	GSM5772552
SRR17442855	GSM5772550
SRR17442856	GSM5772549
SRR17442860	GSM5772545
SRR17442863	GSM5772542
SRR17442866	GSM5772539
SRR17442870	GSM5772535
SRR17442875	GSM5772530
SRR17442881	GSM5772608
SRR17442885	GSM5772604
SRR17442886	GSM5772603
SRR17442887	GSM5772602
SRR17442888	GSM5772601
SRR17442891	GSM5772598
SRR17442897	GSM5772592
SRR17442899	GSM5772590
SRR17442902	GSM5772587
SRR17442905	GSM5772528
SRR17442911	GSM5772522
SRR17442915	GSM5772518
SRR17442919	GSM5772514
SRR17442923	GSM5772510
SRR17442927	GSM5772506
SRR17442928	GSM5772505
SRR17442931	GSM5772502
SRR17442774	GSM5772635
SRR17442776	GSM5772633
SRR17442777	GSM5772632
SRR17442782	GSM5772627
SRR17442784	GSM5772625
SRR17442785	GSM5772624
SRR17442788	GSM5772621
SRR17442789	GSM5772620
SRR17442790	GSM5772619
SRR17442792	GSM5772617
SRR17442793	GSM5772616
SRR17442801	GSM5772580
SRR17442803	GSM5772578
SRR17442804	GSM5772577
SRR17442805	GSM5772576
SRR17442806	GSM5772575
SRR17442808	GSM5772573
SRR17442816	GSM5772565
SRR17442819	GSM5772562
SRR17442824	GSM5772557
SRR17442827	GSM5772662
SRR17442832	GSM5772657
SRR17442835	GSM5772654
SRR17442838	GSM5772651
SRR17442839	GSM5772650
SRR17442843	GSM5772646
SRR17442847	GSM5772642
SRR17442850	GSM5772555
SRR17442857	GSM5772548
SRR17442865	GSM5772540
SRR17442871	GSM5772534
SRR17442877	GSM5772612
SRR17442878	GSM5772611
SRR17442883	GSM5772606
SRR17442889	GSM5772600
SRR17442890	GSM5772599
SRR17442893	GSM5772596
SRR17442894	GSM5772595
SRR17442895	GSM5772594
SRR17442898	GSM5772591
SRR17442900	GSM5772589
SRR17442903	GSM5772586
SRR17442904	GSM5772585
SRR17442906	GSM5772527
SRR17442907	GSM5772526
SRR17442912	GSM5772521
SRR17442913	GSM5772520
SRR17442917	GSM5772516
SRR17442920	GSM5772513
SRR17442921	GSM5772512
SRR17442924	GSM5772509
SRR17442929	GSM5772504
