sample_id,dataset,condition,group_binary,sex,age,fibrosis_stage,nas_score,diagnosis_harmonized,library_prep_batch
SRR8601526,GSE126848,NAFL,Disease,M,,,,NAFL,NA
SRR8601527,GSE126848,NAFL,Disease,M,,,,NAFL,NA
SRR8601528,GSE126848,NAFL,Disease,M,,,,NAFL,NA
SRR8601529,GSE126848,NAFL,Disease,F,,,,NAFL,NA
SRR8601530,GSE126848,NAFL,Disease,F,,,,NAFL,NA
SRR8601531,GSE126848,NAFL,Disease,M,,,,NAFL,NA
SRR8601532,GSE126848,NAFL,Disease,M,,,,NAFL,NA
SRR8601533,GSE126848,NAFL,Disease,F,,,,NAFL,NA
SRR8601534,GSE126848,NAFL,Disease,M,,,,NAFL,NA
SRR8601535,GSE126848,NAFL,Disease,M,,,,NAFL,NA
SRR8601536,GSE126848,NAFL,Disease,M,,,,NAFL,NA
SRR8601537,GSE126848,NAFL,Disease,F,,,,NAFL,NA
SRR8601538,GSE126848,NAFL,Disease,F,,,,NAFL,NA
SRR8601539,GSE126848,NAFL,Disease,M,,,,NAFL,NA
SRR8601540,GSE126848,NAFL,Disease,F,,,,NAFL,NA
SRR8601541,GSE126848,NASH,Disease,M,,,,NASH,NA
SRR8601542,GSE126848,NASH,Disease,F,,,,NASH,NA
SRR8601543,GSE126848,NASH,Disease,M,,,,NASH,NA
SRR8601544,GSE126848,NASH,Disease,F,,,,NASH,NA
SRR8601545,GSE126848,NASH,Disease,M,,,,NASH,NA
SRR8601546,GSE126848,NASH,Disease,M,,,,NASH,NA
SRR8601547,GSE126848,NASH,Disease,M,,,,NASH,NA
SRR8601548,GSE126848,NASH,Disease,M,,,,NASH,NA
SRR8601549,GSE126848,NASH,Disease,M,,,,NASH,NA
SRR8601550,GSE126848,NASH,Disease,F,,,,NASH,NA
SRR8601551,GSE126848,NASH,Disease,F,,,,NASH,NA
SRR8601552,GSE126848,NASH,Disease,M,,,,NASH,NA
SRR8601553,GSE126848,NASH,Disease,M,,,,NASH,NA
SRR8601554,GSE126848,NASH,Disease,M,,,,NASH,NA
SRR8601555,GSE126848,NASH,Disease,M,,,,NASH,NA
SRR8601556,GSE126848,NASH,Disease,M,,,,NASH,NA
SRR8601557,GSE126848,Control,Control,M,,,,Control,NA
SRR8601558,GSE126848,Control,Control,M,,,,Control,NA
SRR8601559,GSE126848,Control,Control,M,,,,Control,NA
SRR8601560,GSE126848,Control,Control,M,,,,Control,NA
SRR8601561,GSE126848,Control,Control,M,,,,Control,NA
SRR8601562,GSE126848,Control,Control,M,,,,Control,NA
SRR8601563,GSE126848,Control,Control,M,,,,Control,NA
SRR8601564,GSE126848,Control,Control,M,,,,Control,NA
SRR8601565,GSE126848,Control,Control,M,,,,Control,NA
SRR8601566,GSE126848,Control,Control,M,,,,Control,NA
SRR8601567,GSE126848,Control,Control,M,,,,Control,NA
SRR8601568,GSE126848,Control,Control,M,,,,Control,NA
SRR8601569,GSE126848,Control,Control,M,,,,Control,NA
SRR8601570,GSE126848,Control,Control,M,,,,Control,NA
SRR8601571,GSE126848,Control_Obese,Control,M,,,,Control,NA
SRR8601572,GSE126848,Control_Obese,Control,M,,,,Control,NA
SRR8601573,GSE126848,Control_Obese,Control,M,,,,Control,NA
SRR8601574,GSE126848,Control_Obese,Control,M,,,,Control,NA
SRR8601575,GSE126848,Control_Obese,Control,M,,,,Control,NA
SRR8601576,GSE126848,Control_Obese,Control,M,,,,Control,NA
SRR8601577,GSE126848,Control_Obese,Control,M,,,,Control,NA
SRR8601578,GSE126848,Control_Obese,Control,M,,,,Control,NA
SRR8601579,GSE126848,Control_Obese,Control,M,,,,Control,NA
SRR8601580,GSE126848,Control_Obese,Control,M,,,,Control,NA
SRR8601581,GSE126848,Control_Obese,Control,M,,,,Control,NA
SRR8601582,GSE126848,Control_Obese,Control,M,,,,Control,NA
SRR13797132,GSE167523,NAFL,Disease,M,50,,,NAFL,NA
SRR13797133,GSE167523,NAFL,Disease,M,36,,,NAFL,NA
SRR13797134,GSE167523,NAFL,Disease,M,77,,,NAFL,NA
SRR13797135,GSE167523,NAFL,Disease,M,50,,,NAFL,NA
SRR13797136,GSE167523,NASH,Disease,M,57,,,NASH,NA
SRR13797137,GSE167523,NAFL,Disease,M,48,,,NAFL,NA
SRR13797138,GSE167523,NAFL,Disease,M,51,,,NAFL,NA
SRR13797139,GSE167523,NAFL,Disease,M,40,,,NAFL,NA
SRR13797140,GSE167523,NAFL,Disease,M,55,,,NAFL,NA
SRR13797141,GSE167523,NAFL,Disease,M,29,,,NAFL,NA
SRR13797142,GSE167523,NAFL,Disease,M,54,,,NAFL,NA
SRR13797143,GSE167523,NAFL,Disease,M,45,,,NAFL,NA
SRR13797144,GSE167523,NAFL,Disease,F,48,,,NAFL,NA
SRR13797145,GSE167523,NAFL,Disease,M,46,,,NAFL,NA
SRR13797146,GSE167523,NASH,Disease,F,54,,,NASH,NA
SRR13797147,GSE167523,NAFL,Disease,M,66,,,NAFL,NA
SRR13797148,GSE167523,NAFL,Disease,M,36,,,NAFL,NA
SRR13797149,GSE167523,NAFL,Disease,M,51,,,NAFL,NA
SRR13797150,GSE167523,NAFL,Disease,M,50,,,NAFL,NA
SRR13797151,GSE167523,NAFL,Disease,M,38,,,NAFL,NA
SRR13797152,GSE167523,NAFL,Disease,F,61,,,NAFL,NA
SRR13797153,GSE167523,NAFL,Disease,F,54,,,NAFL,NA
SRR13797154,GSE167523,NAFL,Disease,M,36,,,NAFL,NA
SRR13797155,GSE167523,NAFL,Disease,M,59,,,NAFL,NA
SRR13797156,GSE167523,NAFL,Disease,M,30,,,NAFL,NA
SRR13797157,GSE167523,NAFL,Disease,M,37,,,NAFL,NA
SRR13797158,GSE167523,NAFL,Disease,M,46,,,NAFL,NA
SRR13797159,GSE167523,NAFL,Disease,M,51,,,NAFL,NA
SRR13797160,GSE167523,NAFL,Disease,M,40,,,NAFL,NA
SRR13797161,GSE167523,NAFL,Disease,M,53,,,NAFL,NA
SRR13797162,GSE167523,NAFL,Disease,M,47,,,NAFL,NA
SRR13797163,GSE167523,NAFL,Disease,M,71,,,NAFL,NA
SRR13797164,GSE167523,NAFL,Disease,M,58,,,NAFL,NA
SRR13797165,GSE167523,NAFL,Disease,M,62,,,NAFL,NA
SRR13797166,GSE167523,NAFL,Disease,M,47,,,NAFL,NA
SRR13797167,GSE167523,NAFL,Disease,M,49,,,NAFL,NA
SRR13797168,GSE167523,NAFL,Disease,M,45,,,NAFL,NA
SRR13797169,GSE167523,NAFL,Disease,F,64,,,NAFL,NA
SRR13797170,GSE167523,NAFL,Disease,F,30,,,NAFL,NA
SRR13797171,GSE167523,NAFL,Disease,M,43,,,NAFL,NA
SRR13797172,GSE167523,NAFL,Disease,M,45,,,NAFL,NA
SRR13797173,GSE167523,NAFL,Disease,F,73,,,NAFL,NA
SRR13797174,GSE167523,NAFL,Disease,M,47,,,NAFL,NA
SRR13797175,GSE167523,NAFL,Disease,M,57,,,NAFL,NA
SRR13797176,GSE167523,NAFL,Disease,M,24,,,NAFL,NA
SRR13797177,GSE167523,NAFL,Disease,M,56,,,NAFL,NA
SRR13797178,GSE167523,NAFL,Disease,M,64,,,NAFL,NA
SRR13797179,GSE167523,NASH,Disease,F,70,,,NASH,NA
SRR13797180,GSE167523,NASH,Disease,F,62,,,NASH,NA
SRR13797181,GSE167523,NASH,Disease,M,40,,,NASH,NA
SRR13797182,GSE167523,NASH,Disease,M,49,,,NASH,NA
SRR13797183,GSE167523,NASH,Disease,F,63,,,NASH,NA
SRR13797184,GSE167523,NAFL,Disease,F,58,,,NAFL,NA
SRR13797185,GSE167523,NASH,Disease,F,78,,,NASH,NA
SRR13797186,GSE167523,NASH,Disease,F,66,,,NASH,NA
SRR13797187,GSE167523,NASH,Disease,F,69,,,NASH,NA
SRR13797188,GSE167523,NASH,Disease,F,67,,,NASH,NA
SRR13797189,GSE167523,NAFL,Disease,F,46,,,NAFL,NA
SRR13797190,GSE167523,NASH,Disease,M,63,,,NASH,NA
SRR13797191,GSE167523,NASH,Disease,F,50,,,NASH,NA
SRR13797192,GSE167523,NASH,Disease,F,66,,,NASH,NA
SRR13797193,GSE167523,NASH,Disease,F,77,,,NASH,NA
SRR13797194,GSE167523,NASH,Disease,F,46,,,NASH,NA
SRR13797195,GSE167523,NASH,Disease,M,66,,,NASH,NA
SRR13797196,GSE167523,NASH,Disease,M,74,,,NASH,NA
SRR13797197,GSE167523,NASH,Disease,F,60,,,NASH,NA
SRR13797198,GSE167523,NASH,Disease,M,48,,,NASH,NA
SRR13797199,GSE167523,NASH,Disease,M,47,,,NASH,NA
SRR13797200,GSE167523,NAFL,Disease,M,49,,,NAFL,NA
SRR13797201,GSE167523,NAFL,Disease,M,64,,,NAFL,NA
SRR13797202,GSE167523,NASH,Disease,M,45,,,NASH,NA
SRR13797203,GSE167523,NASH,Disease,F,74,,,NASH,NA
SRR13797204,GSE167523,NAFL,Disease,M,66,,,NAFL,NA
SRR13797205,GSE167523,NASH,Disease,M,62,,,NASH,NA
SRR13797206,GSE167523,NASH,Disease,F,63,,,NASH,NA
SRR13797207,GSE167523,NASH,Disease,M,50,,,NASH,NA
SRR13797208,GSE167523,NASH,Disease,M,31,,,NASH,NA
SRR13797209,GSE167523,NASH,Disease,F,63,,,NASH,NA
SRR13797210,GSE167523,NASH,Disease,F,53,,,NASH,NA
SRR13797211,GSE167523,NASH,Disease,M,71,,,NASH,NA
SRR13797212,GSE167523,NASH,Disease,M,44,,,NASH,NA
SRR13797213,GSE167523,NASH,Disease,M,81,,,NASH,NA
SRR13797214,GSE167523,NAFL,Disease,M,55,,,NAFL,NA
SRR13797215,GSE167523,NASH,Disease,F,62,,,NASH,NA
SRR13797216,GSE167523,NASH,Disease,M,56,,,NASH,NA
SRR13797217,GSE167523,NASH,Disease,F,62,,,NASH,NA
SRR13797218,GSE167523,NASH,Disease,F,69,,,NASH,NA
SRR13797219,GSE167523,NASH,Disease,F,67,,,NASH,NA
SRR13797220,GSE167523,NASH,Disease,M,63,,,NASH,NA
SRR13797221,GSE167523,NASH,Disease,F,54,,,NASH,NA
SRR13797222,GSE167523,NASH,Disease,M,19,,,NASH,NA
SRR13797223,GSE167523,NASH,Disease,M,18,,,NASH,NA
SRR13797224,GSE167523,NASH,Disease,F,45,,,NASH,NA
SRR13797225,GSE167523,NASH,Disease,M,48,,,NASH,NA
SRR13797226,GSE167523,NASH,Disease,F,76,,,NASH,NA
SRR13797227,GSE167523,NASH,Disease,F,65,,,NASH,NA
SRR13797228,GSE167523,NASH,Disease,F,61,,,NASH,NA
SRR13797229,GSE167523,NASH,Disease,M,67,,,NASH,NA
SRR8378432,PRJNA512027,Control,Control,M,46,,,Control,PRJNA512027_L0
SRR8378433,PRJNA512027,Control,Control,F,54,,,Control,PRJNA512027_L0
SRR8378434,PRJNA512027,Control,Control,F,54,,,Control,PRJNA512027_L0
SRR8378435,PRJNA512027,Control,Control,F,48,,,Control,PRJNA512027_L0
SRR8378436,PRJNA512027,Control,Control,F,46,,,Control,PRJNA512027_L0
SRR8378437,PRJNA512027,NASH,Disease,F,32,,,NASH,PRJNA512027_S0
SRR8378438,PRJNA512027,NASH,Disease,M,41,,,NASH,PRJNA512027_S0
SRR8378439,PRJNA512027,NASH,Disease,F,36,,,NASH,PRJNA512027_S0
SRR8378440,PRJNA512027,NASH,Disease,F,62,,,NASH,PRJNA512027_S0
SRR8378441,PRJNA512027,NASH,Disease,F,55,,,NASH,PRJNA512027_S0
SRR8378442,PRJNA512027,NASH,Disease,F,50,,,NASH,PRJNA512027_S0
SRR8378443,PRJNA512027,NASH,Disease,F,57,,,NASH,PRJNA512027_S0
SRR8378444,PRJNA512027,NASH,Disease,F,68,,,NASH,PRJNA512027_S0
SRR8378445,PRJNA512027,NASH,Disease,F,33,,,NASH,PRJNA512027_S0
SRR8378446,PRJNA512027,NASH,Disease,F,46,,,NASH,PRJNA512027_S0
SRR8378447,PRJNA512027,NASH_Fibrosis,Disease,F,54,3,,NASH,PRJNA512027_S0
SRR8378448,PRJNA512027,NASH_Fibrosis,Disease,F,41,3,,NASH,PRJNA512027_S0
SRR8378449,PRJNA512027,NASH_Fibrosis,Disease,F,54,3,,NASH,PRJNA512027_S0
SRR8378450,PRJNA512027,NASH_Fibrosis,Disease,M,60,3,,NASH,PRJNA512027_S0
SRR8378452,PRJNA512027,Control,Control,F,47,,,Control,PRJNA512027_L0
SRR8378453,PRJNA512027,NASH_Fibrosis,Disease,F,43,3,,NASH,PRJNA512027_S0
SRR8378454,PRJNA512027,NASH_Fibrosis,Disease,F,61,3,,NASH,PRJNA512027_S0
SRR8378455,PRJNA512027,NASH_Fibrosis,Disease,F,38,3,,NASH,PRJNA512027_S0
SRR8378456,PRJNA512027,NASH_Fibrosis,Disease,F,50,3,,NASH,PRJNA512027_S0
SRR8378457,PRJNA512027,NASH,Disease,F,34,,,NASH,PRJNA512027_S0
SRR8378458,PRJNA512027,NASH,Disease,F,50,,,NASH,PRJNA512027_S0
SRR8378459,PRJNA512027,NASH,Disease,M,39,,,NASH,PRJNA512027_S0
SRR8378460,PRJNA512027,NASH,Disease,M,33,,,NASH,PRJNA512027_S0
SRR8378461,PRJNA512027,NAFL,Disease,F,50,,,NAFL,PRJNA512027_S0
SRR8378462,PRJNA512027,NASH,Disease,F,51,,,NASH,PRJNA512027_S0
SRR8378463,PRJNA512027,NASH,Disease,F,53,,,NASH,PRJNA512027_S0
SRR8378464,PRJNA512027,NASH,Disease,M,35,,,NASH,PRJNA512027_S0
SRR8378465,PRJNA512027,NAFL,Disease,F,37,,,NAFL,PRJNA512027_S0
SRR8378466,PRJNA512027,NAFL,Disease,F,42,,,NAFL,PRJNA512027_S0
SRR8378467,PRJNA512027,Control,Control,F,27,,,Control,PRJNA512027_L0
SRR8378468,PRJNA512027,Control,Control,F,48,,,Control,PRJNA512027_L0
SRR8378469,PRJNA512027,Control,Control,F,55,,,Control,PRJNA512027_L0
SRR8378470,PRJNA512027,Control,Control,F,48,,,Control,PRJNA512027_L0
SRR8378471,PRJNA512027,Control,Control,F,39,,,Control,PRJNA512027_L0
SRR8378472,PRJNA512027,Control,Control,F,35,,,Control,PRJNA512027_L0
SRR8378473,PRJNA512027,Control,Control,M,67,,,Control,PRJNA512027_L0
SRR8378474,PRJNA512027,Control,Control,F,40,,,Control,PRJNA512027_L0
SRR8378475,PRJNA512027,Control,Control,F,48,,,Control,PRJNA512027_L0
SRR8378476,PRJNA512027,Control,Control,F,32,,,Control,PRJNA512027_L0
SRR8378477,PRJNA512027,NASH,Disease,M,45,,,NASH,PRJNA512027_S0
SRR8378478,PRJNA512027,NASH,Disease,F,34,,,NASH,PRJNA512027_S0
SRR8378479,PRJNA512027,NASH,Disease,F,54,,,NASH,PRJNA512027_S0
SRR8378480,PRJNA512027,NASH,Disease,F,23,,,NASH,PRJNA512027_S0
SRR8378482,PRJNA512027,NASH,Disease,M,37,,,NASH,PRJNA512027_S0
SRR8378483,PRJNA512027,NASH,Disease,F,35,,,NASH,PRJNA512027_S0
SRR8378484,PRJNA512027,NASH,Disease,M,34,,,NASH,PRJNA512027_S0
SRR8378485,PRJNA512027,NASH,Disease,F,47,,,NASH,PRJNA512027_S0
SRR8378486,PRJNA512027,NASH,Disease,F,38,,,NASH,PRJNA512027_S0
SRR8378487,PRJNA512027,NAFL,Disease,F,60,,,NAFL,PRJNA512027_L0
SRR8378488,PRJNA512027,NAFL,Disease,M,30,,,NAFL,PRJNA512027_L0
SRR8378489,PRJNA512027,Control,Control,F,44,,,Control,PRJNA512027_L0
SRR8378490,PRJNA512027,Control,Control,F,53,,,Control,PRJNA512027_L0
SRR8378491,PRJNA512027,NAFL,Disease,M,46,,,NAFL,PRJNA512027_L0
SRR8378492,PRJNA512027,NAFL,Disease,F,34,,,NAFL,PRJNA512027_L0
SRR8378493,PRJNA512027,NAFL,Disease,F,40,,,NAFL,PRJNA512027_L0
SRR8378494,PRJNA512027,NAFL,Disease,F,56,,,NAFL,PRJNA512027_L0
SRR8378495,PRJNA512027,NASH,Disease,F,33,,,NASH,PRJNA512027_S0
SRR8378496,PRJNA512027,NASH,Disease,F,65,,,NASH,PRJNA512027_S0
SRR8378497,PRJNA512027,NASH,Disease,F,27,,,NASH,PRJNA512027_S0
SRR8378498,PRJNA512027,NASH,Disease,F,39,,,NASH,PRJNA512027_S0
SRR8378499,PRJNA512027,NASH,Disease,F,50,,,NASH,PRJNA512027_S0
SRR8378500,PRJNA512027,NASH,Disease,F,45,,,NASH,PRJNA512027_S0
SRR8378501,PRJNA512027,NASH,Disease,F,32,,,NASH,PRJNA512027_S0
SRR8378502,PRJNA512027,NASH,Disease,F,39,,,NASH,PRJNA512027_S0
SRR8378503,PRJNA512027,NASH,Disease,F,28,,,NASH,PRJNA512027_S0
SRR8378504,PRJNA512027,NASH,Disease,F,33,,,NASH,PRJNA512027_S0
SRR8378505,PRJNA512027,NASH_Fibrosis,Disease,F,47,3,,NASH,PRJNA512027_S0
SRR8378506,PRJNA512027,NASH_Fibrosis,Disease,F,58,3,,NASH,PRJNA512027_S0
SRR8378507,PRJNA512027,NASH_Fibrosis,Disease,F,47,3,,NASH,PRJNA512027_S0
SRR8378508,PRJNA512027,NASH_Fibrosis,Disease,F,67,4,,NASH,PRJNA512027_S0
SRR8378509,PRJNA512027,NASH_Fibrosis,Disease,F,30,3,,NASH,PRJNA512027_S0
SRR8378510,PRJNA512027,NASH_Fibrosis,Disease,F,49,3,,NASH,PRJNA512027_S0
SRR8378511,PRJNA512027,NASH_Fibrosis,Disease,M,61,3,,NASH,PRJNA512027_S0
SRR8378512,PRJNA512027,NASH_Fibrosis,Disease,F,59,3,,NASH,PRJNA512027_S0
SRR8378513,PRJNA512027,NASH_Fibrosis,Disease,F,53,4,,NASH,PRJNA512027_S0
SRR8378514,PRJNA512027,NASH_Fibrosis,Disease,F,62,4,,NASH,PRJNA512027_S0
SRR8378515,PRJNA512027,NASH_Fibrosis,Disease,M,53,4,,NASH,PRJNA512027_S0
SRR8378516,PRJNA512027,NASH_Fibrosis,Disease,F,69,4,,NASH,PRJNA512027_S0
SRR8378517,PRJNA512027,NASH_Fibrosis,Disease,M,49,4,,NASH,PRJNA512027_S0
SRR8378518,PRJNA512027,NASH_Fibrosis,Disease,M,53,4,,NASH,PRJNA512027_S0
SRR8378519,PRJNA512027,NASH_Fibrosis,Disease,F,28,3,,NASH,PRJNA512027_S0
SRR8378520,PRJNA512027,NASH_Fibrosis,Disease,F,54,3,,NASH,PRJNA512027_S0
SRR8378521,PRJNA512027,NASH_Fibrosis,Disease,F,56,4,,NASH,PRJNA512027_S0
SRR8378522,PRJNA512027,NASH_Fibrosis,Disease,F,47,3,,NASH,PRJNA512027_S0
SRR8378523,PRJNA512027,NASH_Fibrosis,Disease,M,42,3,,NASH,PRJNA512027_S0
SRR8378524,PRJNA512027,NASH_Fibrosis,Disease,F,57,3,,NASH,PRJNA512027_S0
SRR8378525,PRJNA512027,NAFL,Disease,F,52,,,NAFL,PRJNA512027_S0
SRR8378526,PRJNA512027,NAFL,Disease,M,28,,,NAFL,PRJNA512027_S0
SRR8378527,PRJNA512027,NAFL,Disease,F,49,,,NAFL,PRJNA512027_S0
SRR8378528,PRJNA512027,NAFL,Disease,M,24,,,NAFL,PRJNA512027_S0
SRR8378529,PRJNA512027,NASH_Fibrosis,Disease,M,21,3,,NASH,PRJNA512027_S0
SRR8378530,PRJNA512027,NAFL,Disease,F,60,,,NAFL,PRJNA512027_S0
SRR8378531,PRJNA512027,NAFL,Disease,F,49,,,NAFL,PRJNA512027_S0
SRR8378532,PRJNA512027,NAFL,Disease,M,59,,,NAFL,PRJNA512027_S0
SRR8378533,PRJNA512027,NAFL,Disease,F,27,,,NAFL,PRJNA512027_S0
SRR8378534,PRJNA512027,NAFL,Disease,F,24,,,NAFL,PRJNA512027_S0
SRR8378535,PRJNA512027,Control,Control,F,55,,,Control,PRJNA512027_L0
SRR8378536,PRJNA512027,Control,Control,F,52,,,Control,PRJNA512027_L0
SRR8378537,PRJNA512027,NAFL,Disease,F,54,,,NAFL,PRJNA512027_L0
SRR8378538,PRJNA512027,NAFL,Disease,F,38,,,NAFL,PRJNA512027_L0
SRR8378539,PRJNA512027,NAFL,Disease,M,39,,,NAFL,PRJNA512027_L0
SRR8378540,PRJNA512027,NAFL,Disease,M,57,,,NAFL,PRJNA512027_L0
SRR8378541,PRJNA512027,NAFL,Disease,F,44,,,NAFL,PRJNA512027_L0
SRR8378542,PRJNA512027,NAFL,Disease,F,56,,,NAFL,PRJNA512027_L0
SRR8378543,PRJNA512027,Control,Control,F,63,,,Control,PRJNA512027_L0
SRR8378544,PRJNA512027,Control,Control,F,27,,,Control,PRJNA512027_L0
SRR8378545,PRJNA512027,NAFL,Disease,F,57,,,NAFL,PRJNA512027_L0
SRR8378546,PRJNA512027,NAFL,Disease,F,29,,,NAFL,PRJNA512027_L0
SRR8378548,PRJNA512027,NAFL,Disease,F,53,,,NAFL,PRJNA512027_L0
SRR8378549,PRJNA512027,NAFL,Disease,F,36,,,NAFL,PRJNA512027_L0
SRR8378550,PRJNA512027,NAFL,Disease,F,27,,,NAFL,PRJNA512027_L0
SRR8378551,PRJNA512027,NAFL,Disease,F,64,,,NAFL,PRJNA512027_L0
SRR8378552,PRJNA512027,NAFL,Disease,M,46,,,NAFL,PRJNA512027_L0
SRR8378553,PRJNA512027,NAFL,Disease,F,38,,,NAFL,PRJNA512027_L0
SRR8378554,PRJNA512027,NAFL,Disease,F,30,,,NAFL,PRJNA512027_L0
SRR8378555,PRJNA512027,NASH_Fibrosis,Disease,F,51,3,,NASH,PRJNA512027_S0
SRR8378556,PRJNA512027,NASH_Fibrosis,Disease,F,48,3,,NASH,PRJNA512027_S0
SRR8378558,PRJNA512027,NASH_Fibrosis,Disease,M,32,3,,NASH,PRJNA512027_S0
SRR8378559,PRJNA512027,NASH_Fibrosis,Disease,F,45,3,,NASH,PRJNA512027_S0
SRR8378561,PRJNA512027,NASH_Fibrosis,Disease,F,46,3,,NASH,PRJNA512027_S0
SRR8378562,PRJNA512027,NASH_Fibrosis,Disease,M,62,3,,NASH,PRJNA512027_S0
SRR8378563,PRJNA512027,NASH_Fibrosis,Disease,M,32,3,,NASH,PRJNA512027_S0
SRR8378564,PRJNA512027,NASH_Fibrosis,Disease,F,36,3,,NASH,PRJNA512027_S0
SRR8378565,PRJNA512027,NAFL,Disease,F,53,,,NAFL,PRJNA512027_S0
SRR8378566,PRJNA512027,NAFL,Disease,F,36,,,NAFL,PRJNA512027_S0
SRR8378567,PRJNA512027,NAFL,Disease,F,55,,,NAFL,PRJNA512027_L0
SRR8378568,PRJNA512027,NAFL,Disease,F,45,,,NAFL,PRJNA512027_L0
SRR8378569,PRJNA512027,NAFL,Disease,F,49,,,NAFL,PRJNA512027_L0
SRR8378570,PRJNA512027,NAFL,Disease,M,34,,,NAFL,PRJNA512027_L0
SRR8378571,PRJNA512027,NAFL,Disease,F,42,,,NAFL,PRJNA512027_L0
SRR8378572,PRJNA512027,NAFL,Disease,F,60,,,NAFL,PRJNA512027_L0
SRR8378573,PRJNA512027,NAFL,Disease,F,39,,,NAFL,PRJNA512027_L0
SRR8378574,PRJNA512027,NAFL,Disease,F,36,,,NAFL,PRJNA512027_L0
SRR8378575,PRJNA512027,NAFL,Disease,F,48,,,NAFL,PRJNA512027_L0
SRR8378576,PRJNA512027,NAFL,Disease,M,25,,,NAFL,PRJNA512027_L0
SRR8378577,PRJNA512027,NAFL,Disease,M,53,,,NAFL,PRJNA512027_L0
SRR8378578,PRJNA512027,NAFL,Disease,F,54,,,NAFL,PRJNA512027_L0
SRR8378579,PRJNA512027,Control,Control,F,29,,,Control,PRJNA512027_L0
SRR8378580,PRJNA512027,Control,Control,M,30,,,Control,PRJNA512027_L0
SRR8378581,PRJNA512027,Control,Control,F,48,,,Control,PRJNA512027_L0
SRR8378582,PRJNA512027,Control,Control,F,50,,,Control,PRJNA512027_L0
SRR8378583,PRJNA512027,Control,Control,F,37,,,Control,PRJNA512027_L0
SRR8378584,PRJNA512027,Control,Control,M,41,,,Control,PRJNA512027_L0
SRR8378585,PRJNA512027,Control,Control,F,35,,,Control,PRJNA512027_L0
SRR8378586,PRJNA512027,Control,Control,F,48,,,Control,PRJNA512027_L0
SRR8378587,PRJNA512027,Control,Control,M,37,,,Control,PRJNA512027_L0
SRR8378588,PRJNA512027,Control,Control,F,47,,,Control,PRJNA512027_L0
SRR8378589,PRJNA512027,Control,Control,F,47,,,Control,PRJNA512027_L0
SRR8378590,PRJNA512027,Control,Control,F,55,,,Control,PRJNA512027_L0
SRR8378591,PRJNA512027,NAFL,Disease,F,46,,,NAFL,PRJNA512027_L0
SRR8378592,PRJNA512027,NAFL,Disease,F,51,,,NAFL,PRJNA512027_L0
SRR8378593,PRJNA512027,NASH,Disease,F,20,,,NASH,PRJNA512027_S0
SRR8378594,PRJNA512027,NASH,Disease,F,48,,,NASH,PRJNA512027_S0
SRR8378595,PRJNA512027,NASH,Disease,F,34,,,NASH,PRJNA512027_S0
SRR8378596,PRJNA512027,NASH,Disease,M,56,,,NASH,PRJNA512027_S0
SRR8378597,PRJNA512027,NASH,Disease,F,58,,,NASH,PRJNA512027_S0
SRR8378598,PRJNA512027,NASH,Disease,F,58,,,NASH,PRJNA512027_S0
SRR8378599,PRJNA512027,NASH,Disease,F,51,,,NASH,PRJNA512027_S0
SRR8378600,PRJNA512027,NASH,Disease,F,34,,,NASH,PRJNA512027_S0
SRR8378601,PRJNA512027,NASH,Disease,F,65,,,NASH,PRJNA512027_S0
SRR8378602,PRJNA512027,NASH,Disease,F,67,,,NASH,PRJNA512027_S0
SRR8378603,PRJNA512027,NASH,Disease,F,65,,,NASH,PRJNA512027_S0
SRR8378604,PRJNA512027,NASH,Disease,F,27,,,NASH,PRJNA512027_S0
SRR8378605,PRJNA512027,NASH_Fibrosis,Disease,F,36,3,,NASH,PRJNA512027_S0
SRR8378606,PRJNA512027,NASH_Fibrosis,Disease,M,51,3,,NASH,PRJNA512027_S0
SRR8378607,PRJNA512027,NASH_Fibrosis,Disease,M,51,3,,NASH,PRJNA512027_S0
SRR8378608,PRJNA512027,NASH_Fibrosis,Disease,F,48,3,,NASH,PRJNA512027_S0
SRR8378609,PRJNA512027,NASH,Disease,F,45,,,NASH,PRJNA512027_S0
SRR8378610,PRJNA512027,NASH,Disease,F,63,,,NASH,PRJNA512027_S0
SRR8378612,PRJNA512027,NASH,Disease,F,24,,,NASH,PRJNA512027_S0
SRR8378613,PRJNA512027,NASH_Fibrosis,Disease,F,55,4,,NASH,PRJNA512027_S0
SRR8378614,PRJNA512027,NASH_Fibrosis,Disease,F,50,4,,NASH,PRJNA512027_S0
SRR8378615,PRJNA512027,NASH_Fibrosis,Disease,F,63,4,,NASH,PRJNA512027_S0
SRR8378616,PRJNA512027,NASH_Fibrosis,Disease,M,44,4,,NASH,PRJNA512027_S0
SRR8378617,PRJNA512027,NASH_Fibrosis,Disease,F,32,4,,NASH,PRJNA512027_S0
SRR8378618,PRJNA512027,NASH_Fibrosis,Disease,F,49,4,,NASH,PRJNA512027_S0
SRR8378619,PRJNA512027,NASH_Fibrosis,Disease,F,57,4,,NASH,PRJNA512027_S0
SRR8378620,PRJNA512027,NASH_Fibrosis,Disease,F,41,4,,NASH,PRJNA512027_S0
SRR8378621,PRJNA512027,NASH_Fibrosis,Disease,F,55,4,,NASH,PRJNA512027_S0
SRR8378622,PRJNA512027,NASH_Fibrosis,Disease,F,60,4,,NASH,PRJNA512027_S0
SRR9882956,GSE135251,NASH,Disease,,,2,4,Borderline,NA
SRR9882957,GSE135251,NASH_Fibrosis,Disease,,,3,7,NASH,NA
SRR9882958,GSE135251,NASH,Disease,,,2,7,NASH,NA
SRR9882959,GSE135251,NASH_Fibrosis,Disease,,,3,6,NASH,NA
SRR9882960,GSE135251,NASH,Disease,,,0,5,NASH,NA
SRR9882961,GSE135251,NASH,Disease,,,1,5,NASH,NA
SRR9882962,GSE135251,NASH_Fibrosis,Disease,,,3,6,NASH,NA
SRR9882963,GSE135251,NASH,Disease,,,2,6,NASH,NA
SRR9882964,GSE135251,NAFL,Disease,,,0,2,NAFL,NA
SRR9882965,GSE135251,NASH,Disease,,,2,5,NASH,NA
SRR9882966,GSE135251,NAFL,Disease,,,1,1,NAFL,NA
SRR9882967,GSE135251,NASH,Disease,,,2,5,NASH,NA
SRR9882968,GSE135251,NASH_Fibrosis,Disease,,,3,8,NASH,NA
SRR9882969,GSE135251,NASH,Disease,,,2,5,NASH,NA
SRR9882970,GSE135251,NASH,Disease,,,1,4,Borderline,NA
SRR9882971,GSE135251,NASH,Disease,,,2,3,Borderline,NA
SRR9882972,GSE135251,NASH,Disease,,,1,6,NASH,NA
SRR9882973,GSE135251,NASH,Disease,,,2,5,NASH,NA
SRR9882974,GSE135251,NASH_Fibrosis,Disease,,,3,6,NASH,NA
SRR9882975,GSE135251,NASH,Disease,,,2,3,Borderline,NA
SRR9882976,GSE135251,NASH,Disease,,,2,8,NASH,NA
SRR9882977,GSE135251,NASH_Fibrosis,Disease,,,3,7,NASH,NA
SRR9882978,GSE135251,NAFL,Disease,,,0,5,NASH,NA
SRR9882979,GSE135251,NASH_Fibrosis,Disease,,,3,6,NASH,NA
SRR9882980,GSE135251,NASH_Fibrosis,Disease,,,4,6,NASH,NA
SRR9882981,GSE135251,NAFL,Disease,,,1,2,NAFL,NA
SRR9882982,GSE135251,NASH_Fibrosis,Disease,,,3,5,NASH,NA
SRR9882983,GSE135251,NAFL,Disease,,,1,3,Borderline,NA
SRR9882984,GSE135251,NASH_Fibrosis,Disease,,,3,5,NASH,NA
SRR9882985,GSE135251,NAFL,Disease,,,1,4,Borderline,NA
SRR9882986,GSE135251,NAFL,Disease,,,1,2,NAFL,NA
SRR9882987,GSE135251,NAFL,Disease,,,1,2,NAFL,NA
SRR9882988,GSE135251,NASH,Disease,,,2,5,NASH,NA
SRR9882989,GSE135251,NASH_Fibrosis,Disease,,,3,4,Borderline,NA
SRR9882990,GSE135251,NASH_Fibrosis,Disease,,,4,8,NASH,NA
SRR9882991,GSE135251,NAFL,Disease,,,0,5,NASH,NA
SRR9882992,GSE135251,NASH_Fibrosis,Disease,,,3,4,Borderline,NA
SRR9882993,GSE135251,NASH,Disease,,,1,6,NASH,NA
SRR9882994,GSE135251,NAFL,Disease,,,1,3,Borderline,NA
SRR9882995,GSE135251,NASH,Disease,,,0,6,NASH,NA
SRR9882996,GSE135251,NASH_Fibrosis,Disease,,,3,6,NASH,NA
SRR9882997,GSE135251,NASH_Fibrosis,Disease,,,4,5,NASH,NA
SRR9882998,GSE135251,NASH_Fibrosis,Disease,,,3,8,NASH,NA
SRR9882999,GSE135251,NASH_Fibrosis,Disease,,,3,5,NASH,NA
SRR9883000,GSE135251,NASH,Disease,,,2,5,NASH,NA
SRR9883001,GSE135251,NASH,Disease,,,1,5,NASH,NA
SRR9883002,GSE135251,NAFL,Disease,,,0,4,Borderline,NA
SRR9883003,GSE135251,NASH_Fibrosis,Disease,,,4,6,NASH,NA
SRR9883004,GSE135251,NASH,Disease,,,2,7,NASH,NA
SRR9883005,GSE135251,Control,Control,,,0,0,Control,NA
SRR9883006,GSE135251,Control,Control,,,0,0,Control,NA
SRR9883007,GSE135251,Control,Control,,,0,0,Control,NA
SRR9883008,GSE135251,NAFL,Disease,,,0,2,NAFL,NA
SRR9883009,GSE135251,Control,Control,,,0,0,Control,NA
SRR9883010,GSE135251,Control,Control,,,0,0,Control,NA
SRR9883011,GSE135251,Control,Control,,,0,0,Control,NA
SRR9883012,GSE135251,Control,Control,,,0,0,Control,NA
SRR9883013,GSE135251,Control,Control,,,1,0,Control,NA
SRR9883014,GSE135251,NASH_Fibrosis,Disease,,,3,6,NASH,NA
SRR9883015,GSE135251,NASH_Fibrosis,Disease,,,4,7,NASH,NA
SRR9883016,GSE135251,NASH_Fibrosis,Disease,,,4,3,Borderline,NA
SRR9883017,GSE135251,NASH,Disease,,,1,7,NASH,NA
SRR9883018,GSE135251,NASH_Fibrosis,Disease,,,3,5,NASH,NA
SRR9883019,GSE135251,NASH_Fibrosis,Disease,,,4,3,Borderline,NA
SRR9883020,GSE135251,NASH,Disease,,,1,3,Borderline,NA
SRR9883021,GSE135251,NAFL,Disease,,,1,1,NAFL,NA
SRR9883022,GSE135251,NASH_Fibrosis,Disease,,,3,4,Borderline,NA
SRR9883023,GSE135251,NASH,Disease,,,1,6,NASH,NA
SRR9883024,GSE135251,NASH,Disease,,,2,4,Borderline,NA
SRR9883025,GSE135251,NAFL,Disease,,,1,3,Borderline,NA
SRR9883026,GSE135251,NASH,Disease,,,2,4,Borderline,NA
SRR9883027,GSE135251,NASH,Disease,,,2,4,Borderline,NA
SRR9883028,GSE135251,NASH_Fibrosis,Disease,,,3,5,NASH,NA
SRR9883029,GSE135251,NASH,Disease,,,2,4,Borderline,NA
SRR9883030,GSE135251,NASH_Fibrosis,Disease,,,3,6,NASH,NA
SRR9883031,GSE135251,NASH_Fibrosis,Disease,,,4,5,NASH,NA
SRR9883032,GSE135251,NASH,Disease,,,2,4,Borderline,NA
SRR9883033,GSE135251,NAFL,Disease,,,0,3,Borderline,NA
SRR9883034,GSE135251,NASH,Disease,,,2,4,Borderline,NA
SRR9883035,GSE135251,NASH,Disease,,,2,5,NASH,NA
SRR9883036,GSE135251,NAFL,Disease,,,0,4,Borderline,NA
SRR9883037,GSE135251,NASH,Disease,,,2,7,NASH,NA
SRR9883038,GSE135251,NAFL,Disease,,,0,2,NAFL,NA
SRR9883039,GSE135251,NASH_Fibrosis,Disease,,,4,5,NASH,NA
SRR9883040,GSE135251,NASH_Fibrosis,Disease,,,3,5,NASH,NA
SRR9883041,GSE135251,NASH,Disease,,,2,4,Borderline,NA
SRR9883042,GSE135251,NASH_Fibrosis,Disease,,,3,8,NASH,NA
SRR9883043,GSE135251,NAFL,Disease,,,0,4,Borderline,NA
SRR9883044,GSE135251,NASH,Disease,,,1,5,NASH,NA
SRR9883045,GSE135251,NASH,Disease,,,2,6,NASH,NA
SRR9883046,GSE135251,NASH,Disease,,,2,7,NASH,NA
SRR9883047,GSE135251,NASH_Fibrosis,Disease,,,4,2,NAFL,NA
SRR9883048,GSE135251,NASH,Disease,,,2,6,NASH,NA
SRR9883049,GSE135251,NASH,Disease,,,2,3,Borderline,NA
SRR9883050,GSE135251,NASH_Fibrosis,Disease,,,3,7,NASH,NA
SRR9883051,GSE135251,NASH_Fibrosis,Disease,,,3,4,Borderline,NA
SRR9883052,GSE135251,NASH,Disease,,,2,6,NASH,NA
SRR9883053,GSE135251,NASH,Disease,,,2,6,NASH,NA
SRR9883054,GSE135251,NASH_Fibrosis,Disease,,,3,3,Borderline,NA
SRR9883055,GSE135251,NASH,Disease,,,0,3,Borderline,NA
SRR9883056,GSE135251,NAFL,Disease,,,0,2,NAFL,NA
SRR9883057,GSE135251,NASH_Fibrosis,Disease,,,3,5,NASH,NA
SRR9883058,GSE135251,NASH,Disease,,,2,5,NASH,NA
SRR9883059,GSE135251,NAFL,Disease,,,0,4,Borderline,NA
SRR9883060,GSE135251,NASH,Disease,,,1,6,NASH,NA
SRR9883061,GSE135251,NAFL,Disease,,,0,3,Borderline,NA
SRR9883062,GSE135251,NASH,Disease,,,1,6,NASH,NA
SRR9883063,GSE135251,NASH_Fibrosis,Disease,,,3,6,NASH,NA
SRR9883064,GSE135251,NASH_Fibrosis,Disease,,,4,1,NAFL,NA
SRR9883065,GSE135251,NAFL,Disease,,,0,2,NAFL,NA
SRR9883066,GSE135251,NASH,Disease,,,2,4,Borderline,NA
SRR9883067,GSE135251,NASH,Disease,,,2,5,NASH,NA
SRR9883068,GSE135251,NAFL,Disease,,,1,2,NAFL,NA
SRR9883069,GSE135251,NASH_Fibrosis,Disease,,,3,5,NASH,NA
SRR9883070,GSE135251,NAFL,Disease,,,0,1,NAFL,NA
SRR9883071,GSE135251,NASH_Fibrosis,Disease,,,3,5,NASH,NA
SRR9883072,GSE135251,NAFL,Disease,,,1,2,NAFL,NA
SRR9883073,GSE135251,NASH,Disease,,,2,4,Borderline,NA
SRR9883074,GSE135251,NASH_Fibrosis,Disease,,,4,4,Borderline,NA
SRR9883075,GSE135251,NAFL,Disease,,,0,2,NAFL,NA
SRR9883076,GSE135251,NASH,Disease,,,2,4,Borderline,NA
SRR9883077,GSE135251,NAFL,Disease,,,0,2,NAFL,NA
SRR9883078,GSE135251,NAFL,Disease,,,0,3,Borderline,NA
SRR9883079,GSE135251,NAFL,Disease,,,0,4,Borderline,NA
SRR9883080,GSE135251,NASH,Disease,,,1,6,NASH,NA
SRR9883081,GSE135251,NASH,Disease,,,1,6,NASH,NA
SRR9883082,GSE135251,NAFL,Disease,,,0,3,Borderline,NA
SRR9883083,GSE135251,NAFL,Disease,,,1,2,NAFL,NA
SRR9883084,GSE135251,NAFL,Disease,,,1,3,Borderline,NA
SRR9883085,GSE135251,NASH,Disease,,,1,3,Borderline,NA
SRR9883086,GSE135251,NASH,Disease,,,2,5,NASH,NA
SRR9883087,GSE135251,NASH_Fibrosis,Disease,,,3,5,NASH,NA
SRR9883088,GSE135251,NASH,Disease,,,2,4,Borderline,NA
SRR9883089,GSE135251,NASH,Disease,,,1,5,NASH,NA
SRR9883090,GSE135251,NASH_Fibrosis,Disease,,,3,4,Borderline,NA
SRR9883091,GSE135251,NAFL,Disease,,,1,3,Borderline,NA
SRR9883092,GSE135251,NAFL,Disease,,,0,1,NAFL,NA
SRR9883093,GSE135251,NAFL,Disease,,,0,2,NAFL,NA
SRR9883094,GSE135251,NAFL,Disease,,,0,1,NAFL,NA
SRR9883095,GSE135251,NASH,Disease,,,1,3,Borderline,NA
SRR9883096,GSE135251,NAFL,Disease,,,0,1,NAFL,NA
SRR9883097,GSE135251,NASH_Fibrosis,Disease,,,3,7,NASH,NA
SRR9883098,GSE135251,NASH_Fibrosis,Disease,,,3,5,NASH,NA
SRR9883099,GSE135251,NAFL,Disease,,,1,1,NAFL,NA
SRR9883100,GSE135251,NASH,Disease,,,1,3,Borderline,NA
SRR9883101,GSE135251,NASH,Disease,,,2,6,NASH,NA
SRR9883102,GSE135251,NASH,Disease,,,2,7,NASH,NA
SRR9883103,GSE135251,NASH_Fibrosis,Disease,,,3,8,NASH,NA
SRR9883104,GSE135251,NASH,Disease,,,1,5,NASH,NA
SRR9883105,GSE135251,NASH,Disease,,,1,4,Borderline,NA
SRR9883106,GSE135251,NASH,Disease,,,1,5,NASH,NA
SRR9883107,GSE135251,NASH,Disease,,,2,6,NASH,NA
SRR9883108,GSE135251,NASH_Fibrosis,Disease,,,3,4,Borderline,NA
SRR9883109,GSE135251,NASH,Disease,,,1,6,NASH,NA
SRR9883110,GSE135251,NASH,Disease,,,0,4,Borderline,NA
SRR9883111,GSE135251,NASH_Fibrosis,Disease,,,3,5,NASH,NA
SRR9883112,GSE135251,NAFL,Disease,,,0,4,Borderline,NA
SRR9883113,GSE135251,NASH_Fibrosis,Disease,,,3,7,NASH,NA
SRR9883114,GSE135251,NAFL,Disease,,,0,4,Borderline,NA
SRR9883115,GSE135251,NAFL,Disease,,,0,2,NAFL,NA
SRR9883116,GSE135251,NASH_Fibrosis,Disease,,,3,7,NASH,NA
SRR9883117,GSE135251,NASH_Fibrosis,Disease,,,3,6,NASH,NA
SRR9883118,GSE135251,NASH_Fibrosis,Disease,,,3,7,NASH,NA
SRR9883119,GSE135251,NASH_Fibrosis,Disease,,,3,4,Borderline,NA
SRR9883120,GSE135251,NASH,Disease,,,1,3,Borderline,NA
SRR9883121,GSE135251,NASH_Fibrosis,Disease,,,4,8,NASH,NA
SRR9883122,GSE135251,NASH_Fibrosis,Disease,,,3,5,NASH,NA
SRR9883123,GSE135251,NASH_Fibrosis,Disease,,,3,3,Borderline,NA
SRR9883124,GSE135251,NASH,Disease,,,2,4,Borderline,NA
SRR9883125,GSE135251,NAFL,Disease,,,0,2,NAFL,NA
SRR9883126,GSE135251,NASH,Disease,,,2,5,NASH,NA
SRR9883127,GSE135251,NASH_Fibrosis,Disease,,,3,4,Borderline,NA
SRR9883128,GSE135251,NASH,Disease,,,0,4,Borderline,NA
SRR9883129,GSE135251,NASH_Fibrosis,Disease,,,3,3,Borderline,NA
SRR9883130,GSE135251,Control,Control,,,2,0,Control,NA
SRR9883131,GSE135251,Control,Control,,,0,0,Control,NA
SRR9883132,GSE135251,NASH,Disease,,,2,5,NASH,NA
SRR9883133,GSE135251,NAFL,Disease,,,1,1,NAFL,NA
SRR9883134,GSE135251,NAFL,Disease,,,0,2,NAFL,NA
SRR9883135,GSE135251,NAFL,Disease,,,0,2,NAFL,NA
SRR9883136,GSE135251,NASH,Disease,,,2,6,NASH,NA
SRR9883137,GSE135251,NASH,Disease,,,2,6,NASH,NA
SRR9883138,GSE135251,NAFL,Disease,,,0,1,NAFL,NA
SRR9883139,GSE135251,NASH,Disease,,,2,6,NASH,NA
SRR9883140,GSE135251,NASH,Disease,,,1,4,Borderline,NA
SRR9883141,GSE135251,NAFL,Disease,,,1,3,Borderline,NA
SRR9883142,GSE135251,NAFL,Disease,,,0,2,NAFL,NA
SRR9883143,GSE135251,NASH_Fibrosis,Disease,,,3,6,NASH,NA
SRR9883144,GSE135251,NASH,Disease,,,2,7,NASH,NA
SRR9883145,GSE135251,NASH,Disease,,,2,5,NASH,NA
SRR9883146,GSE135251,NASH,Disease,,,1,6,NASH,NA
SRR9883147,GSE135251,NASH,Disease,,,1,5,NASH,NA
SRR9883148,GSE135251,NASH_Fibrosis,Disease,,,4,5,NASH,NA
SRR9883149,GSE135251,NASH,Disease,,,2,5,NASH,NA
SRR9883150,GSE135251,NAFL,Disease,,,0,1,NAFL,NA
SRR9883151,GSE135251,NASH,Disease,,,2,8,NASH,NA
SRR9883152,GSE135251,NASH,Disease,,,1,5,NASH,NA
SRR9883153,GSE135251,NASH_Fibrosis,Disease,,,3,6,NASH,NA
SRR9883154,GSE135251,NASH_Fibrosis,Disease,,,3,3,Borderline,NA
SRR9883155,GSE135251,NAFL,Disease,,,0,2,NAFL,NA
SRR9883156,GSE135251,NASH,Disease,,,1,5,NASH,NA
SRR9883157,GSE135251,NASH,Disease,,,2,5,NASH,NA
SRR9883158,GSE135251,NASH_Fibrosis,Disease,,,3,6,NASH,NA
SRR9883159,GSE135251,NASH,Disease,,,2,4,Borderline,NA
SRR9883160,GSE135251,NASH,Disease,,,2,6,NASH,NA
SRR9883161,GSE135251,NASH_Fibrosis,Disease,,,3,4,Borderline,NA
SRR9883162,GSE135251,NASH_Fibrosis,Disease,,,3,5,NASH,NA
SRR9883163,GSE135251,NASH_Fibrosis,Disease,,,3,5,NASH,NA
SRR9883164,GSE135251,NASH,Disease,,,1,6,NASH,NA
SRR9883165,GSE135251,NASH,Disease,,,2,7,NASH,NA
SRR9883166,GSE135251,NAFL,Disease,,,1,4,Borderline,NA
SRR9883167,GSE135251,NASH_Fibrosis,Disease,,,3,6,NASH,NA
SRR9883168,GSE135251,NASH_Fibrosis,Disease,,,3,7,NASH,NA
SRR9883169,GSE135251,NASH,Disease,,,1,3,Borderline,NA
SRR9883170,GSE135251,NASH,Disease,,,2,5,NASH,NA
SRR9883171,GSE135251,NASH_Fibrosis,Disease,,,3,7,NASH,NA
SRR9036307,GSE130970,Fibrosis_F2F3,Disease,F,80,3,5,NASH,NA
SRR9036308,GSE130970,Fibrosis_F2F3,Disease,F,48,3,4,Borderline,NA
SRR9036309,GSE130970,Fibrosis_F2F3,Disease,F,65,3,5,NASH,NA
SRR9036310,GSE130970,Fibrosis_F2F3,Disease,F,53,3,5,NASH,NA
SRR9036311,GSE130970,Fibrosis_F2F3,Disease,F,61,3,6,NASH,NA
SRR9036312,GSE130970,Fibrosis_F2F3,Disease,F,46,3,6,NASH,NA
SRR9036313,GSE130970,Fibrosis_F2F3,Disease,F,56,3,5,NASH,NA
SRR9036314,GSE130970,Fibrosis_F2F3,Disease,F,55,3,6,NASH,NA
SRR9036315,GSE130970,Fibrosis_F2F3,Disease,F,60,3,4,Borderline,NA
SRR9036316,GSE130970,Fibrosis_F2F3,Disease,M,56,3,4,Borderline,NA
SRR9036317,GSE130970,Fibrosis_F2F3,Disease,F,64,3,4,Borderline,NA
SRR9036318,GSE130970,Fibrosis_F2F3,Disease,M,45,2,5,NASH,NA
SRR9036319,GSE130970,Fibrosis_F1,Disease,M,43,1,5,NASH,NA
SRR9036320,GSE130970,Fibrosis_F2F3,Disease,F,49,2,5,NASH,NA
SRR9036321,GSE130970,Fibrosis_F2F3,Disease,F,64,2,5,NASH,NA
SRR9036322,GSE130970,Fibrosis_F2F3,Disease,M,41,2,3,Borderline,NA
SRR9036323,GSE130970,Fibrosis_F2F3,Disease,F,36,2,4,Borderline,NA
SRR9036324,GSE130970,Fibrosis_F1,Disease,M,69,1,5,NASH,NA
SRR9036325,GSE130970,Fibrosis_F1,Disease,M,39,1,4,Borderline,NA
SRR9036326,GSE130970,Fibrosis_F2F3,Disease,F,55,2,3,Borderline,NA
SRR9036327,GSE130970,Fibrosis_F1,Disease,F,31,1,3,Borderline,NA
SRR9036328,GSE130970,Fibrosis_F2F3,Disease,F,65,2,3,Borderline,NA
SRR9036329,GSE130970,Fibrosis_F1,Disease,F,48,1,3,Borderline,NA
SRR9036330,GSE130970,Fibrosis_F2F3,Disease,F,53,2,2,NAFL,NA
SRR9036331,GSE130970,Fibrosis_F1,Disease,M,50,1,2,NAFL,NA
SRR9036332,GSE130970,Fibrosis_F2F3,Disease,F,52,2,5,NASH,NA
SRR9036333,GSE130970,Fibrosis_F2F3,Disease,F,64,3,4,Borderline,NA
SRR9036334,GSE130970,Fibrosis_F2F3,Disease,F,70,3,3,Borderline,NA
SRR9036335,GSE130970,Fibrosis_F4,Disease,M,41,4,3,Borderline,NA
SRR9036336,GSE130970,Fibrosis_F4,Disease,F,46,4,5,NASH,NA
SRR9036337,GSE130970,Control,Control,F,47,0,3,Borderline,NA
SRR9036338,GSE130970,Fibrosis_F1,Disease,M,65,1,5,NASH,NA
SRR9036339,GSE130970,Control,Control,M,49,0,3,Borderline,NA
SRR9036340,GSE130970,Fibrosis_F1,Disease,M,40,1,3,Borderline,NA
SRR9036341,GSE130970,Control,Control,M,61,0,1,NAFL,NA
SRR9036342,GSE130970,Fibrosis_F1,Disease,F,53,1,6,NASH,NA
SRR9036343,GSE130970,Control,Control,M,31,0,4,Borderline,NA
SRR9036344,GSE130970,Control,Control,F,38,0,3,Borderline,NA
SRR9036345,GSE130970,Control,Control,F,59,0,3,Borderline,NA
SRR9036346,GSE130970,Control,Control,M,59,0,2,NAFL,NA
SRR9036347,GSE130970,Control,Control,M,34,0,2,NAFL,NA
SRR9036348,GSE130970,Control,Control,M,57,0,4,Borderline,NA
SRR9036349,GSE130970,Control,Control,M,64,0,3,Borderline,NA
SRR9036350,GSE130970,Control,Control,F,43,0,2,NAFL,NA
SRR9036351,GSE130970,Control,Control,F,41,0,4,Borderline,NA
SRR9036352,GSE130970,Control,Control,F,53,0,4,Borderline,NA
SRR9036353,GSE130970,Control,Control,M,37,0,5,NASH,NA
SRR9036354,GSE130970,Control,Control,M,32,0,3,Borderline,NA
SRR9036355,GSE130970,Control,Control,F,60,0,2,NAFL,NA
SRR9036356,GSE130970,Control,Control,F,56,0,2,NAFL,NA
SRR9036357,GSE130970,Control,Control,F,59,0,1,NAFL,NA
SRR9036358,GSE130970,Control,Control,M,51,0,2,NAFL,NA
SRR9036359,GSE130970,Fibrosis_F1,Disease,F,41,1,4,Borderline,NA
SRR9036360,GSE130970,Fibrosis_F1,Disease,F,34,1,4,Borderline,NA
SRR9036361,GSE130970,Fibrosis_F1,Disease,M,44,1,4,Borderline,NA
SRR9036362,GSE130970,Fibrosis_F1,Disease,M,43,1,5,NASH,NA
SRR9036363,GSE130970,Fibrosis_F1,Disease,M,38,1,3,Borderline,NA
SRR9036364,GSE130970,Fibrosis_F1,Disease,M,52,1,4,Borderline,NA
SRR9036365,GSE130970,Fibrosis_F1,Disease,F,53,1,3,Borderline,NA
SRR9036366,GSE130970,Fibrosis_F1,Disease,M,52,1,2,NAFL,NA
SRR9036367,GSE130970,Fibrosis_F1,Disease,F,55,1,5,NASH,NA
SRR9036368,GSE130970,Fibrosis_F1,Disease,M,21,1,5,NASH,NA
SRR9036369,GSE130970,Fibrosis_F1,Disease,F,41,1,1,NAFL,NA
SRR9036370,GSE130970,Fibrosis_F1,Disease,M,57,1,5,NASH,NA
SRR9036371,GSE130970,Fibrosis_F1,Disease,F,57,1,6,NASH,NA
SRR9036372,GSE130970,Fibrosis_F1,Disease,F,45,1,4,Borderline,NA
SRR9036373,GSE130970,Fibrosis_F1,Disease,F,53,1,3,Borderline,NA
SRR9036374,GSE130970,Fibrosis_F1,Disease,M,44,1,6,NASH,NA
SRR9036375,GSE130970,Control,Control,F,68,0,1,NAFL,NA
SRR9036376,GSE130970,Control,Control,M,19,0,1,NAFL,NA
SRR9036377,GSE130970,Control,Control,F,64,0,0,Control,NA
SRR9036378,GSE130970,Control,Control,M,26,0,0,Control,NA
SRR9036379,GSE130970,Control,Control,F,60,0,0,Control,NA
SRR9036380,GSE130970,Fibrosis_F2F3,Disease,F,77,3,6,NASH,NA
SRR9036381,GSE130970,Fibrosis_F1,Disease,F,55,1,6,NASH,NA
SRR9036382,GSE130970,Fibrosis_F1,Disease,F,54,1,5,NASH,NA
SRR9036383,GSE130970,Fibrosis_F1,Disease,F,35,1,3,Borderline,NA
SRR9036384,GSE130970,Control,Control,F,62,0,0,Control,NA
SRR21622825,GSE213621,Fibrosis_F2,Disease,,,2,,,NA
SRR21622826,GSE213621,Control,Control,,,0,,Control,NA
SRR21622830,GSE213621,Control,Control,,,0,,Control,NA
SRR21622831,GSE213621,Fibrosis_F2,Disease,,,2,,,NA
SRR21622837,GSE213621,Control,Control,,,0,,Control,NA
SRR21622841,GSE213621,Control,Control,,,0,,Control,NA
SRR21622842,GSE213621,Fibrosis_F2,Disease,,,2,,,NA
SRR21622844,GSE213621,Fibrosis_F2,Disease,,,2,,,NA
SRR21622846,GSE213621,Control,Control,,,0,,Control,NA
SRR21622847,GSE213621,Fibrosis_F2,Disease,,,2,,,NA
SRR21622848,GSE213621,Control,Control,,,0,,Control,NA
SRR21622849,GSE213621,Fibrosis_F2,Disease,,,2,,,NA
SRR21622850,GSE213621,Control,Control,,,0,,Control,NA
SRR21622851,GSE213621,Fibrosis_F0F1,Disease,,,1,,,NA
SRR21622854,GSE213621,Control,Control,,,0,,Control,NA
SRR21622855,GSE213621,Fibrosis_F2,Disease,,,2,,,NA
SRR21622856,GSE213621,Control,Control,,,0,,Control,NA
SRR21622857,GSE213621,Fibrosis_F2,Disease,,,2,,,NA
SRR21622858,GSE213621,Control,Control,,,0,,Control,NA
SRR21622868,GSE213621,Control,Control,,,0,,Control,NA
SRR21622869,GSE213621,Fibrosis_F0F1,Disease,,,1,,,NA
SRR21622870,GSE213621,Fibrosis_F2,Disease,,,2,,,NA
SRR21622871,GSE213621,Fibrosis_F2,Disease,,,2,,,NA
SRR21622872,GSE213621,Fibrosis_F2,Disease,,,2,,,NA
SRR21622873,GSE213621,Fibrosis_F0F1,Disease,,,1,,,NA
SRR21622876,GSE213621,Fibrosis_F0F1,Disease,,,1,,,NA
SRR21622877,GSE213621,Fibrosis_F2,Disease,,,2,,,NA
SRR21622878,GSE213621,Fibrosis_F0F1,Disease,,,1,,,NA
SRR21622879,GSE213621,Fibrosis_F2,Disease,,,2,,,NA
SRR21622880,GSE213621,Fibrosis_F2,Disease,,,2,,,NA
SRR21622881,GSE213621,Control,Control,,,0,,Control,NA
SRR21622882,GSE213621,Control,Control,,,0,,Control,NA
SRR21622883,GSE213621,Control,Control,,,0,,Control,NA
SRR21622884,GSE213621,Control,Control,,,0,,Control,NA
SRR21622885,GSE213621,Fibrosis_F3F4,Disease,,,3,,,NA
SRR21622886,GSE213621,Fibrosis_F2,Disease,,,2,,,NA
SRR21622887,GSE213621,Fibrosis_F2,Disease,,,2,,,NA
SRR21622888,GSE213621,Fibrosis_F0F1,Disease,,,1,,,NA
SRR21622889,GSE213621,Control,Control,,,0,,Control,NA
SRR21622890,GSE213621,Fibrosis_F3F4,Disease,,,3,,,NA
SRR21622893,GSE213621,Fibrosis_F0F1,Disease,,,1,,,NA
SRR21622894,GSE213621,Fibrosis_F2,Disease,,,2,,,NA
SRR21622897,GSE213621,Fibrosis_F3F4,Disease,,,3,,,NA
SRR21622898,GSE213621,Control,Control,,,0,,Control,NA
SRR21622899,GSE213621,Control,Control,,,0,,Control,NA
SRR21622901,GSE213621,Control,Control,,,0,,Control,NA
SRR21622902,GSE213621,Fibrosis_F3F4,Disease,,,3,,,NA
SRR21622903,GSE213621,Fibrosis_F0F1,Disease,,,1,,,NA
SRR21622904,GSE213621,Fibrosis_F0F1,Disease,,,1,,,NA
SRR21622905,GSE213621,Control,Control,,,0,,Control,NA
SRR21622906,GSE213621,Control,Control,,,0,,Control,NA
SRR21622907,GSE213621,Control,Control,,,0,,Control,NA
SRR21622910,GSE213621,Fibrosis_F0F1,Disease,,,1,,,NA
SRR21622911,GSE213621,Fibrosis_F0F1,Disease,,,1,,,NA
SRR21622912,GSE213621,Fibrosis_F3F4,Disease,,,3,,,NA
SRR21622913,GSE213621,Fibrosis_F0F1,Disease,,,1,,,NA
SRR21622914,GSE213621,Control,Control,,,0,,Control,NA
SRR21622915,GSE213621,Fibrosis_F3F4,Disease,,,3,,,NA
SRR21622916,GSE213621,Fibrosis_F3F4,Disease,,,3,,,NA
SRR21622917,GSE213621,Fibrosis_F2,Disease,,,2,,,NA
SRR21622918,GSE213621,Fibrosis_F3F4,Disease,,,3,,,NA
SRR21622919,GSE213621,Fibrosis_F2,Disease,,,2,,,NA
SRR21622922,GSE213621,Fibrosis_F2,Disease,,,2,,,NA
SRR21622923,GSE213621,Fibrosis_F2,Disease,,,2,,,NA
SRR21622924,GSE213621,Fibrosis_F3F4,Disease,,,3,,,NA
SRR21622925,GSE213621,Fibrosis_F3F4,Disease,,,3,,,NA
SRR21622926,GSE213621,Fibrosis_F2,Disease,,,2,,,NA
SRR21622927,GSE213621,Fibrosis_F2,Disease,,,2,,,NA
SRR21622929,GSE213621,Fibrosis_F0F1,Disease,,,1,,,NA
SRR21622930,GSE213621,Control,Control,,,0,,Control,NA
SRR21622931,GSE213621,Fibrosis_F0F1,Disease,,,1,,,NA
SRR21622932,GSE213621,Control,Control,,,0,,Control,NA
SRR21622933,GSE213621,Control,Control,,,0,,Control,NA
SRR21622934,GSE213621,Fibrosis_F0F1,Disease,,,1,,,NA
SRR21622935,GSE213621,Control,Control,,,0,,Control,NA
SRR21622936,GSE213621,Fibrosis_F0F1,Disease,,,1,,,NA
SRR21622939,GSE213621,Fibrosis_F0F1,Disease,,,1,,,NA
SRR21622940,GSE213621,Control,Control,,,0,,Control,NA
SRR21622941,GSE213621,Fibrosis_F0F1,Disease,,,1,,,NA
SRR21622942,GSE213621,Fibrosis_F3F4,Disease,,,3,,,NA
SRR21622943,GSE213621,Fibrosis_F0F1,Disease,,,1,,,NA
SRR21622945,GSE213621,Control,Control,,,0,,Control,NA
SRR21622946,GSE213621,Control,Control,,,0,,Control,NA
SRR21622949,GSE213621,Fibrosis_F2,Disease,,,2,,,NA
SRR21622950,GSE213621,Fibrosis_F3F4,Disease,,,3,,,NA
SRR21622951,GSE213621,Fibrosis_F0F1,Disease,,,1,,,NA
SRR21622954,GSE213621,Fibrosis_F3F4,Disease,,,3,,,NA
SRR21622955,GSE213621,Control,Control,,,0,,Control,NA
SRR21622956,GSE213621,Fibrosis_F0F1,Disease,,,1,,,NA
SRR21622957,GSE213621,Control,Control,,,0,,Control,NA
SRR21622958,GSE213621,Fibrosis_F2,Disease,,,2,,,NA
SRR21622967,GSE213621,Control,Control,,,0,,Control,NA
SRR21622968,GSE213621,Fibrosis_F2,Disease,,,2,,,NA
SRR21622969,GSE213621,Control,Control,,,0,,Control,NA
SRR21622975,GSE213621,Fibrosis_F3F4,Disease,,,3,,,NA
SRR21622976,GSE213621,Fibrosis_F0F1,Disease,,,1,,,NA
SRR21622977,GSE213621,Fibrosis_F2,Disease,,,2,,,NA
SRR21622981,GSE213621,Fibrosis_F3F4,Disease,,,3,,,NA
SRR21622982,GSE213621,Control,Control,,,0,,Control,NA
SRR21622983,GSE213621,Fibrosis_F3F4,Disease,,,3,,,NA
SRR21622985,GSE213621,Fibrosis_F0F1,Disease,,,1,,,NA
SRR21622986,GSE213621,Fibrosis_F2,Disease,,,2,,,NA
SRR21622987,GSE213621,Fibrosis_F3F4,Disease,,,3,,,NA
SRR21622988,GSE213621,Control,Control,,,0,,Control,NA
SRR21622989,GSE213621,Fibrosis_F2,Disease,,,2,,,NA
SRR21622990,GSE213621,Fibrosis_F3F4,Disease,,,3,,,NA
SRR21622991,GSE213621,Fibrosis_F2,Disease,,,2,,,NA
SRR21622992,GSE213621,Control,Control,,,0,,Control,NA
SRR21622993,GSE213621,Control,Control,,,0,,Control,NA
SRR21622994,GSE213621,Fibrosis_F0F1,Disease,,,1,,,NA
SRR21622995,GSE213621,Fibrosis_F2,Disease,,,2,,,NA
SRR21622996,GSE213621,Fibrosis_F2,Disease,,,2,,,NA
SRR21622997,GSE213621,Fibrosis_F0F1,Disease,,,1,,,NA
SRR21622999,GSE213621,Fibrosis_F2,Disease,,,2,,,NA
SRR21623000,GSE213621,Fibrosis_F3F4,Disease,,,3,,,NA
SRR21623001,GSE213621,Fibrosis_F0F1,Disease,,,1,,,NA
SRR21623002,GSE213621,Fibrosis_F0F1,Disease,,,1,,,NA
SRR21623003,GSE213621,Control,Control,,,0,,Control,NA
SRR21623004,GSE213621,Fibrosis_F2,Disease,,,2,,,NA
SRR21623006,GSE213621,Fibrosis_F2,Disease,,,2,,,NA
SRR21623007,GSE213621,Fibrosis_F3F4,Disease,,,3,,,NA
SRR21623008,GSE213621,Fibrosis_F0F1,Disease,,,1,,,NA
SRR21623009,GSE213621,Control,Control,,,0,,Control,NA
SRR21623012,GSE213621,Fibrosis_F2,Disease,,,2,,,NA
SRR21623013,GSE213621,Control,Control,,,0,,Control,NA
SRR21623014,GSE213621,Fibrosis_F2,Disease,,,2,,,NA
SRR21623015,GSE213621,Fibrosis_F3F4,Disease,,,3,,,NA
SRR21623018,GSE213621,Fibrosis_F3F4,Disease,,,3,,,NA
SRR21623019,GSE213621,Control,Control,,,0,,Control,NA
SRR21623020,GSE213621,Fibrosis_F2,Disease,,,2,,,NA
SRR21623021,GSE213621,Fibrosis_F2,Disease,,,2,,,NA
SRR21623022,GSE213621,Fibrosis_F3F4,Disease,,,3,,,NA
SRR21623023,GSE213621,Fibrosis_F3F4,Disease,,,3,,,NA
SRR21623027,GSE213621,Fibrosis_F3F4,Disease,,,3,,,NA
SRR21623028,GSE213621,Fibrosis_F2,Disease,,,2,,,NA
SRR21623029,GSE213621,Fibrosis_F0F1,Disease,,,1,,,NA
SRR21623033,GSE213621,Fibrosis_F3F4,Disease,,,3,,,NA
SRR21623034,GSE213621,Fibrosis_F3F4,Disease,,,3,,,NA
SRR21623035,GSE213621,Fibrosis_F0F1,Disease,,,1,,,NA
SRR21623036,GSE213621,Fibrosis_F3F4,Disease,,,3,,,NA
SRR21623037,GSE213621,Fibrosis_F3F4,Disease,,,3,,,NA
SRR21623038,GSE213621,Fibrosis_F0F1,Disease,,,1,,,NA
SRR21623039,GSE213621,Fibrosis_F0F1,Disease,,,1,,,NA
SRR21623040,GSE213621,Fibrosis_F0F1,Disease,,,1,,,NA
SRR21623041,GSE213621,Fibrosis_F0F1,Disease,,,1,,,NA
SRR21623042,GSE213621,Fibrosis_F3F4,Disease,,,3,,,NA
SRR21623043,GSE213621,Fibrosis_F2,Disease,,,2,,,NA
SRR21623044,GSE213621,Fibrosis_F3F4,Disease,,,3,,,NA
SRR21623045,GSE213621,Fibrosis_F3F4,Disease,,,3,,,NA
SRR21623046,GSE213621,Fibrosis_F3F4,Disease,,,3,,,NA
SRR21623047,GSE213621,Fibrosis_F3F4,Disease,,,3,,,NA
SRR21623048,GSE213621,Fibrosis_F2,Disease,,,2,,,NA
SRR21623049,GSE213621,Control,Control,,,0,,Control,NA
SRR21623052,GSE213621,Fibrosis_F3F4,Disease,,,3,,,NA
SRR21623053,GSE213621,Fibrosis_F3F4,Disease,,,3,,,NA
SRR21623054,GSE213621,Fibrosis_F3F4,Disease,,,3,,,NA
SRR21623055,GSE213621,Fibrosis_F2,Disease,,,2,,,NA
SRR21623056,GSE213621,Control,Control,,,0,,Control,NA
SRR21623059,GSE213621,Fibrosis_F3F4,Disease,,,3,,,NA
SRR21623061,GSE213621,Control,Control,,,0,,Control,NA
SRR21623068,GSE213621,Control,Control,,,0,,Control,NA
SRR21623069,GSE213621,Fibrosis_F3F4,Disease,,,3,,,NA
SRR21623073,GSE213621,Fibrosis_F0F1,Disease,,,1,,,NA
SRR21623074,GSE213621,Fibrosis_F2,Disease,,,2,,,NA
SRR21623075,GSE213621,Fibrosis_F0F1,Disease,,,1,,,NA
SRR21623082,GSE213621,Fibrosis_F0F1,Disease,,,1,,,NA
SRR21623083,GSE213621,Fibrosis_F0F1,Disease,,,1,,,NA
SRR21623084,GSE213621,Fibrosis_F0F1,Disease,,,1,,,NA
SRR21623085,GSE213621,Fibrosis_F2,Disease,,,2,,,NA
SRR21623086,GSE213621,Fibrosis_F3F4,Disease,,,3,,,NA
SRR21623087,GSE213621,Control,Control,,,0,,Control,NA
SRR21623093,GSE213621,Control,Control,,,0,,Control,NA
SRR21623094,GSE213621,Fibrosis_F2,Disease,,,2,,,NA
SRR21623095,GSE213621,Fibrosis_F0F1,Disease,,,1,,,NA
SRR21623096,GSE213621,Fibrosis_F0F1,Disease,,,1,,,NA
SRR21623097,GSE213621,Fibrosis_F0F1,Disease,,,1,,,NA
SRR21623101,GSE213621,Fibrosis_F3F4,Disease,,,3,,,NA
SRR21623102,GSE213621,Fibrosis_F0F1,Disease,,,1,,,NA
SRR21623103,GSE213621,Fibrosis_F3F4,Disease,,,3,,,NA
SRR21623104,GSE213621,Fibrosis_F0F1,Disease,,,1,,,NA
SRR21623105,GSE213621,Fibrosis_F2,Disease,,,2,,,NA
SRR21623107,GSE213621,Fibrosis_F0F1,Disease,,,1,,,NA
SRR21623112,GSE213621,Fibrosis_F0F1,Disease,,,1,,,NA
SRR21623113,GSE213621,Fibrosis_F2,Disease,,,2,,,NA
SRR21623114,GSE213621,Fibrosis_F3F4,Disease,,,3,,,NA
SRR21623115,GSE213621,Fibrosis_F2,Disease,,,2,,,NA
SRR21623116,GSE213621,Fibrosis_F0F1,Disease,,,1,,,NA
SRR21623117,GSE213621,Fibrosis_F0F1,Disease,,,1,,,NA
SRR21623121,GSE213621,Fibrosis_F2,Disease,,,2,,,NA
SRR21623122,GSE213621,Fibrosis_F3F4,Disease,,,3,,,NA
SRR21623123,GSE213621,Fibrosis_F2,Disease,,,2,,,NA
SRR21623124,GSE213621,Fibrosis_F3F4,Disease,,,3,,,NA
SRR21623131,GSE213621,Fibrosis_F0F1,Disease,,,1,,,NA
SRR21623136,GSE213621,Fibrosis_F3F4,Disease,,,3,,,NA
SRR21623137,GSE213621,Fibrosis_F2,Disease,,,2,,,NA
SRR21623138,GSE213621,Fibrosis_F2,Disease,,,2,,,NA
SRR21623139,GSE213621,Fibrosis_F0F1,Disease,,,1,,,NA
SRR21623140,GSE213621,Fibrosis_F0F1,Disease,,,1,,,NA
SRR21623141,GSE213621,Fibrosis_F0F1,Disease,,,1,,,NA
SRR21623142,GSE213621,Control,Control,,,0,,Control,NA
SRR21623143,GSE213621,Fibrosis_F0F1,Disease,,,1,,,NA
SRR21623144,GSE213621,Fibrosis_F0F1,Disease,,,1,,,NA
SRR21623150,GSE213621,Fibrosis_F2,Disease,,,2,,,NA
SRR21623151,GSE213621,Fibrosis_F2,Disease,,,2,,,NA
SRR21623157,GSE213621,Fibrosis_F3F4,Disease,,,3,,,NA
SRR21623162,GSE213621,Fibrosis_F3F4,Disease,,,3,,,NA
SRR21623163,GSE213621,Fibrosis_F2,Disease,,,2,,,NA
SRR21623164,GSE213621,Fibrosis_F3F4,Disease,,,3,,,NA
SRR21623165,GSE213621,Fibrosis_F0F1,Disease,,,1,,,NA
SRR21623166,GSE213621,Fibrosis_F0F1,Disease,,,1,,,NA
SRR21623172,GSE213621,Fibrosis_F3F4,Disease,,,3,,,NA
SRR21623173,GSE213621,Fibrosis_F3F4,Disease,,,3,,,NA
SRR21623174,GSE213621,Fibrosis_F0F1,Disease,,,1,,,NA
SRR21623175,GSE213621,Fibrosis_F2,Disease,,,2,,,NA
SRR21623176,GSE213621,Control,Control,,,0,,Control,NA
SRR21623177,GSE213621,Fibrosis_F2,Disease,,,2,,,NA
SRR21623178,GSE213621,Fibrosis_F0F1,Disease,,,1,,,NA
SRR21623182,GSE213621,Fibrosis_F3F4,Disease,,,3,,,NA
SRR21623183,GSE213621,Fibrosis_F0F1,Disease,,,1,,,NA
SRR21623184,GSE213621,Fibrosis_F0F1,Disease,,,1,,,NA
SRR21623185,GSE213621,Fibrosis_F3F4,Disease,,,3,,,NA
SRR21623186,GSE213621,Fibrosis_F3F4,Disease,,,3,,,NA
SRR21623188,GSE213621,Fibrosis_F3F4,Disease,,,3,,,NA
SRR21623189,GSE213621,Fibrosis_F3F4,Disease,,,3,,,NA
SRR21622827,GSE213621,Control,Control,,,0,,Control,NA
SRR21622828,GSE213621,Fibrosis_F2,Disease,,,2,,,NA
SRR21622829,GSE213621,Fibrosis_F2,Disease,,,2,,,NA
SRR21622832,GSE213621,Fibrosis_F2,Disease,,,2,,,NA
SRR21622833,GSE213621,Fibrosis_F2,Disease,,,2,,,NA
SRR21622834,GSE213621,Control,Control,,,0,,Control,NA
SRR21622835,GSE213621,Fibrosis_F2,Disease,,,2,,,NA
SRR21622836,GSE213621,Fibrosis_F3F4,Disease,,,3,,,NA
SRR21622838,GSE213621,Control,Control,,,0,,Control,NA
SRR21622839,GSE213621,Fibrosis_F2,Disease,,,2,,,NA
SRR21622840,GSE213621,Control,Control,,,0,,Control,NA
SRR21622843,GSE213621,Fibrosis_F2,Disease,,,2,,,NA
SRR21622845,GSE213621,Fibrosis_F2,Disease,,,2,,,NA
SRR21622852,GSE213621,Fibrosis_F0F1,Disease,,,1,,,NA
SRR21622853,GSE213621,Fibrosis_F2,Disease,,,2,,,NA
SRR21622859,GSE213621,Control,Control,,,0,,Control,NA
SRR21622860,GSE213621,Control,Control,,,0,,Control,NA
SRR21622861,GSE213621,Fibrosis_F2,Disease,,,2,,,NA
SRR21622862,GSE213621,Fibrosis_F2,Disease,,,2,,,NA
SRR21622863,GSE213621,Fibrosis_F2,Disease,,,2,,,NA
SRR21622864,GSE213621,Fibrosis_F2,Disease,,,2,,,NA
SRR21622865,GSE213621,Fibrosis_F0F1,Disease,,,1,,,NA
SRR21622866,GSE213621,Control,Control,,,0,,Control,NA
SRR21622867,GSE213621,Fibrosis_F0F1,Disease,,,1,,,NA
SRR21622874,GSE213621,Fibrosis_F2,Disease,,,2,,,NA
SRR21622875,GSE213621,Fibrosis_F2,Disease,,,2,,,NA
SRR21622891,GSE213621,Fibrosis_F0F1,Disease,,,1,,,NA
SRR21622892,GSE213621,Fibrosis_F2,Disease,,,2,,,NA
SRR21622895,GSE213621,Control,Control,,,0,,Control,NA
SRR21622896,GSE213621,Fibrosis_F0F1,Disease,,,1,,,NA
SRR21622900,GSE213621,Fibrosis_F0F1,Disease,,,1,,,NA
SRR21622908,GSE213621,Fibrosis_F2,Disease,,,2,,,NA
SRR21622909,GSE213621,Fibrosis_F2,Disease,,,2,,,NA
SRR21622920,GSE213621,Fibrosis_F2,Disease,,,2,,,NA
SRR21622921,GSE213621,Control,Control,,,0,,Control,NA
SRR21622928,GSE213621,Fibrosis_F2,Disease,,,2,,,NA
SRR21622937,GSE213621,Fibrosis_F0F1,Disease,,,1,,,NA
SRR21622938,GSE213621,Control,Control,,,0,,Control,NA
SRR21622944,GSE213621,Fibrosis_F2,Disease,,,2,,,NA
SRR21622947,GSE213621,Fibrosis_F2,Disease,,,2,,,NA
SRR21622952,GSE213621,Fibrosis_F0F1,Disease,,,1,,,NA
SRR21622953,GSE213621,Fibrosis_F3F4,Disease,,,3,,,NA
SRR21622959,GSE213621,Control,Control,,,0,,Control,NA
SRR21622960,GSE213621,Fibrosis_F3F4,Disease,,,3,,,NA
SRR21622961,GSE213621,Control,Control,,,0,,Control,NA
SRR21622962,GSE213621,Fibrosis_F0F1,Disease,,,1,,,NA
SRR21622963,GSE213621,Fibrosis_F2,Disease,,,2,,,NA
SRR21622964,GSE213621,Fibrosis_F0F1,Disease,,,1,,,NA
SRR21622965,GSE213621,Fibrosis_F3F4,Disease,,,3,,,NA
SRR21622966,GSE213621,Fibrosis_F3F4,Disease,,,3,,,NA
SRR21622970,GSE213621,Fibrosis_F2,Disease,,,2,,,NA
SRR21622971,GSE213621,Fibrosis_F0F1,Disease,,,1,,,NA
SRR21622972,GSE213621,Fibrosis_F2,Disease,,,2,,,NA
SRR21622973,GSE213621,Fibrosis_F3F4,Disease,,,3,,,NA
SRR21622974,GSE213621,Fibrosis_F2,Disease,,,2,,,NA
SRR21622978,GSE213621,Fibrosis_F0F1,Disease,,,1,,,NA
SRR21622979,GSE213621,Fibrosis_F2,Disease,,,2,,,NA
SRR21622980,GSE213621,Control,Control,,,0,,Control,NA
SRR21622984,GSE213621,Control,Control,,,0,,Control,NA
SRR21622998,GSE213621,Fibrosis_F3F4,Disease,,,3,,,NA
SRR21623005,GSE213621,Fibrosis_F0F1,Disease,,,1,,,NA
SRR21623010,GSE213621,Fibrosis_F3F4,Disease,,,3,,,NA
SRR21623011,GSE213621,Fibrosis_F2,Disease,,,2,,,NA
SRR21623016,GSE213621,Fibrosis_F3F4,Disease,,,3,,,NA
SRR21623017,GSE213621,Fibrosis_F0F1,Disease,,,1,,,NA
SRR21623024,GSE213621,Control,Control,,,0,,Control,NA
SRR21623025,GSE213621,Fibrosis_F0F1,Disease,,,1,,,NA
SRR21623026,GSE213621,Fibrosis_F2,Disease,,,2,,,NA
SRR21623030,GSE213621,Fibrosis_F0F1,Disease,,,1,,,NA
SRR21623031,GSE213621,Fibrosis_F2,Disease,,,2,,,NA
SRR21623032,GSE213621,Fibrosis_F3F4,Disease,,,3,,,NA
SRR21623050,GSE213621,Fibrosis_F2,Disease,,,2,,,NA
SRR21623051,GSE213621,Fibrosis_F2,Disease,,,2,,,NA
SRR21623057,GSE213621,Fibrosis_F2,Disease,,,2,,,NA
SRR21623058,GSE213621,Fibrosis_F0F1,Disease,,,1,,,NA
SRR21623060,GSE213621,Fibrosis_F0F1,Disease,,,1,,,NA
SRR21623062,GSE213621,Control,Control,,,0,,Control,NA
SRR21623063,GSE213621,Fibrosis_F2,Disease,,,2,,,NA
SRR21623064,GSE213621,Fibrosis_F2,Disease,,,2,,,NA
SRR21623065,GSE213621,Fibrosis_F0F1,Disease,,,1,,,NA
SRR21623066,GSE213621,Fibrosis_F3F4,Disease,,,3,,,NA
SRR21623067,GSE213621,Fibrosis_F2,Disease,,,2,,,NA
SRR21623070,GSE213621,Fibrosis_F3F4,Disease,,,3,,,NA
SRR21623071,GSE213621,Fibrosis_F3F4,Disease,,,3,,,NA
SRR21623072,GSE213621,Fibrosis_F2,Disease,,,2,,,NA
SRR21623076,GSE213621,Fibrosis_F0F1,Disease,,,1,,,NA
SRR21623077,GSE213621,Fibrosis_F3F4,Disease,,,3,,,NA
SRR21623078,GSE213621,Fibrosis_F3F4,Disease,,,3,,,NA
SRR21623079,GSE213621,Control,Control,,,0,,Control,NA
SRR21623080,GSE213621,Fibrosis_F2,Disease,,,2,,,NA
SRR21623081,GSE213621,Fibrosis_F3F4,Disease,,,3,,,NA
SRR21623088,GSE213621,Fibrosis_F3F4,Disease,,,3,,,NA
SRR21623089,GSE213621,Fibrosis_F2,Disease,,,2,,,NA
SRR21623090,GSE213621,Fibrosis_F0F1,Disease,,,1,,,NA
SRR21623091,GSE213621,Fibrosis_F3F4,Disease,,,3,,,NA
SRR21623092,GSE213621,Fibrosis_F2,Disease,,,2,,,NA
SRR21623098,GSE213621,Fibrosis_F0F1,Disease,,,1,,,NA
SRR21623099,GSE213621,Fibrosis_F0F1,Disease,,,1,,,NA
SRR21623100,GSE213621,Fibrosis_F3F4,Disease,,,3,,,NA
SRR21623106,GSE213621,Fibrosis_F3F4,Disease,,,3,,,NA
SRR21623108,GSE213621,Fibrosis_F2,Disease,,,2,,,NA
SRR21623109,GSE213621,Fibrosis_F0F1,Disease,,,1,,,NA
SRR21623110,GSE213621,Fibrosis_F2,Disease,,,2,,,NA
SRR21623111,GSE213621,Fibrosis_F2,Disease,,,2,,,NA
SRR21623118,GSE213621,Fibrosis_F2,Disease,,,2,,,NA
SRR21623119,GSE213621,Fibrosis_F3F4,Disease,,,3,,,NA
SRR21623120,GSE213621,Fibrosis_F0F1,Disease,,,1,,,NA
SRR21623125,GSE213621,Fibrosis_F0F1,Disease,,,1,,,NA
SRR21623126,GSE213621,Fibrosis_F3F4,Disease,,,3,,,NA
SRR21623127,GSE213621,Fibrosis_F0F1,Disease,,,1,,,NA
SRR21623128,GSE213621,Fibrosis_F3F4,Disease,,,3,,,NA
SRR21623129,GSE213621,Fibrosis_F2,Disease,,,2,,,NA
SRR21623130,GSE213621,Fibrosis_F0F1,Disease,,,1,,,NA
SRR21623132,GSE213621,Fibrosis_F0F1,Disease,,,1,,,NA
SRR21623133,GSE213621,Control,Control,,,0,,Control,NA
SRR21623134,GSE213621,Fibrosis_F3F4,Disease,,,3,,,NA
SRR21623135,GSE213621,Fibrosis_F0F1,Disease,,,1,,,NA
SRR21623145,GSE213621,Fibrosis_F3F4,Disease,,,3,,,NA
SRR21623146,GSE213621,Fibrosis_F3F4,Disease,,,3,,,NA
SRR21623147,GSE213621,Fibrosis_F3F4,Disease,,,3,,,NA
SRR21623148,GSE213621,Fibrosis_F0F1,Disease,,,1,,,NA
SRR21623149,GSE213621,Fibrosis_F2,Disease,,,2,,,NA
SRR21623152,GSE213621,Fibrosis_F2,Disease,,,2,,,NA
SRR21623153,GSE213621,Fibrosis_F3F4,Disease,,,3,,,NA
SRR21623154,GSE213621,Fibrosis_F2,Disease,,,2,,,NA
SRR21623155,GSE213621,Fibrosis_F3F4,Disease,,,3,,,NA
SRR21623156,GSE213621,Fibrosis_F3F4,Disease,,,3,,,NA
SRR21623158,GSE213621,Fibrosis_F3F4,Disease,,,3,,,NA
SRR21623159,GSE213621,Fibrosis_F2,Disease,,,2,,,NA
SRR21623160,GSE213621,Fibrosis_F0F1,Disease,,,1,,,NA
SRR21623161,GSE213621,Fibrosis_F3F4,Disease,,,3,,,NA
SRR21623167,GSE213621,Fibrosis_F0F1,Disease,,,1,,,NA
SRR21623168,GSE213621,Fibrosis_F3F4,Disease,,,3,,,NA
SRR21623169,GSE213621,Fibrosis_F0F1,Disease,,,1,,,NA
SRR21623170,GSE213621,Fibrosis_F3F4,Disease,,,3,,,NA
SRR21623171,GSE213621,Fibrosis_F0F1,Disease,,,1,,,NA
SRR21623179,GSE213621,Fibrosis_F0F1,Disease,,,1,,,NA
SRR21623180,GSE213621,Fibrosis_F3F4,Disease,,,3,,,NA
SRR21623181,GSE213621,Fibrosis_F0F1,Disease,,,1,,,NA
SRR21623187,GSE213621,Fibrosis_F3F4,Disease,,,3,,,NA
SRR21623190,GSE213621,Fibrosis_F3F4,Disease,,,3,,,NA
SRR21623191,GSE213621,Fibrosis_F3F4,Disease,,,3,,,NA
SRR21623192,GSE213621,Fibrosis_F3F4,Disease,,,3,,,NA
SRR13199852,GSE162694,NASH_F0,Disease,M,36,0,3,Borderline,NA
SRR13199853,GSE162694,NASH_F1,Disease,F,55,1,3,Borderline,NA
SRR13199854,GSE162694,Control,Control,F,25,,0,Control,NA
SRR13199855,GSE162694,NASH_F3,Disease,F,46,3,7,NASH,NA
SRR13199856,GSE162694,NASH_F1,Disease,M,47,1,5,NASH,NA
SRR13199857,GSE162694,Control,Control,F,54,,0,Control,NA
SRR13199858,GSE162694,NASH_F0,Disease,M,65,0,4,Borderline,NA
SRR13199859,GSE162694,NASH_F2,Disease,M,45,2,5,NASH,NA
SRR13199860,GSE162694,NASH_F1,Disease,F,22,1,4,Borderline,NA
SRR13199861,GSE162694,Control,Control,F,55,,0,Control,NA
SRR13199862,GSE162694,Control,Control,F,34,,0,Control,NA
SRR13199863,GSE162694,NASH_F1,Disease,M,25,1,5,NASH,NA
SRR13199864,GSE162694,NASH_F2,Disease,F,59,2,6,NASH,NA
SRR13199865,GSE162694,NASH_F2,Disease,F,61,2,5,NASH,NA
SRR13199866,GSE162694,NASH_F4,Disease,F,59,4,,,NA
SRR13199867,GSE162694,Control,Control,F,35,,0,Control,NA
SRR13199868,GSE162694,NASH_F4,Disease,F,68,4,,,NA
SRR13199869,GSE162694,NASH_F4,Disease,F,64,4,,,NA
SRR13199870,GSE162694,NASH_F4,Disease,M,55,4,,,NA
SRR13199871,GSE162694,NASH_F4,Disease,F,56,4,,,NA
SRR13199872,GSE162694,NASH_F4,Disease,M,69,4,,,NA
SRR13199873,GSE162694,NASH_F4,Disease,M,48,4,,,NA
SRR13199874,GSE162694,NASH_F2,Disease,F,49,2,7,NASH,NA
SRR13199875,GSE162694,NASH_F2,Disease,F,46,2,5,NASH,NA
SRR13199876,GSE162694,NASH_F3,Disease,F,50,3,7,NASH,NA
SRR13199877,GSE162694,NASH_F2,Disease,F,18,2,7,NASH,NA
SRR13199878,GSE162694,NASH_F1,Disease,M,34,1,4,Borderline,NA
SRR13199879,GSE162694,NASH_F2,Disease,F,57,2,5,NASH,NA
SRR13199880,GSE162694,NASH_F4,Disease,F,65,4,4,Borderline,NA
SRR13199881,GSE162694,NASH_F2,Disease,M,59,2,6,NASH,NA
SRR13199882,GSE162694,NASH_F2,Disease,M,64,2,6,NASH,NA
SRR13199883,GSE162694,NASH_F2,Disease,M,51,2,,,NA
SRR13199884,GSE162694,NASH_F2,Disease,F,35,2,7,NASH,NA
SRR13199885,GSE162694,NASH_F2,Disease,F,51,2,7,NASH,NA
SRR13199886,GSE162694,NASH_F3,Disease,M,61,3,,,NA
SRR13199887,GSE162694,NASH_F3,Disease,M,62,3,,,NA
SRR13199888,GSE162694,NASH_F2,Disease,M,54,2,7,NASH,NA
SRR13199889,GSE162694,Control,Control,F,58,,0,Control,NA
SRR13199890,GSE162694,NASH_F1,Disease,M,58,1,3,Borderline,NA
SRR13199891,GSE162694,NASH_F4,Disease,M,64,4,6,NASH,NA
SRR13199892,GSE162694,NASH_F1,Disease,F,22,1,6,NASH,NA
SRR13199893,GSE162694,NASH_F2,Disease,F,32,2,6,NASH,NA
SRR13199894,GSE162694,NASH_F0,Disease,F,48,0,2,NAFL,NA
SRR13199895,GSE162694,NASH_F0,Disease,M,32,0,5,NASH,NA
SRR13199896,GSE162694,NASH_F1,Disease,F,37,1,,,NA
SRR13199897,GSE162694,NASH_F4,Disease,F,59,4,,,NA
SRR13199898,GSE162694,NASH_F1,Disease,F,41,1,,,NA
SRR13199899,GSE162694,NASH_F0,Disease,F,56,0,,,NA
SRR13199900,GSE162694,NASH_F0,Disease,F,42,0,,,NA
SRR13199901,GSE162694,NASH_F1,Disease,F,26,1,,,NA
SRR13199902,GSE162694,NASH_F0,Disease,M,35,0,3,Borderline,NA
SRR13199903,GSE162694,NASH_F0,Disease,F,53,0,,,NA
SRR13199904,GSE162694,NASH_F0,Disease,F,45,0,,,NA
SRR13199905,GSE162694,NASH_F3,Disease,F,55,3,,,NA
SRR13199906,GSE162694,NASH_F0,Disease,F,52,0,,,NA
SRR13199907,GSE162694,NASH_F1,Disease,M,25,1,,,NA
SRR13199908,GSE162694,NASH_F1,Disease,M,44,1,,,NA
SRR13199909,GSE162694,NASH_F0,Disease,M,51,0,,,NA
SRR13199910,GSE162694,NASH_F0,Disease,F,28,0,,,NA
SRR13199911,GSE162694,NASH_F0,Disease,F,57,0,,,NA
SRR13199912,GSE162694,NASH_F1,Disease,M,37,1,5,NASH,NA
SRR13199913,GSE162694,NASH_F0,Disease,F,57,0,,,NA
SRR13199914,GSE162694,NASH_F1,Disease,F,66,1,4,Borderline,NA
SRR13199915,GSE162694,NASH_F2,Disease,M,42,2,4,Borderline,NA
SRR13199916,GSE162694,NASH_F2,Disease,F,57,2,4,Borderline,NA
SRR13199917,GSE162694,NASH_F0,Disease,M,65,0,3,Borderline,NA
SRR13199918,GSE162694,NASH_F1,Disease,M,54,1,5,NASH,NA
SRR13199919,GSE162694,NASH_F0,Disease,F,53,0,2,NAFL,NA
SRR13199920,GSE162694,NASH_F0,Disease,F,20,0,1,NAFL,NA
SRR13199921,GSE162694,NASH_F2,Disease,F,20,2,5,NASH,NA
SRR13199922,GSE162694,Control,Control,F,61,,0,Control,NA
SRR13199923,GSE162694,NASH_F1,Disease,M,40,1,5,NASH,NA
SRR13199924,GSE162694,NASH_F1,Disease,F,64,1,6,NASH,NA
SRR13199925,GSE162694,NASH_F0,Disease,F,30,0,3,Borderline,NA
SRR13199926,GSE162694,NASH_F4,Disease,M,61,4,0,NAFL,NA
SRR13199927,GSE162694,NASH_F2,Disease,F,25,2,7,NASH,NA
SRR13199928,GSE162694,NASH_F0,Disease,F,54,0,4,Borderline,NA
SRR13199929,GSE162694,Control,Control,M,50,,0,Control,NA
SRR13199930,GSE162694,NASH_F0,Disease,F,28,0,1,NAFL,NA
SRR13199931,GSE162694,NASH_F2,Disease,F,33,2,7,NASH,NA
SRR13199932,GSE162694,NASH_F0,Disease,F,72,0,3,Borderline,NA
SRR13199933,GSE162694,Control,Control,F,44,,0,Control,NA
SRR13199934,GSE162694,NASH_F3,Disease,F,45,3,5,NASH,NA
SRR13199935,GSE162694,Control,Control,F,28,,0,Control,NA
SRR13199936,GSE162694,NASH_F0,Disease,M,50,0,1,NAFL,NA
SRR13199937,GSE162694,Control,Control,F,22,,0,Control,NA
SRR13199938,GSE162694,NASH_F3,Disease,M,32,3,6,NASH,NA
SRR13199939,GSE162694,NASH_F0,Disease,F,53,0,2,NAFL,NA
SRR13199940,GSE162694,Control,Control,F,37,,0,Control,NA
SRR13199941,GSE162694,NASH_F0,Disease,F,41,0,2,NAFL,NA
SRR13199942,GSE162694,NASH_F1,Disease,F,60,1,2,NAFL,NA
SRR13199943,GSE162694,NASH_F1,Disease,F,49,1,2,NAFL,NA
SRR13199944,GSE162694,Control,Control,F,47,,0,Control,NA
SRR13199945,GSE162694,NASH_F0,Disease,F,40,0,3,Borderline,NA
SRR13199946,GSE162694,NASH_F2,Disease,F,34,2,1,NAFL,NA
SRR13199947,GSE162694,NASH_F0,Disease,F,25,0,1,NAFL,NA
SRR13199948,GSE162694,NASH_F1,Disease,F,32,1,1,NAFL,NA
SRR13199949,GSE162694,Control,Control,F,44,,0,Control,NA
SRR13199950,GSE162694,NASH_F1,Disease,F,34,1,4,Borderline,NA
SRR13199951,GSE162694,NASH_F1,Disease,F,62,1,4,Borderline,NA
SRR13199952,GSE162694,Control,Control,F,60,,0,Control,NA
SRR13199953,GSE162694,NASH_F0,Disease,F,46,0,3,Borderline,NA
SRR13199954,GSE162694,Control,Control,F,47,,0,Control,NA
SRR13199955,GSE162694,NASH_F1,Disease,M,42,1,6,NASH,NA
SRR13199956,GSE162694,Control,Control,F,28,,0,Control,NA
SRR13199957,GSE162694,NASH_F1,Disease,F,56,1,5,NASH,NA
SRR13199958,GSE162694,Control,Control,F,29,,0,Control,NA
SRR13199959,GSE162694,NASH_F0,Disease,F,49,0,5,NASH,NA
SRR13199960,GSE162694,Control,Control,F,49,,0,Control,NA
SRR13199961,GSE162694,Control,Control,F,41,,0,Control,NA
SRR13199962,GSE162694,NASH_F1,Disease,F,46,1,1,NAFL,NA
SRR13199963,GSE162694,NASH_F2,Disease,F,60,2,3,Borderline,NA
SRR13199964,GSE162694,NASH_F2,Disease,F,43,2,4,Borderline,NA
SRR13199965,GSE162694,Control,Control,F,54,,0,Control,NA
SRR13199966,GSE162694,Control,Control,F,51,,0,Control,NA
SRR13199967,GSE162694,NASH_F0,Disease,F,39,0,2,NAFL,NA
SRR13199968,GSE162694,Control,Control,F,37,,0,Control,NA
SRR13199969,GSE162694,Control,Control,F,57,,0,Control,NA
SRR13199970,GSE162694,Control,Control,F,49,,0,Control,NA
SRR13199971,GSE162694,Control,Control,F,33,,0,Control,NA
SRR13199972,GSE162694,Control,Control,F,32,,0,Control,NA
SRR13199973,GSE162694,NASH_F0,Disease,F,53,0,1,NAFL,NA
SRR13199974,GSE162694,NASH_F1,Disease,F,21,1,1,NAFL,NA
SRR13199975,GSE162694,Control,Control,F,34,,0,Control,NA
SRR13199976,GSE162694,NASH_F2,Disease,F,42,2,3,Borderline,NA
SRR13199977,GSE162694,NASH_F2,Disease,F,33,2,5,NASH,NA
SRR13199978,GSE162694,NASH_F1,Disease,F,60,1,5,NASH,NA
SRR13199979,GSE162694,NASH_F2,Disease,F,39,2,5,NASH,NA
SRR13199980,GSE162694,NASH_F0,Disease,F,54,0,2,NAFL,NA
SRR13199981,GSE162694,NASH_F0,Disease,F,44,0,1,NAFL,NA
SRR13199982,GSE162694,NASH_F4,Disease,F,62,4,4,Borderline,NA
SRR13199983,GSE162694,NASH_F0,Disease,M,36,0,2,NAFL,NA
SRR13199984,GSE162694,Control,Control,F,52,,0,Control,NA
SRR13199985,GSE162694,NASH_F1,Disease,F,68,1,6,NASH,NA
SRR13199986,GSE162694,NASH_F1,Disease,F,58,1,1,NAFL,NA
SRR13199987,GSE162694,Control,Control,M,55,,0,Control,NA
SRR13199988,GSE162694,NASH_F2,Disease,M,30,2,6,NASH,NA
SRR13199989,GSE162694,NASH_F3,Disease,M,52,3,4,Borderline,NA
SRR13199990,GSE162694,NASH_F0,Disease,M,20,0,1,NAFL,NA
SRR13199991,GSE162694,NASH_F2,Disease,M,48,2,6,NASH,NA
SRR13199992,GSE162694,NASH_F0,Disease,M,48,0,5,NASH,NA
SRR13199993,GSE162694,NASH_F1,Disease,F,48,1,5,NASH,NA
SRR13199994,GSE162694,Control,Control,M,52,,0,Control,NA
SRR14550949,GSE174478,Fibrosis_F1,Disease,M,54,1,5,NASH,NA
SRR14550950,GSE174478,Fibrosis_F2,Disease,F,70,2,4,Borderline,NA
SRR14550951,GSE174478,Fibrosis_F3,Disease,M,44,3,5,NASH,NA
SRR14550952,GSE174478,Fibrosis_F2,Disease,F,53,2,5,NASH,NA
SRR14550953,GSE174478,Fibrosis_F3,Disease,F,68,3,4,Borderline,NA
SRR14550954,GSE174478,Fibrosis_F3,Disease,M,44,3,6,NASH,NA
SRR14550955,GSE174478,Fibrosis_F3,Disease,M,60,3,4,Borderline,NA
SRR14550956,GSE174478,Fibrosis_F3,Disease,F,77,3,3,Borderline,NA
SRR14550957,GSE174478,Fibrosis_F4,Disease,F,61,4,4,Borderline,NA
SRR14550958,GSE174478,Fibrosis_F0,Disease,F,66,0,2,NAFL,NA
SRR14550959,GSE174478,Fibrosis_F3,Disease,M,54,3,5,NASH,NA
SRR14550960,GSE174478,Fibrosis_F4,Disease,M,83,4,3,Borderline,NA
SRR14550961,GSE174478,Fibrosis_F1,Disease,F,47,1,7,NASH,NA
SRR14550962,GSE174478,Fibrosis_F2,Disease,M,57,2,5,NASH,NA
SRR14550963,GSE174478,Fibrosis_F3,Disease,F,70,3,5,NASH,NA
SRR14550964,GSE174478,Fibrosis_F3,Disease,M,59,3,6,NASH,NA
SRR14550965,GSE174478,Fibrosis_F4,Disease,M,50,4,6,NASH,NA
SRR14550966,GSE174478,Fibrosis_F0,Disease,M,68,0,2,NAFL,NA
SRR14550967,GSE174478,Fibrosis_F2,Disease,F,51,2,5,NASH,NA
SRR14550968,GSE174478,Fibrosis_F1,Disease,M,33,1,6,NASH,NA
SRR14550969,GSE174478,Fibrosis_F0,Disease,M,32,0,2,NAFL,NA
SRR14550970,GSE174478,Fibrosis_F3,Disease,M,53,3,5,NASH,NA
SRR14550971,GSE174478,Fibrosis_F2,Disease,M,87,2,4,Borderline,NA
SRR14550972,GSE174478,Fibrosis_F2,Disease,F,92,2,5,NASH,NA
SRR14550973,GSE174478,Fibrosis_F3,Disease,F,66,3,4,Borderline,NA
SRR14550974,GSE174478,Fibrosis_F2,Disease,M,34,2,7,NASH,NA
SRR14550975,GSE174478,Fibrosis_F1,Disease,M,85,1,2,NAFL,NA
SRR14550976,GSE174478,Fibrosis_F3,Disease,F,76,3,4,Borderline,NA
SRR14550977,GSE174478,Fibrosis_F1,Disease,F,25,1,4,Borderline,NA
SRR14550978,GSE174478,Fibrosis_F1,Disease,F,34,1,6,NASH,NA
SRR14550979,GSE174478,Fibrosis_F3,Disease,M,67,3,2,NAFL,NA
SRR14550980,GSE174478,Fibrosis_F4,Disease,F,76,4,5,NASH,NA
SRR14550981,GSE174478,Fibrosis_F2,Disease,M,58,2,5,NASH,NA
SRR14550982,GSE174478,Fibrosis_F2,Disease,F,27,2,6,NASH,NA
SRR14550983,GSE174478,Fibrosis_F1,Disease,F,65,1,5,NASH,NA
SRR14550984,GSE174478,Fibrosis_F1,Disease,F,40,1,2,NAFL,NA
SRR14550985,GSE174478,Fibrosis_F3,Disease,F,51,3,5,NASH,NA
SRR14550986,GSE174478,Fibrosis_F2,Disease,M,35,2,2,NAFL,NA
SRR14550987,GSE174478,Fibrosis_F1,Disease,M,25,1,5,NASH,NA
SRR14550988,GSE174478,Fibrosis_F4,Disease,F,68,4,5,NASH,NA
SRR14550989,GSE174478,Fibrosis_F1,Disease,M,35,1,2,NAFL,NA
SRR14550990,GSE174478,Fibrosis_F1,Disease,M,35,1,3,Borderline,NA
SRR14550991,GSE174478,Fibrosis_F0,Disease,F,61,0,2,NAFL,NA
SRR14550992,GSE174478,Fibrosis_F1,Disease,F,46,1,4,Borderline,NA
SRR14550993,GSE174478,Fibrosis_F0,Disease,M,27,0,6,NASH,NA
SRR14550994,GSE174478,Fibrosis_F4,Disease,F,50,4,6,NASH,NA
SRR14550995,GSE174478,Fibrosis_F2,Disease,M,35,2,5,NASH,NA
SRR14550996,GSE174478,Fibrosis_F1,Disease,M,31,1,6,NASH,NA
SRR14550997,GSE174478,Fibrosis_F1,Disease,F,49,1,6,NASH,NA
SRR14550998,GSE174478,Fibrosis_F2,Disease,F,68,2,4,Borderline,NA
SRR14550999,GSE174478,Fibrosis_F4,Disease,M,68,4,3,Borderline,NA
SRR14551000,GSE174478,Fibrosis_F3,Disease,F,63,3,5,NASH,NA
SRR14551001,GSE174478,Fibrosis_F3,Disease,F,66,3,5,NASH,NA
SRR14551002,GSE174478,Fibrosis_F2,Disease,M,71,2,5,NASH,NA
SRR14551003,GSE174478,Fibrosis_F3,Disease,M,52,3,6,NASH,NA
SRR14551004,GSE174478,Fibrosis_F1,Disease,M,47,1,5,NASH,NA
SRR14551005,GSE174478,Fibrosis_F2,Disease,F,42,2,7,NASH,NA
SRR14551006,GSE174478,Fibrosis_F3,Disease,M,54,3,6,NASH,NA
SRR14551007,GSE174478,Fibrosis_F1,Disease,M,51,1,5,NASH,NA
SRR14551008,GSE174478,Fibrosis_F1,Disease,F,73,1,6,NASH,NA
SRR14551009,GSE174478,Fibrosis_F4,Disease,F,66,4,1,NAFL,NA
SRR14551010,GSE174478,Fibrosis_F1,Disease,F,38,1,5,NASH,NA
SRR14551011,GSE174478,Fibrosis_F0,Disease,M,69,0,3,Borderline,NA
SRR14551012,GSE174478,Fibrosis_F3,Disease,F,75,3,4,Borderline,NA
SRR14551013,GSE174478,Fibrosis_F4,Disease,F,57,4,5,NASH,NA
SRR14551014,GSE174478,Fibrosis_F1,Disease,M,83,1,2,NAFL,NA
SRR14551015,GSE174478,Fibrosis_F2,Disease,M,48,2,6,NASH,NA
SRR14551016,GSE174478,Fibrosis_F3,Disease,F,67,3,6,NASH,NA
SRR14551017,GSE174478,Fibrosis_F1,Disease,M,51,1,5,NASH,NA
SRR14551018,GSE174478,Fibrosis_F2,Disease,M,19,2,5,NASH,NA
SRR14551019,GSE174478,Fibrosis_F1,Disease,M,42,1,3,Borderline,NA
SRR14551020,GSE174478,Fibrosis_F3,Disease,M,58,3,5,NASH,NA
SRR14551021,GSE174478,Fibrosis_F4,Disease,M,64,4,2,NAFL,NA
SRR14551022,GSE174478,Fibrosis_F1,Disease,M,48,1,5,NASH,NA
SRR14551023,GSE174478,Fibrosis_F1,Disease,F,74,1,5,NASH,NA
SRR14551024,GSE174478,Fibrosis_F3,Disease,M,56,3,3,Borderline,NA
SRR14551025,GSE174478,Fibrosis_F3,Disease,F,72,3,5,NASH,NA
SRR14551026,GSE174478,Fibrosis_F2,Disease,F,44,2,5,NASH,NA
SRR14551027,GSE174478,Fibrosis_F1,Disease,F,68,1,6,NASH,NA
SRR14551028,GSE174478,Fibrosis_F2,Disease,M,36,2,4,Borderline,NA
SRR14551029,GSE174478,Fibrosis_F0,Disease,F,51,0,3,Borderline,NA
SRR14551030,GSE174478,Fibrosis_F4,Disease,M,49,4,4,Borderline,NA
SRR14551031,GSE174478,Fibrosis_F2,Disease,M,45,2,5,NASH,NA
SRR14551032,GSE174478,Fibrosis_F1,Disease,M,53,1,4,Borderline,NA
SRR14551033,GSE174478,Fibrosis_F1,Disease,F,58,1,4,Borderline,NA
SRR14551034,GSE174478,Fibrosis_F2,Disease,M,44,2,4,Borderline,NA
SRR14551035,GSE174478,Fibrosis_F1,Disease,F,37,1,5,NASH,NA
SRR14551036,GSE174478,Fibrosis_F2,Disease,M,51,2,4,Borderline,NA
SRR14551037,GSE174478,Fibrosis_F3,Disease,F,75,3,5,NASH,NA
SRR14551038,GSE174478,Fibrosis_F2,Disease,F,68,2,5,NASH,NA
SRR14551039,GSE174478,Fibrosis_F1,Disease,F,68,1,5,NASH,NA
SRR14551040,GSE174478,Fibrosis_F2,Disease,M,60,2,6,NASH,NA
SRR14551041,GSE174478,Fibrosis_F3,Disease,F,59,3,5,NASH,NA
SRR14551042,GSE174478,Fibrosis_F1,Disease,M,42,1,3,Borderline,NA
SRR17442932,GSE193066,Fibrosis_F0,Disease,F,46,0,5,NASH,GSE193066_2022-01-05
SRR17442931,GSE193066,Fibrosis_F1,Disease,M,43,1,2,NAFL,GSE193066_2022-01-05
SRR17442930,GSE193066,Fibrosis_F0,Disease,M,65,0,3,Borderline,GSE193066_2022-01-05
SRR17442929,GSE193066,Fibrosis_F1,Disease,M,55,1,5,NASH,GSE193066_2022-01-05
SRR17442928,GSE193066,Fibrosis_F1,Disease,M,20,1,6,NASH,GSE193066_2022-01-05
SRR17442927,GSE193066,Fibrosis_F1,Disease,M,44,1,3,Borderline,GSE193066_2022-01-05
SRR17442926,GSE193066,Fibrosis_F1,Disease,M,31,1,5,NASH,GSE193066_2022-01-05
SRR17442925,GSE193066,Fibrosis_F0,Disease,M,48,0,6,NASH,GSE193066_2022-01-05
SRR17442924,GSE193066,Fibrosis_F1,Disease,M,62,1,2,NAFL,GSE193066_2022-01-05
SRR17442923,GSE193066,Fibrosis_F1,Disease,M,74,1,3,Borderline,GSE193066_2022-01-05
SRR17442922,GSE193066,Fibrosis_F0,Disease,M,71,0,3,Borderline,GSE193066_2022-01-05
SRR17442921,GSE193066,Fibrosis_F0,Disease,M,32,0,5,NASH,GSE193066_2022-01-05
SRR17442920,GSE193066,Fibrosis_F0,Disease,M,59,0,1,NAFL,GSE193066_2022-01-05
SRR17442919,GSE193066,Fibrosis_F1,Disease,F,40,1,6,NASH,GSE193066_2022-01-05
SRR17442918,GSE193066,Fibrosis_F1,Disease,M,47,1,4,Borderline,GSE193066_2022-01-05
SRR17442917,GSE193066,Fibrosis_F1,Disease,M,66,1,1,NAFL,GSE193066_2022-01-05
SRR17442916,GSE193066,Fibrosis_F1,Disease,M,41,1,3,Borderline,GSE193066_2022-01-05
SRR17442915,GSE193066,Fibrosis_F1,Disease,F,59,1,3,Borderline,GSE193066_2022-01-05
SRR17442914,GSE193066,Fibrosis_F1,Disease,M,31,1,6,NASH,GSE193066_2022-01-05
SRR17442913,GSE193066,Fibrosis_F1,Disease,M,51,1,4,Borderline,GSE193066_2022-01-05
SRR17442912,GSE193066,Fibrosis_F1,Disease,M,31,1,4,Borderline,GSE193066_2022-01-05
SRR17442911,GSE193066,Fibrosis_F1,Disease,F,57,1,6,NASH,GSE193066_2022-01-05
SRR17442910,GSE193066,Fibrosis_F1,Disease,F,54,1,3,Borderline,GSE193066_2022-01-05
SRR17442909,GSE193066,Fibrosis_F1,Disease,F,57,1,3,Borderline,GSE193066_2022-01-05
SRR17442908,GSE193066,Fibrosis_F1,Disease,M,63,1,3,Borderline,GSE193066_2022-01-05
SRR17442907,GSE193066,Fibrosis_F1,Disease,F,51,1,3,Borderline,GSE193066_2022-01-05
SRR17442906,GSE193066,Fibrosis_F2,Disease,F,62,2,5,NASH,GSE193066_2022-01-05
SRR17442905,GSE193066,Fibrosis_F2,Disease,M,20,2,4,Borderline,GSE193066_2022-01-05
SRR17442904,GSE193066,Fibrosis_F3,Disease,F,69,3,2,NAFL,GSE193066_2022-01-05
SRR17442903,GSE193066,Fibrosis_F1,Disease,F,61,1,5,NASH,GSE193066_2022-01-05
SRR17442902,GSE193066,Fibrosis_F2,Disease,M,63,2,6,NASH,GSE193066_2022-01-05
SRR17442901,GSE193066,Fibrosis_F3,Disease,F,79,3,5,NASH,GSE193066_2022-01-05
SRR17442900,GSE193066,Fibrosis_F2,Disease,M,34,2,5,NASH,GSE193066_2022-01-05
SRR17442899,GSE193066,Fibrosis_F1,Disease,M,33,1,4,Borderline,GSE193066_2022-01-05
SRR17442898,GSE193066,Fibrosis_F2,Disease,M,38,2,7,NASH,GSE193066_2022-01-05
SRR17442897,GSE193066,Fibrosis_F2,Disease,F,47,2,3,Borderline,GSE193066_2022-01-05
SRR17442896,GSE193066,Fibrosis_F1,Disease,M,55,1,5,NASH,GSE193066_2022-01-05
SRR17442895,GSE193066,Fibrosis_F3,Disease,F,64,3,4,Borderline,GSE193066_2022-01-05
SRR17442894,GSE193066,Fibrosis_F2,Disease,F,73,2,7,NASH,GSE193066_2022-01-05
SRR17442893,GSE193066,Fibrosis_F1,Disease,M,35,1,6,NASH,GSE193066_2022-01-05
SRR17442892,GSE193066,Fibrosis_F1,Disease,F,54,1,3,Borderline,GSE193066_2022-01-05
SRR17442891,GSE193066,Fibrosis_F2,Disease,M,38,2,3,Borderline,GSE193066_2022-01-05
SRR17442890,GSE193066,Fibrosis_F3,Disease,F,74,3,3,Borderline,GSE193066_2022-01-05
SRR17442889,GSE193066,Fibrosis_F3,Disease,F,43,3,3,Borderline,GSE193066_2022-01-05
SRR17442888,GSE193066,Fibrosis_F1,Disease,F,48,1,6,NASH,GSE193066_2022-01-05
SRR17442887,GSE193066,Fibrosis_F3,Disease,F,71,3,3,Borderline,GSE193066_2022-01-05
SRR17442886,GSE193066,Fibrosis_F3,Disease,F,61,3,3,Borderline,GSE193066_2022-01-05
SRR17442885,GSE193066,Fibrosis_F1,Disease,M,33,1,3,Borderline,GSE193066_2022-01-05
SRR17442884,GSE193066,Fibrosis_F1,Disease,F,57,1,3,Borderline,GSE193066_2022-01-05
SRR17442883,GSE193066,Fibrosis_F2,Disease,F,55,2,3,Borderline,GSE193066_2022-01-05
SRR17442882,GSE193066,Fibrosis_F2,Disease,M,23,2,4,Borderline,GSE193066_2022-01-05
SRR17442881,GSE193066,Fibrosis_F2,Disease,M,44,2,3,Borderline,GSE193066_2022-01-05
SRR17442880,GSE193066,Fibrosis_F2,Disease,M,58,2,1,NAFL,GSE193066_2022-01-05
SRR17442879,GSE193066,Fibrosis_F2,Disease,F,64,2,3,Borderline,GSE193066_2022-01-05
SRR17442878,GSE193066,Fibrosis_F1,Disease,M,53,1,4,Borderline,GSE193066_2022-01-05
SRR17442876,GSE193066,Fibrosis_F3,Disease,M,39,3,4,Borderline,GSE193066_2022-01-05
SRR17442875,GSE193066,Fibrosis_F2,Disease,M,45,2,3,Borderline,GSE193066_2022-01-05
SRR17442874,GSE193066,Fibrosis_F2,Disease,M,42,2,6,NASH,GSE193066_2022-01-05
SRR17442873,GSE193066,Fibrosis_F2,Disease,M,55,2,3,Borderline,GSE193066_2022-01-05
SRR17442877,GSE193066,Fibrosis_F1,Disease,M,48,1,2,NAFL,GSE193066_2022-01-05
SRR17442872,GSE193066,Fibrosis_F2,Disease,F,55,2,3,Borderline,GSE193066_2022-01-05
SRR17442871,GSE193066,Fibrosis_F1,Disease,M,41,1,4,Borderline,GSE193066_2022-01-05
SRR17442870,GSE193066,Fibrosis_F2,Disease,M,62,2,3,Borderline,GSE193066_2022-01-05
SRR17442869,GSE193066,Fibrosis_F2,Disease,M,36,2,4,Borderline,GSE193066_2022-01-05
SRR17442868,GSE193066,Fibrosis_F2,Disease,M,42,2,3,Borderline,GSE193066_2022-01-05
SRR17442867,GSE193066,Fibrosis_F1,Disease,M,64,1,2,NAFL,GSE193066_2022-01-05
SRR17442866,GSE193066,Fibrosis_F2,Disease,F,63,2,3,Borderline,GSE193066_2022-01-05
SRR17442865,GSE193066,Fibrosis_F1,Disease,M,50,1,5,NASH,GSE193066_2022-01-05
SRR17442864,GSE193066,Fibrosis_F1,Disease,M,46,1,3,Borderline,GSE193066_2022-01-05
SRR17442863,GSE193066,Fibrosis_F2,Disease,M,57,2,3,Borderline,GSE193066_2022-01-05
SRR17442862,GSE193066,Fibrosis_F3,Disease,M,69,3,4,Borderline,GSE193066_2022-01-05
SRR17442861,GSE193066,Fibrosis_F2,Disease,M,52,2,3,Borderline,GSE193066_2022-01-05
SRR17442860,GSE193066,Fibrosis_F3,Disease,M,69,3,2,NAFL,GSE193066_2022-01-05
SRR17442859,GSE193066,Fibrosis_F2,Disease,M,49,2,4,Borderline,GSE193066_2022-01-05
SRR17442858,GSE193066,Fibrosis_F2,Disease,F,45,2,3,Borderline,GSE193066_2022-01-05
SRR17442857,GSE193066,Fibrosis_F3,Disease,F,50,3,7,NASH,GSE193066_2022-01-05
SRR17442856,GSE193066,Fibrosis_F3,Disease,M,60,3,7,NASH,GSE193066_2022-01-05
SRR17442855,GSE193066,Fibrosis_F3,Disease,F,68,3,4,Borderline,GSE193066_2022-01-05
SRR17442854,GSE193066,Fibrosis_F2,Disease,F,74,2,4,Borderline,GSE193066_2022-01-05
SRR17442853,GSE193066,Fibrosis_F3,Disease,F,62,3,7,NASH,GSE193066_2022-01-05
SRR17442852,GSE193066,Fibrosis_F2,Disease,M,33,2,4,Borderline,GSE193066_2022-01-05
SRR17442851,GSE193066,Fibrosis_F2,Disease,M,60,2,4,Borderline,GSE193066_2022-01-05
SRR17442850,GSE193066,Fibrosis_F2,Disease,F,31,2,7,NASH,GSE193066_2022-01-05
SRR17442849,GSE193066,Fibrosis_F3,Disease,F,60,3,3,Borderline,GSE193066_2022-01-05
SRR17442848,GSE193066,Fibrosis_F2,Disease,M,33,2,5,NASH,GSE193066_2022-01-05
SRR17442847,GSE193066,Fibrosis_F2,Disease,F,65,2,3,Borderline,GSE193066_2022-01-05
SRR17442846,GSE193066,Fibrosis_F3,Disease,M,63,3,3,Borderline,GSE193066_2022-01-05
SRR17442845,GSE193066,Fibrosis_F2,Disease,M,60,2,4,Borderline,GSE193066_2022-01-05
SRR17442844,GSE193066,Fibrosis_F2,Disease,M,35,2,3,Borderline,GSE193066_2022-01-05
SRR17442843,GSE193066,Fibrosis_F2,Disease,M,75,2,3,Borderline,GSE193066_2022-01-05
SRR17442842,GSE193066,Fibrosis_F1,Disease,F,76,1,3,Borderline,GSE193066_2022-01-05
SRR17442841,GSE193066,Fibrosis_F2,Disease,F,62,2,3,Borderline,GSE193066_2022-01-05
SRR17442840,GSE193066,Fibrosis_F3,Disease,M,66,3,3,Borderline,GSE193066_2022-01-05
SRR17442839,GSE193066,Fibrosis_F4,Disease,F,83,4,5,NASH,GSE193066_2022-01-05
SRR17442838,GSE193066,Fibrosis_F3,Disease,M,37,3,3,Borderline,GSE193066_2022-01-05
SRR17442837,GSE193066,Fibrosis_F2,Disease,M,39,2,3,Borderline,GSE193066_2022-01-05
SRR17442836,GSE193066,Fibrosis_F3,Disease,M,43,3,7,NASH,GSE193066_2022-01-05
SRR17442835,GSE193066,Fibrosis_F2,Disease,F,49,2,3,Borderline,GSE193066_2022-01-05
SRR17442834,GSE193066,Fibrosis_F2,Disease,F,65,2,5,NASH,GSE193066_2022-01-05
SRR17442833,GSE193066,Fibrosis_F3,Disease,F,75,3,3,Borderline,GSE193066_2022-01-05
SRR17442832,GSE193066,Fibrosis_F2,Disease,M,38,2,4,Borderline,GSE193066_2022-01-05
SRR17442831,GSE193066,Fibrosis_F3,Disease,F,77,3,5,NASH,GSE193066_2022-01-05
SRR17442830,GSE193066,Fibrosis_F3,Disease,F,46,3,4,Borderline,GSE193066_2022-01-05
SRR17442829,GSE193066,Fibrosis_F2,Disease,F,51,2,5,NASH,GSE193066_2022-01-05
SRR17442828,GSE193066,Fibrosis_F3,Disease,F,73,3,5,NASH,GSE193066_2022-01-05
SRR17442824,GSE193066,Fibrosis_F2,Disease,M,51,2,5,NASH,GSE193066_2022-01-05
SRR17442823,GSE193066,Fibrosis_F2,Disease,F,48,2,4,Borderline,GSE193066_2022-01-05
SRR17442827,GSE193066,Fibrosis_F2,Disease,F,63,2,4,Borderline,GSE193066_2022-01-05
SRR17442826,GSE193066,Fibrosis_F2,Disease,M,36,2,4,Borderline,GSE193066_2022-01-05
SRR17442825,GSE193066,Fibrosis_F3,Disease,F,58,3,3,Borderline,GSE193066_2022-01-05
SRR17442822,GSE193066,Fibrosis_F3,Disease,M,53,3,8,NASH,GSE193066_2022-01-05
SRR17442821,GSE193066,Fibrosis_F3,Disease,F,73,3,4,Borderline,GSE193066_2022-01-05
SRR17442820,GSE193066,Fibrosis_F2,Disease,F,59,2,3,Borderline,GSE193066_2022-01-05
SRR17442819,GSE193066,Fibrosis_F3,Disease,F,50,3,7,NASH,GSE193066_2022-01-05
SRR17442818,GSE193066,Fibrosis_F3,Disease,M,55,3,7,NASH,GSE193066_2022-01-05
SRR17442817,GSE193066,Fibrosis_F2,Disease,F,50,2,3,Borderline,GSE193066_2022-01-05
SRR17442816,GSE193066,Fibrosis_F3,Disease,M,59,3,3,Borderline,GSE193066_2022-01-05
SRR17442815,GSE193066,Fibrosis_F2,Disease,F,37,2,7,NASH,GSE193066_2022-01-05
SRR17442814,GSE193066,Fibrosis_F2,Disease,M,44,2,6,NASH,GSE193066_2022-01-05
SRR17442813,GSE193066,Fibrosis_F3,Disease,M,46,3,6,NASH,GSE193066_2022-01-05
SRR17442812,GSE193066,Fibrosis_F3,Disease,F,59,3,8,NASH,GSE193066_2022-01-05
SRR17442811,GSE193066,Fibrosis_F2,Disease,F,37,2,6,NASH,GSE193066_2022-01-05
SRR17442810,GSE193066,Fibrosis_F2,Disease,F,53,2,3,Borderline,GSE193066_2022-01-05
SRR17442809,GSE193066,Fibrosis_F3,Disease,M,60,3,3,Borderline,GSE193066_2022-01-05
SRR17442808,GSE193066,Fibrosis_F3,Disease,M,46,3,4,Borderline,GSE193066_2022-01-05
SRR17442807,GSE193066,Fibrosis_F2,Disease,F,37,2,4,Borderline,GSE193066_2022-01-05
SRR17442806,GSE193066,Fibrosis_F2,Disease,M,48,2,5,NASH,GSE193066_2022-01-05
SRR17442805,GSE193066,Fibrosis_F3,Disease,M,64,3,3,Borderline,GSE193066_2022-01-05
SRR17442804,GSE193066,Fibrosis_F1,Disease,M,42,1,4,Borderline,GSE193066_2022-01-05
SRR17442803,GSE193066,Fibrosis_F3,Disease,M,32,3,7,NASH,GSE193066_2022-01-05
SRR17442802,GSE193066,Fibrosis_F2,Disease,M,62,2,5,NASH,GSE193066_2022-01-05
SRR17442801,GSE193066,Fibrosis_F2,Disease,F,63,2,4,Borderline,GSE193066_2022-01-05
SRR17442800,GSE193066,Fibrosis_F1,Disease,M,61,1,4,Borderline,GSE193066_2022-01-05
SRR17442799,GSE193066,Fibrosis_F1,Disease,M,58,1,4,Borderline,GSE193066_2022-01-05
SRR17442798,GSE193066,Fibrosis_F1,Disease,M,31,1,4,Borderline,GSE193066_2022-01-05
SRR17442797,GSE193066,Fibrosis_F1,Disease,M,73,1,3,Borderline,GSE193066_2022-01-05
SRR17442796,GSE193066,Fibrosis_F2,Disease,M,59,2,3,Borderline,GSE193066_2022-01-05
SRR17442795,GSE193066,Fibrosis_F3,Disease,M,71,3,3,Borderline,GSE193066_2022-01-05
SRR17442794,GSE193066,Fibrosis_F1,Disease,M,71,1,1,NAFL,GSE193066_2022-01-05
SRR17442793,GSE193066,Fibrosis_F2,Disease,M,51,2,4,Borderline,GSE193066_2022-01-05
SRR17442792,GSE193066,Fibrosis_F2,Disease,F,48,2,2,NAFL,GSE193066_2022-01-05
SRR17442791,GSE193066,Fibrosis_F2,Disease,M,62,2,3,Borderline,GSE193066_2022-01-05
SRR17442790,GSE193066,Fibrosis_F3,Disease,F,71,3,2,NAFL,GSE193066_2022-01-05
SRR17442789,GSE193066,Fibrosis_F2,Disease,F,75,2,3,Borderline,GSE193066_2022-01-05
SRR17442788,GSE193066,Fibrosis_F3,Disease,F,64,3,3,Borderline,GSE193066_2022-01-05
SRR17442787,GSE193066,Fibrosis_F1,Disease,M,37,1,3,Borderline,GSE193066_2022-01-05
SRR17442786,GSE193066,Fibrosis_F3,Disease,F,61,3,3,Borderline,GSE193066_2022-01-05
SRR17442785,GSE193066,Fibrosis_F2,Disease,M,54,2,3,Borderline,GSE193066_2022-01-05
SRR17442784,GSE193066,Fibrosis_F3,Disease,M,57,3,4,Borderline,GSE193066_2022-01-05
SRR17442783,GSE193066,Fibrosis_F3,Disease,F,75,3,3,Borderline,GSE193066_2022-01-05
SRR17442782,GSE193066,Fibrosis_F2,Disease,F,61,2,3,Borderline,GSE193066_2022-01-05
SRR17442781,GSE193066,Fibrosis_F2,Disease,F,51,2,3,Borderline,GSE193066_2022-01-05
SRR17442780,GSE193066,Fibrosis_F2,Disease,M,57,2,3,Borderline,GSE193066_2022-01-05
SRR17442779,GSE193066,Fibrosis_F1,Disease,F,53,1,3,Borderline,GSE193066_2022-01-05
SRR17442778,GSE193066,Fibrosis_F2,Disease,M,62,2,3,Borderline,GSE193066_2022-01-05
SRR17442777,GSE193066,Fibrosis_F2,Disease,M,46,2,3,Borderline,GSE193066_2022-01-05
SRR17442776,GSE193066,Fibrosis_F1,Disease,M,47,1,2,NAFL,GSE193066_2022-01-05
SRR17442775,GSE193066,Fibrosis_F2,Disease,F,62,2,5,NASH,GSE193066_2022-01-05
SRR17442774,GSE193066,Fibrosis_F2,Disease,F,40,2,2,NAFL,GSE193066_2022-01-05
SRR17442773,GSE193066,Fibrosis_F2,Disease,F,54,2,3,Borderline,GSE193066_2022-01-05
SRR17442772,GSE193066,Fibrosis_F1,Disease,M,63,1,3,Borderline,GSE193066_2022-01-05
SRR17442771,GSE193066,Fibrosis_F2,Disease,M,41,2,3,Borderline,GSE193066_2022-01-05
SRR17442770,GSE193066,Fibrosis_F2,Disease,F,39,2,4,Borderline,GSE193066_2022-01-05
SRR17442769,GSE193066,Fibrosis_F2,Disease,M,50,2,3,Borderline,GSE193066_2022-01-05
SRR25630265,GSE240729,Fibrosis_F2,Disease,,,2,,,NA
SRR25630264,GSE240729,Fibrosis_F0,Disease,,,0,,,NA
SRR25630263,GSE240729,Fibrosis_F4,Disease,,,4,,,NA
SRR25630262,GSE240729,Fibrosis_F1,Disease,,,1,,,NA
SRR25630261,GSE240729,Fibrosis_F2,Disease,,,2,,,NA
SRR25630260,GSE240729,Fibrosis_F2,Disease,,,2,,,NA
SRR25630259,GSE240729,Fibrosis_F2,Disease,,,2,,,NA
SRR25630258,GSE240729,Fibrosis_F2,Disease,,,2,,,NA
SRR25630257,GSE240729,Fibrosis_F2,Disease,,,2,,,NA
SRR25630256,GSE240729,Fibrosis_F2,Disease,,,2,,,NA
SRR25630255,GSE240729,Fibrosis_F3,Disease,,,3,,,NA
SRR25630254,GSE240729,Fibrosis_F2,Disease,,,2,,,NA
SRR25630253,GSE240729,Fibrosis_F2,Disease,,,2,,,NA
SRR25630252,GSE240729,Fibrosis_F2,Disease,,,2,,,NA
SRR25630251,GSE240729,Fibrosis_F1,Disease,,,1,,,NA
SRR25630250,GSE240729,Fibrosis_F3,Disease,,,3,,,NA
SRR25630249,GSE240729,Fibrosis_F2,Disease,,,2,,,NA
SRR25630248,GSE240729,Fibrosis_F2,Disease,,,2,,,NA
SRR25630247,GSE240729,Fibrosis_F3,Disease,,,3,,,NA
SRR25630246,GSE240729,Fibrosis_F3,Disease,,,3,,,NA
SRR25630245,GSE240729,Fibrosis_F3,Disease,,,3,,,NA
SRR25630244,GSE240729,Fibrosis_F3,Disease,,,3,,,NA
SRR25630243,GSE240729,Fibrosis_F4,Disease,,,4,,,NA
SRR25630242,GSE240729,Fibrosis_F2,Disease,,,2,,,NA
SRR25630233,GSE240729,Fibrosis_F4,Disease,,,4,,,NA
SRR25630232,GSE240729,Fibrosis_F4,Disease,,,4,,,NA
SRR25630231,GSE240729,Fibrosis_F3,Disease,,,3,,,NA
SRR25630230,GSE240729,Fibrosis_F0,Disease,,,0,,,NA
SRR25630229,GSE240729,Fibrosis_F0,Disease,,,0,,,NA
SRR25630228,GSE240729,Fibrosis_F4,Disease,,,4,,,NA
SRR25630227,GSE240729,Fibrosis_F3,Disease,,,3,,,NA
SRR25630226,GSE240729,Fibrosis_F4,Disease,,,4,,,NA
SRR25630225,GSE240729,Fibrosis_F3,Disease,,,3,,,NA
SRR25630224,GSE240729,Fibrosis_F0,Disease,,,0,,,NA
SRR25630223,GSE240729,Fibrosis_F1,Disease,,,1,,,NA
SRR25630222,GSE240729,Fibrosis_F1,Disease,,,1,,,NA
SRR25630221,GSE240729,Fibrosis_F0,Disease,,,0,,,NA
SRR25630220,GSE240729,Fibrosis_F0,Disease,,,0,,,NA
SRR25630219,GSE240729,Fibrosis_F2,Disease,,,2,,,NA
SRR25630218,GSE240729,Fibrosis_F2,Disease,,,2,,,NA
SRR25630209,GSE240729,Fibrosis_F1,Disease,,,1,,,NA
SRR25630208,GSE240729,Fibrosis_F2,Disease,,,2,,,NA
SRR25630207,GSE240729,Fibrosis_F3,Disease,,,3,,,NA
SRR25630206,GSE240729,Fibrosis_F1,Disease,,,1,,,NA
SRR25630205,GSE240729,Fibrosis_F2,Disease,,,2,,,NA
SRR25630204,GSE240729,Fibrosis_F2,Disease,,,2,,,NA
SRR25630203,GSE240729,Fibrosis_F1,Disease,,,1,,,NA
SRR25630202,GSE240729,Fibrosis_F1,Disease,,,1,,,NA
SRR25630217,GSE240729,Fibrosis_F1,Disease,,,1,,,NA
SRR25630216,GSE240729,Fibrosis_F2,Disease,,,2,,,NA
SRR25630215,GSE240729,Fibrosis_F2,Disease,,,2,,,NA
SRR25630214,GSE240729,Fibrosis_F0,Disease,,,0,,,NA
SRR25630213,GSE240729,Fibrosis_F1,Disease,,,1,,,NA
SRR25630212,GSE240729,Fibrosis_F2,Disease,,,2,,,NA
SRR25630211,GSE240729,Fibrosis_F1,Disease,,,1,,,NA
SRR25630210,GSE240729,Fibrosis_F2,Disease,,,2,,,NA
SRR25630241,GSE240729,Fibrosis_F1,Disease,,,1,,,NA
SRR25630240,GSE240729,Fibrosis_F1,Disease,,,1,,,NA
SRR25630239,GSE240729,Fibrosis_F2,Disease,,,2,,,NA
SRR25630238,GSE240729,Fibrosis_F0,Disease,,,0,,,NA
SRR25630237,GSE240729,Fibrosis_F1,Disease,,,1,,,NA
SRR25630236,GSE240729,Fibrosis_F1,Disease,,,1,,,NA
SRR25630235,GSE240729,Fibrosis_F1,Disease,,,1,,,NA
SRR25630234,GSE240729,Fibrosis_F2,Disease,,,2,,,NA
SRR25630201,GSE240729,Fibrosis_F0,Disease,,,0,,,NA
SRR25630200,GSE240729,Fibrosis_F2,Disease,,,2,,,NA
SRR25630199,GSE240729,Fibrosis_F1,Disease,,,1,,,NA
