SRX,Run,!Sample_title,!Sample_geo_accession,!Sample_status,!Sample_submission_date,!Sample_last_update_date,!Sample_type,!Sample_channel_count,!Sample_source_name_ch1,!Sample_organism_ch1,fibrosisscore,tissue,!Sample_molecule_ch1,!Sample_extract_protocol_ch1,!Sample_taxid_ch1,!Sample_data_processing,!Sample_platform_id,!Sample_contact_name,!Sample_contact_email,!Sample_contact_phone,!Sample_contact_department,!Sample_contact_institute,!Sample_contact_address,!Sample_contact_city,!Sample_contact_zip/postal_code,!Sample_contact_country,!Sample_data_row_count,!Sample_instrument_model,!Sample_library_selection,!Sample_library_source,!Sample_library_strategy,!Sample_relation,!Sample_supplementary_file_1
SRX21357014,SRR25630265,7068-04-001-001,GSM7708388,Public on May 17 2024,Aug 14 2023,May 17 2024,SRA,1,liver (FFPE = Formalin Fixed Paraffin Embedded),Homo sapiens,F2,liver (FFPE = Formalin Fixed Paraffin Embedded),total RNA,"Clustering and DNA sequencing using the NovaSeq6000 was performed according to manufacturer's protocols. A concentration of 1.1 nM of DNA was used yielding paired end reads (2x 150bp). NovaSeq control software NCS v1.6 was used. Image analysis, base calling, and quality check was performed with the Illumina data analysis pipeline RTA3.4.4 and Bcl2fastq v2.20.",9606,Supplementary files format and content: The count files contain the # reads mapped per gene (not normalised per sample). These counts serve as input for the statistical analysis using DEseq2 package.,GPL24676,"Lars,,Verschuren",lars.verschuren@tno.nl,31888666039,Microbiology and Systems Biology,TNO,Utrechtseweg 48,Zeist,3704HE,Netherlands,0,Illumina NovaSeq 6000,cDNA,transcriptomic,RNA-Seq,SRA: https://www.ncbi.nlm.nih.gov/sra?term=SRX21357014,ftp://ftp.ncbi.nlm.nih.gov/geo/samples/GSM7708nnn/GSM7708388/suppl/GSM7708388_s7068-04-001-001.counts.tsv.gz
SRX21357015,SRR25630264,7068-04-001-002,GSM7708389,Public on May 17 2024,Aug 14 2023,May 17 2024,SRA,1,liver (FFPE = Formalin Fixed Paraffin Embedded),Homo sapiens,F0,liver (FFPE = Formalin Fixed Paraffin Embedded),total RNA,"Clustering and DNA sequencing using the NovaSeq6000 was performed according to manufacturer's protocols. A concentration of 1.1 nM of DNA was used yielding paired end reads (2x 150bp). NovaSeq control software NCS v1.6 was used. Image analysis, base calling, and quality check was performed with the Illumina data analysis pipeline RTA3.4.4 and Bcl2fastq v2.20.",9606,Supplementary files format and content: The count files contain the # reads mapped per gene (not normalised per sample). These counts serve as input for the statistical analysis using DEseq2 package.,GPL24676,"Lars,,Verschuren",lars.verschuren@tno.nl,31888666039,Microbiology and Systems Biology,TNO,Utrechtseweg 48,Zeist,3704HE,Netherlands,0,Illumina NovaSeq 6000,cDNA,transcriptomic,RNA-Seq,SRA: https://www.ncbi.nlm.nih.gov/sra?term=SRX21357015,ftp://ftp.ncbi.nlm.nih.gov/geo/samples/GSM7708nnn/GSM7708389/suppl/GSM7708389_s7068-04-001-002.counts.tsv.gz
SRX21357016,SRR25630263,7068-04-001-003,GSM7708390,Public on May 17 2024,Aug 14 2023,May 17 2024,SRA,1,liver (FFPE = Formalin Fixed Paraffin Embedded),Homo sapiens,F4,liver (FFPE = Formalin Fixed Paraffin Embedded),total RNA,"Clustering and DNA sequencing using the NovaSeq6000 was performed according to manufacturer's protocols. A concentration of 1.1 nM of DNA was used yielding paired end reads (2x 150bp). NovaSeq control software NCS v1.6 was used. Image analysis, base calling, and quality check was performed with the Illumina data analysis pipeline RTA3.4.4 and Bcl2fastq v2.20.",9606,Supplementary files format and content: The count files contain the # reads mapped per gene (not normalised per sample). These counts serve as input for the statistical analysis using DEseq2 package.,GPL24676,"Lars,,Verschuren",lars.verschuren@tno.nl,31888666039,Microbiology and Systems Biology,TNO,Utrechtseweg 48,Zeist,3704HE,Netherlands,0,Illumina NovaSeq 6000,cDNA,transcriptomic,RNA-Seq,SRA: https://www.ncbi.nlm.nih.gov/sra?term=SRX21357016,ftp://ftp.ncbi.nlm.nih.gov/geo/samples/GSM7708nnn/GSM7708390/suppl/GSM7708390_s7068-04-001-003.counts.tsv.gz
SRX21357017,SRR25630262,7068-04-001-004,GSM7708391,Public on May 17 2024,Aug 14 2023,May 17 2024,SRA,1,liver (FFPE = Formalin Fixed Paraffin Embedded),Homo sapiens,F1,liver (FFPE = Formalin Fixed Paraffin Embedded),total RNA,"Clustering and DNA sequencing using the NovaSeq6000 was performed according to manufacturer's protocols. A concentration of 1.1 nM of DNA was used yielding paired end reads (2x 150bp). NovaSeq control software NCS v1.6 was used. Image analysis, base calling, and quality check was performed with the Illumina data analysis pipeline RTA3.4.4 and Bcl2fastq v2.20.",9606,Supplementary files format and content: The count files contain the # reads mapped per gene (not normalised per sample). These counts serve as input for the statistical analysis using DEseq2 package.,GPL24676,"Lars,,Verschuren",lars.verschuren@tno.nl,31888666039,Microbiology and Systems Biology,TNO,Utrechtseweg 48,Zeist,3704HE,Netherlands,0,Illumina NovaSeq 6000,cDNA,transcriptomic,RNA-Seq,SRA: https://www.ncbi.nlm.nih.gov/sra?term=SRX21357017,ftp://ftp.ncbi.nlm.nih.gov/geo/samples/GSM7708nnn/GSM7708391/suppl/GSM7708391_s7068-04-001-004.counts.tsv.gz
SRX21357018,SRR25630261,7068-04-001-005,GSM7708392,Public on May 17 2024,Aug 14 2023,May 17 2024,SRA,1,liver (FFPE = Formalin Fixed Paraffin Embedded),Homo sapiens,F2,liver (FFPE = Formalin Fixed Paraffin Embedded),total RNA,"Clustering and DNA sequencing using the NovaSeq6000 was performed according to manufacturer's protocols. A concentration of 1.1 nM of DNA was used yielding paired end reads (2x 150bp). NovaSeq control software NCS v1.6 was used. Image analysis, base calling, and quality check was performed with the Illumina data analysis pipeline RTA3.4.4 and Bcl2fastq v2.20.",9606,Supplementary files format and content: The count files contain the # reads mapped per gene (not normalised per sample). These counts serve as input for the statistical analysis using DEseq2 package.,GPL24676,"Lars,,Verschuren",lars.verschuren@tno.nl,31888666039,Microbiology and Systems Biology,TNO,Utrechtseweg 48,Zeist,3704HE,Netherlands,0,Illumina NovaSeq 6000,cDNA,transcriptomic,RNA-Seq,SRA: https://www.ncbi.nlm.nih.gov/sra?term=SRX21357018,ftp://ftp.ncbi.nlm.nih.gov/geo/samples/GSM7708nnn/GSM7708392/suppl/GSM7708392_s7068-04-001-005.counts.tsv.gz
SRX21357019,SRR25630260,7068-04-001-006,GSM7708393,Public on May 17 2024,Aug 14 2023,May 17 2024,SRA,1,liver (FFPE = Formalin Fixed Paraffin Embedded),Homo sapiens,F2,liver (FFPE = Formalin Fixed Paraffin Embedded),total RNA,"Clustering and DNA sequencing using the NovaSeq6000 was performed according to manufacturer's protocols. A concentration of 1.1 nM of DNA was used yielding paired end reads (2x 150bp). NovaSeq control software NCS v1.6 was used. Image analysis, base calling, and quality check was performed with the Illumina data analysis pipeline RTA3.4.4 and Bcl2fastq v2.20.",9606,Supplementary files format and content: The count files contain the # reads mapped per gene (not normalised per sample). These counts serve as input for the statistical analysis using DEseq2 package.,GPL24676,"Lars,,Verschuren",lars.verschuren@tno.nl,31888666039,Microbiology and Systems Biology,TNO,Utrechtseweg 48,Zeist,3704HE,Netherlands,0,Illumina NovaSeq 6000,cDNA,transcriptomic,RNA-Seq,SRA: https://www.ncbi.nlm.nih.gov/sra?term=SRX21357019,ftp://ftp.ncbi.nlm.nih.gov/geo/samples/GSM7708nnn/GSM7708393/suppl/GSM7708393_s7068-04-001-006.counts.tsv.gz
SRX21357020,SRR25630259,7068-04-001-007,GSM7708394,Public on May 17 2024,Aug 14 2023,May 17 2024,SRA,1,liver (FFPE = Formalin Fixed Paraffin Embedded),Homo sapiens,F2,liver (FFPE = Formalin Fixed Paraffin Embedded),total RNA,"Clustering and DNA sequencing using the NovaSeq6000 was performed according to manufacturer's protocols. A concentration of 1.1 nM of DNA was used yielding paired end reads (2x 150bp). NovaSeq control software NCS v1.6 was used. Image analysis, base calling, and quality check was performed with the Illumina data analysis pipeline RTA3.4.4 and Bcl2fastq v2.20.",9606,Supplementary files format and content: The count files contain the # reads mapped per gene (not normalised per sample). These counts serve as input for the statistical analysis using DEseq2 package.,GPL24676,"Lars,,Verschuren",lars.verschuren@tno.nl,31888666039,Microbiology and Systems Biology,TNO,Utrechtseweg 48,Zeist,3704HE,Netherlands,0,Illumina NovaSeq 6000,cDNA,transcriptomic,RNA-Seq,SRA: https://www.ncbi.nlm.nih.gov/sra?term=SRX21357020,ftp://ftp.ncbi.nlm.nih.gov/geo/samples/GSM7708nnn/GSM7708394/suppl/GSM7708394_s7068-04-001-007.counts.tsv.gz
SRX21357021,SRR25630258,7068-04-001-008,GSM7708395,Public on May 17 2024,Aug 14 2023,May 17 2024,SRA,1,liver (FFPE = Formalin Fixed Paraffin Embedded),Homo sapiens,F2,liver (FFPE = Formalin Fixed Paraffin Embedded),total RNA,"Clustering and DNA sequencing using the NovaSeq6000 was performed according to manufacturer's protocols. A concentration of 1.1 nM of DNA was used yielding paired end reads (2x 150bp). NovaSeq control software NCS v1.6 was used. Image analysis, base calling, and quality check was performed with the Illumina data analysis pipeline RTA3.4.4 and Bcl2fastq v2.20.",9606,Supplementary files format and content: The count files contain the # reads mapped per gene (not normalised per sample). These counts serve as input for the statistical analysis using DEseq2 package.,GPL24676,"Lars,,Verschuren",lars.verschuren@tno.nl,31888666039,Microbiology and Systems Biology,TNO,Utrechtseweg 48,Zeist,3704HE,Netherlands,0,Illumina NovaSeq 6000,cDNA,transcriptomic,RNA-Seq,SRA: https://www.ncbi.nlm.nih.gov/sra?term=SRX21357021,ftp://ftp.ncbi.nlm.nih.gov/geo/samples/GSM7708nnn/GSM7708395/suppl/GSM7708395_s7068-04-001-008.counts.tsv.gz
SRX21357022,SRR25630257,7068-04-001-009,GSM7708396,Public on May 17 2024,Aug 14 2023,May 17 2024,SRA,1,liver (FFPE = Formalin Fixed Paraffin Embedded),Homo sapiens,F2,liver (FFPE = Formalin Fixed Paraffin Embedded),total RNA,"Clustering and DNA sequencing using the NovaSeq6000 was performed according to manufacturer's protocols. A concentration of 1.1 nM of DNA was used yielding paired end reads (2x 150bp). NovaSeq control software NCS v1.6 was used. Image analysis, base calling, and quality check was performed with the Illumina data analysis pipeline RTA3.4.4 and Bcl2fastq v2.20.",9606,Supplementary files format and content: The count files contain the # reads mapped per gene (not normalised per sample). These counts serve as input for the statistical analysis using DEseq2 package.,GPL24676,"Lars,,Verschuren",lars.verschuren@tno.nl,31888666039,Microbiology and Systems Biology,TNO,Utrechtseweg 48,Zeist,3704HE,Netherlands,0,Illumina NovaSeq 6000,cDNA,transcriptomic,RNA-Seq,SRA: https://www.ncbi.nlm.nih.gov/sra?term=SRX21357022,ftp://ftp.ncbi.nlm.nih.gov/geo/samples/GSM7708nnn/GSM7708396/suppl/GSM7708396_s7068-04-001-009.counts.tsv.gz
SRX21357023,SRR25630256,7068-04-001-010,GSM7708397,Public on May 17 2024,Aug 14 2023,May 17 2024,SRA,1,liver (FFPE = Formalin Fixed Paraffin Embedded),Homo sapiens,F2,liver (FFPE = Formalin Fixed Paraffin Embedded),total RNA,"Clustering and DNA sequencing using the NovaSeq6000 was performed according to manufacturer's protocols. A concentration of 1.1 nM of DNA was used yielding paired end reads (2x 150bp). NovaSeq control software NCS v1.6 was used. Image analysis, base calling, and quality check was performed with the Illumina data analysis pipeline RTA3.4.4 and Bcl2fastq v2.20.",9606,Supplementary files format and content: The count files contain the # reads mapped per gene (not normalised per sample). These counts serve as input for the statistical analysis using DEseq2 package.,GPL24676,"Lars,,Verschuren",lars.verschuren@tno.nl,31888666039,Microbiology and Systems Biology,TNO,Utrechtseweg 48,Zeist,3704HE,Netherlands,0,Illumina NovaSeq 6000,cDNA,transcriptomic,RNA-Seq,SRA: https://www.ncbi.nlm.nih.gov/sra?term=SRX21357023,ftp://ftp.ncbi.nlm.nih.gov/geo/samples/GSM7708nnn/GSM7708397/suppl/GSM7708397_s7068-04-001-010.counts.tsv.gz
SRX21357024,SRR25630255,7068-04-001-011,GSM7708398,Public on May 17 2024,Aug 14 2023,May 17 2024,SRA,1,liver (FFPE = Formalin Fixed Paraffin Embedded),Homo sapiens,F3,liver (FFPE = Formalin Fixed Paraffin Embedded),total RNA,"Clustering and DNA sequencing using the NovaSeq6000 was performed according to manufacturer's protocols. A concentration of 1.1 nM of DNA was used yielding paired end reads (2x 150bp). NovaSeq control software NCS v1.6 was used. Image analysis, base calling, and quality check was performed with the Illumina data analysis pipeline RTA3.4.4 and Bcl2fastq v2.20.",9606,Supplementary files format and content: The count files contain the # reads mapped per gene (not normalised per sample). These counts serve as input for the statistical analysis using DEseq2 package.,GPL24676,"Lars,,Verschuren",lars.verschuren@tno.nl,31888666039,Microbiology and Systems Biology,TNO,Utrechtseweg 48,Zeist,3704HE,Netherlands,0,Illumina NovaSeq 6000,cDNA,transcriptomic,RNA-Seq,SRA: https://www.ncbi.nlm.nih.gov/sra?term=SRX21357024,ftp://ftp.ncbi.nlm.nih.gov/geo/samples/GSM7708nnn/GSM7708398/suppl/GSM7708398_s7068-04-001-011.counts.tsv.gz
SRX21357025,SRR25630254,7068-04-001-012,GSM7708399,Public on May 17 2024,Aug 14 2023,May 17 2024,SRA,1,liver (FFPE = Formalin Fixed Paraffin Embedded),Homo sapiens,F2,liver (FFPE = Formalin Fixed Paraffin Embedded),total RNA,"Clustering and DNA sequencing using the NovaSeq6000 was performed according to manufacturer's protocols. A concentration of 1.1 nM of DNA was used yielding paired end reads (2x 150bp). NovaSeq control software NCS v1.6 was used. Image analysis, base calling, and quality check was performed with the Illumina data analysis pipeline RTA3.4.4 and Bcl2fastq v2.20.",9606,Supplementary files format and content: The count files contain the # reads mapped per gene (not normalised per sample). These counts serve as input for the statistical analysis using DEseq2 package.,GPL24676,"Lars,,Verschuren",lars.verschuren@tno.nl,31888666039,Microbiology and Systems Biology,TNO,Utrechtseweg 48,Zeist,3704HE,Netherlands,0,Illumina NovaSeq 6000,cDNA,transcriptomic,RNA-Seq,SRA: https://www.ncbi.nlm.nih.gov/sra?term=SRX21357025,ftp://ftp.ncbi.nlm.nih.gov/geo/samples/GSM7708nnn/GSM7708399/suppl/GSM7708399_s7068-04-001-012.counts.tsv.gz
SRX21357026,SRR25630253,7068-04-001-013,GSM7708400,Public on May 17 2024,Aug 14 2023,May 17 2024,SRA,1,liver (FFPE = Formalin Fixed Paraffin Embedded),Homo sapiens,F2,liver (FFPE = Formalin Fixed Paraffin Embedded),total RNA,"Clustering and DNA sequencing using the NovaSeq6000 was performed according to manufacturer's protocols. A concentration of 1.1 nM of DNA was used yielding paired end reads (2x 150bp). NovaSeq control software NCS v1.6 was used. Image analysis, base calling, and quality check was performed with the Illumina data analysis pipeline RTA3.4.4 and Bcl2fastq v2.20.",9606,Supplementary files format and content: The count files contain the # reads mapped per gene (not normalised per sample). These counts serve as input for the statistical analysis using DEseq2 package.,GPL24676,"Lars,,Verschuren",lars.verschuren@tno.nl,31888666039,Microbiology and Systems Biology,TNO,Utrechtseweg 48,Zeist,3704HE,Netherlands,0,Illumina NovaSeq 6000,cDNA,transcriptomic,RNA-Seq,SRA: https://www.ncbi.nlm.nih.gov/sra?term=SRX21357026,ftp://ftp.ncbi.nlm.nih.gov/geo/samples/GSM7708nnn/GSM7708400/suppl/GSM7708400_s7068-04-001-013.counts.tsv.gz
SRX21357027,SRR25630252,7068-04-001-014,GSM7708401,Public on May 17 2024,Aug 14 2023,May 17 2024,SRA,1,liver (FFPE = Formalin Fixed Paraffin Embedded),Homo sapiens,F2,liver (FFPE = Formalin Fixed Paraffin Embedded),total RNA,"Clustering and DNA sequencing using the NovaSeq6000 was performed according to manufacturer's protocols. A concentration of 1.1 nM of DNA was used yielding paired end reads (2x 150bp). NovaSeq control software NCS v1.6 was used. Image analysis, base calling, and quality check was performed with the Illumina data analysis pipeline RTA3.4.4 and Bcl2fastq v2.20.",9606,Supplementary files format and content: The count files contain the # reads mapped per gene (not normalised per sample). These counts serve as input for the statistical analysis using DEseq2 package.,GPL24676,"Lars,,Verschuren",lars.verschuren@tno.nl,31888666039,Microbiology and Systems Biology,TNO,Utrechtseweg 48,Zeist,3704HE,Netherlands,0,Illumina NovaSeq 6000,cDNA,transcriptomic,RNA-Seq,SRA: https://www.ncbi.nlm.nih.gov/sra?term=SRX21357027,ftp://ftp.ncbi.nlm.nih.gov/geo/samples/GSM7708nnn/GSM7708401/suppl/GSM7708401_s7068-04-001-014.counts.tsv.gz
SRX21357028,SRR25630251,7068-04-001-015,GSM7708402,Public on May 17 2024,Aug 14 2023,May 17 2024,SRA,1,liver (FFPE = Formalin Fixed Paraffin Embedded),Homo sapiens,F1,liver (FFPE = Formalin Fixed Paraffin Embedded),total RNA,"Clustering and DNA sequencing using the NovaSeq6000 was performed according to manufacturer's protocols. A concentration of 1.1 nM of DNA was used yielding paired end reads (2x 150bp). NovaSeq control software NCS v1.6 was used. Image analysis, base calling, and quality check was performed with the Illumina data analysis pipeline RTA3.4.4 and Bcl2fastq v2.20.",9606,Supplementary files format and content: The count files contain the # reads mapped per gene (not normalised per sample). These counts serve as input for the statistical analysis using DEseq2 package.,GPL24676,"Lars,,Verschuren",lars.verschuren@tno.nl,31888666039,Microbiology and Systems Biology,TNO,Utrechtseweg 48,Zeist,3704HE,Netherlands,0,Illumina NovaSeq 6000,cDNA,transcriptomic,RNA-Seq,SRA: https://www.ncbi.nlm.nih.gov/sra?term=SRX21357028,ftp://ftp.ncbi.nlm.nih.gov/geo/samples/GSM7708nnn/GSM7708402/suppl/GSM7708402_s7068-04-001-015.counts.tsv.gz
SRX21357029,SRR25630250,7068-04-001-017,GSM7708403,Public on May 17 2024,Aug 14 2023,May 17 2024,SRA,1,liver (FFPE = Formalin Fixed Paraffin Embedded),Homo sapiens,F3,liver (FFPE = Formalin Fixed Paraffin Embedded),total RNA,"Clustering and DNA sequencing using the NovaSeq6000 was performed according to manufacturer's protocols. A concentration of 1.1 nM of DNA was used yielding paired end reads (2x 150bp). NovaSeq control software NCS v1.6 was used. Image analysis, base calling, and quality check was performed with the Illumina data analysis pipeline RTA3.4.4 and Bcl2fastq v2.20.",9606,Supplementary files format and content: The count files contain the # reads mapped per gene (not normalised per sample). These counts serve as input for the statistical analysis using DEseq2 package.,GPL24676,"Lars,,Verschuren",lars.verschuren@tno.nl,31888666039,Microbiology and Systems Biology,TNO,Utrechtseweg 48,Zeist,3704HE,Netherlands,0,Illumina NovaSeq 6000,cDNA,transcriptomic,RNA-Seq,SRA: https://www.ncbi.nlm.nih.gov/sra?term=SRX21357029,ftp://ftp.ncbi.nlm.nih.gov/geo/samples/GSM7708nnn/GSM7708403/suppl/GSM7708403_s7068-04-001-017.counts.tsv.gz
SRX21357030,SRR25630249,7068-04-001-019,GSM7708404,Public on May 17 2024,Aug 14 2023,May 17 2024,SRA,1,liver (FFPE = Formalin Fixed Paraffin Embedded),Homo sapiens,F2,liver (FFPE = Formalin Fixed Paraffin Embedded),total RNA,"Clustering and DNA sequencing using the NovaSeq6000 was performed according to manufacturer's protocols. A concentration of 1.1 nM of DNA was used yielding paired end reads (2x 150bp). NovaSeq control software NCS v1.6 was used. Image analysis, base calling, and quality check was performed with the Illumina data analysis pipeline RTA3.4.4 and Bcl2fastq v2.20.",9606,Supplementary files format and content: The count files contain the # reads mapped per gene (not normalised per sample). These counts serve as input for the statistical analysis using DEseq2 package.,GPL24676,"Lars,,Verschuren",lars.verschuren@tno.nl,31888666039,Microbiology and Systems Biology,TNO,Utrechtseweg 48,Zeist,3704HE,Netherlands,0,Illumina NovaSeq 6000,cDNA,transcriptomic,RNA-Seq,SRA: https://www.ncbi.nlm.nih.gov/sra?term=SRX21357030,ftp://ftp.ncbi.nlm.nih.gov/geo/samples/GSM7708nnn/GSM7708404/suppl/GSM7708404_s7068-04-001-019.counts.tsv.gz
SRX21357031,SRR25630248,7068-04-001-020,GSM7708405,Public on May 17 2024,Aug 14 2023,May 17 2024,SRA,1,liver (FFPE = Formalin Fixed Paraffin Embedded),Homo sapiens,F2,liver (FFPE = Formalin Fixed Paraffin Embedded),total RNA,"Clustering and DNA sequencing using the NovaSeq6000 was performed according to manufacturer's protocols. A concentration of 1.1 nM of DNA was used yielding paired end reads (2x 150bp). NovaSeq control software NCS v1.6 was used. Image analysis, base calling, and quality check was performed with the Illumina data analysis pipeline RTA3.4.4 and Bcl2fastq v2.20.",9606,Supplementary files format and content: The count files contain the # reads mapped per gene (not normalised per sample). These counts serve as input for the statistical analysis using DEseq2 package.,GPL24676,"Lars,,Verschuren",lars.verschuren@tno.nl,31888666039,Microbiology and Systems Biology,TNO,Utrechtseweg 48,Zeist,3704HE,Netherlands,0,Illumina NovaSeq 6000,cDNA,transcriptomic,RNA-Seq,SRA: https://www.ncbi.nlm.nih.gov/sra?term=SRX21357031,ftp://ftp.ncbi.nlm.nih.gov/geo/samples/GSM7708nnn/GSM7708405/suppl/GSM7708405_s7068-04-001-020.counts.tsv.gz
SRX21357032,SRR25630247,7068-04-001-021,GSM7708406,Public on May 17 2024,Aug 14 2023,May 17 2024,SRA,1,liver (FFPE = Formalin Fixed Paraffin Embedded),Homo sapiens,F3,liver (FFPE = Formalin Fixed Paraffin Embedded),total RNA,"Clustering and DNA sequencing using the NovaSeq6000 was performed according to manufacturer's protocols. A concentration of 1.1 nM of DNA was used yielding paired end reads (2x 150bp). NovaSeq control software NCS v1.6 was used. Image analysis, base calling, and quality check was performed with the Illumina data analysis pipeline RTA3.4.4 and Bcl2fastq v2.20.",9606,Supplementary files format and content: The count files contain the # reads mapped per gene (not normalised per sample). These counts serve as input for the statistical analysis using DEseq2 package.,GPL24676,"Lars,,Verschuren",lars.verschuren@tno.nl,31888666039,Microbiology and Systems Biology,TNO,Utrechtseweg 48,Zeist,3704HE,Netherlands,0,Illumina NovaSeq 6000,cDNA,transcriptomic,RNA-Seq,SRA: https://www.ncbi.nlm.nih.gov/sra?term=SRX21357032,ftp://ftp.ncbi.nlm.nih.gov/geo/samples/GSM7708nnn/GSM7708406/suppl/GSM7708406_s7068-04-001-021.counts.tsv.gz
SRX21357033,SRR25630246,7068-04-001-022,GSM7708407,Public on May 17 2024,Aug 14 2023,May 17 2024,SRA,1,liver (FFPE = Formalin Fixed Paraffin Embedded),Homo sapiens,F3,liver (FFPE = Formalin Fixed Paraffin Embedded),total RNA,"Clustering and DNA sequencing using the NovaSeq6000 was performed according to manufacturer's protocols. A concentration of 1.1 nM of DNA was used yielding paired end reads (2x 150bp). NovaSeq control software NCS v1.6 was used. Image analysis, base calling, and quality check was performed with the Illumina data analysis pipeline RTA3.4.4 and Bcl2fastq v2.20.",9606,Supplementary files format and content: The count files contain the # reads mapped per gene (not normalised per sample). These counts serve as input for the statistical analysis using DEseq2 package.,GPL24676,"Lars,,Verschuren",lars.verschuren@tno.nl,31888666039,Microbiology and Systems Biology,TNO,Utrechtseweg 48,Zeist,3704HE,Netherlands,0,Illumina NovaSeq 6000,cDNA,transcriptomic,RNA-Seq,SRA: https://www.ncbi.nlm.nih.gov/sra?term=SRX21357033,ftp://ftp.ncbi.nlm.nih.gov/geo/samples/GSM7708nnn/GSM7708407/suppl/GSM7708407_s7068-04-001-022.counts.tsv.gz
SRX21357034,SRR25630245,7068-04-001-023,GSM7708408,Public on May 17 2024,Aug 14 2023,May 17 2024,SRA,1,liver (FFPE = Formalin Fixed Paraffin Embedded),Homo sapiens,F3,liver (FFPE = Formalin Fixed Paraffin Embedded),total RNA,"Clustering and DNA sequencing using the NovaSeq6000 was performed according to manufacturer's protocols. A concentration of 1.1 nM of DNA was used yielding paired end reads (2x 150bp). NovaSeq control software NCS v1.6 was used. Image analysis, base calling, and quality check was performed with the Illumina data analysis pipeline RTA3.4.4 and Bcl2fastq v2.20.",9606,Supplementary files format and content: The count files contain the # reads mapped per gene (not normalised per sample). These counts serve as input for the statistical analysis using DEseq2 package.,GPL24676,"Lars,,Verschuren",lars.verschuren@tno.nl,31888666039,Microbiology and Systems Biology,TNO,Utrechtseweg 48,Zeist,3704HE,Netherlands,0,Illumina NovaSeq 6000,cDNA,transcriptomic,RNA-Seq,SRA: https://www.ncbi.nlm.nih.gov/sra?term=SRX21357034,ftp://ftp.ncbi.nlm.nih.gov/geo/samples/GSM7708nnn/GSM7708408/suppl/GSM7708408_s7068-04-001-023.counts.tsv.gz
SRX21357035,SRR25630244,7068-04-001-024,GSM7708409,Public on May 17 2024,Aug 14 2023,May 17 2024,SRA,1,liver (FFPE = Formalin Fixed Paraffin Embedded),Homo sapiens,F3,liver (FFPE = Formalin Fixed Paraffin Embedded),total RNA,"Clustering and DNA sequencing using the NovaSeq6000 was performed according to manufacturer's protocols. A concentration of 1.1 nM of DNA was used yielding paired end reads (2x 150bp). NovaSeq control software NCS v1.6 was used. Image analysis, base calling, and quality check was performed with the Illumina data analysis pipeline RTA3.4.4 and Bcl2fastq v2.20.",9606,Supplementary files format and content: The count files contain the # reads mapped per gene (not normalised per sample). These counts serve as input for the statistical analysis using DEseq2 package.,GPL24676,"Lars,,Verschuren",lars.verschuren@tno.nl,31888666039,Microbiology and Systems Biology,TNO,Utrechtseweg 48,Zeist,3704HE,Netherlands,0,Illumina NovaSeq 6000,cDNA,transcriptomic,RNA-Seq,SRA: https://www.ncbi.nlm.nih.gov/sra?term=SRX21357035,ftp://ftp.ncbi.nlm.nih.gov/geo/samples/GSM7708nnn/GSM7708409/suppl/GSM7708409_s7068-04-001-024.counts.tsv.gz
SRX21357036,SRR25630243,7068-04-001-025,GSM7708410,Public on May 17 2024,Aug 14 2023,May 17 2024,SRA,1,liver (FFPE = Formalin Fixed Paraffin Embedded),Homo sapiens,F4,liver (FFPE = Formalin Fixed Paraffin Embedded),total RNA,"Clustering and DNA sequencing using the NovaSeq6000 was performed according to manufacturer's protocols. A concentration of 1.1 nM of DNA was used yielding paired end reads (2x 150bp). NovaSeq control software NCS v1.6 was used. Image analysis, base calling, and quality check was performed with the Illumina data analysis pipeline RTA3.4.4 and Bcl2fastq v2.20.",9606,Supplementary files format and content: The count files contain the # reads mapped per gene (not normalised per sample). These counts serve as input for the statistical analysis using DEseq2 package.,GPL24676,"Lars,,Verschuren",lars.verschuren@tno.nl,31888666039,Microbiology and Systems Biology,TNO,Utrechtseweg 48,Zeist,3704HE,Netherlands,0,Illumina NovaSeq 6000,cDNA,transcriptomic,RNA-Seq,SRA: https://www.ncbi.nlm.nih.gov/sra?term=SRX21357036,ftp://ftp.ncbi.nlm.nih.gov/geo/samples/GSM7708nnn/GSM7708410/suppl/GSM7708410_s7068-04-001-025.counts.tsv.gz
SRX21357037,SRR25630242,7068-04-001-026,GSM7708411,Public on May 17 2024,Aug 14 2023,May 17 2024,SRA,1,liver (FFPE = Formalin Fixed Paraffin Embedded),Homo sapiens,F2,liver (FFPE = Formalin Fixed Paraffin Embedded),total RNA,"Clustering and DNA sequencing using the NovaSeq6000 was performed according to manufacturer's protocols. A concentration of 1.1 nM of DNA was used yielding paired end reads (2x 150bp). NovaSeq control software NCS v1.6 was used. Image analysis, base calling, and quality check was performed with the Illumina data analysis pipeline RTA3.4.4 and Bcl2fastq v2.20.",9606,Supplementary files format and content: The count files contain the # reads mapped per gene (not normalised per sample). These counts serve as input for the statistical analysis using DEseq2 package.,GPL24676,"Lars,,Verschuren",lars.verschuren@tno.nl,31888666039,Microbiology and Systems Biology,TNO,Utrechtseweg 48,Zeist,3704HE,Netherlands,0,Illumina NovaSeq 6000,cDNA,transcriptomic,RNA-Seq,SRA: https://www.ncbi.nlm.nih.gov/sra?term=SRX21357037,ftp://ftp.ncbi.nlm.nih.gov/geo/samples/GSM7708nnn/GSM7708411/suppl/GSM7708411_s7068-04-001-026.counts.tsv.gz
SRX21357046,SRR25630233,7068-04-001-027,GSM7708412,Public on May 17 2024,Aug 14 2023,May 17 2024,SRA,1,liver (FFPE = Formalin Fixed Paraffin Embedded),Homo sapiens,F4,liver (FFPE = Formalin Fixed Paraffin Embedded),total RNA,"Clustering and DNA sequencing using the NovaSeq6000 was performed according to manufacturer's protocols. A concentration of 1.1 nM of DNA was used yielding paired end reads (2x 150bp). NovaSeq control software NCS v1.6 was used. Image analysis, base calling, and quality check was performed with the Illumina data analysis pipeline RTA3.4.4 and Bcl2fastq v2.20.",9606,Supplementary files format and content: The count files contain the # reads mapped per gene (not normalised per sample). These counts serve as input for the statistical analysis using DEseq2 package.,GPL24676,"Lars,,Verschuren",lars.verschuren@tno.nl,31888666039,Microbiology and Systems Biology,TNO,Utrechtseweg 48,Zeist,3704HE,Netherlands,0,Illumina NovaSeq 6000,cDNA,transcriptomic,RNA-Seq,SRA: https://www.ncbi.nlm.nih.gov/sra?term=SRX21357046,ftp://ftp.ncbi.nlm.nih.gov/geo/samples/GSM7708nnn/GSM7708412/suppl/GSM7708412_s7068-04-001-027.counts.tsv.gz
SRX21357047,SRR25630232,7068-04-001-028,GSM7708413,Public on May 17 2024,Aug 14 2023,May 17 2024,SRA,1,liver (FFPE = Formalin Fixed Paraffin Embedded),Homo sapiens,F4,liver (FFPE = Formalin Fixed Paraffin Embedded),total RNA,"Clustering and DNA sequencing using the NovaSeq6000 was performed according to manufacturer's protocols. A concentration of 1.1 nM of DNA was used yielding paired end reads (2x 150bp). NovaSeq control software NCS v1.6 was used. Image analysis, base calling, and quality check was performed with the Illumina data analysis pipeline RTA3.4.4 and Bcl2fastq v2.20.",9606,Supplementary files format and content: The count files contain the # reads mapped per gene (not normalised per sample). These counts serve as input for the statistical analysis using DEseq2 package.,GPL24676,"Lars,,Verschuren",lars.verschuren@tno.nl,31888666039,Microbiology and Systems Biology,TNO,Utrechtseweg 48,Zeist,3704HE,Netherlands,0,Illumina NovaSeq 6000,cDNA,transcriptomic,RNA-Seq,SRA: https://www.ncbi.nlm.nih.gov/sra?term=SRX21357047,ftp://ftp.ncbi.nlm.nih.gov/geo/samples/GSM7708nnn/GSM7708413/suppl/GSM7708413_s7068-04-001-028.counts.tsv.gz
SRX21357048,SRR25630231,7068-04-001-029,GSM7708414,Public on May 17 2024,Aug 14 2023,May 17 2024,SRA,1,liver (FFPE = Formalin Fixed Paraffin Embedded),Homo sapiens,F3,liver (FFPE = Formalin Fixed Paraffin Embedded),total RNA,"Clustering and DNA sequencing using the NovaSeq6000 was performed according to manufacturer's protocols. A concentration of 1.1 nM of DNA was used yielding paired end reads (2x 150bp). NovaSeq control software NCS v1.6 was used. Image analysis, base calling, and quality check was performed with the Illumina data analysis pipeline RTA3.4.4 and Bcl2fastq v2.20.",9606,Supplementary files format and content: The count files contain the # reads mapped per gene (not normalised per sample). These counts serve as input for the statistical analysis using DEseq2 package.,GPL24676,"Lars,,Verschuren",lars.verschuren@tno.nl,31888666039,Microbiology and Systems Biology,TNO,Utrechtseweg 48,Zeist,3704HE,Netherlands,0,Illumina NovaSeq 6000,cDNA,transcriptomic,RNA-Seq,SRA: https://www.ncbi.nlm.nih.gov/sra?term=SRX21357048,ftp://ftp.ncbi.nlm.nih.gov/geo/samples/GSM7708nnn/GSM7708414/suppl/GSM7708414_s7068-04-001-029.counts.tsv.gz
SRX21357049,SRR25630230,7068-04-001-030,GSM7708415,Public on May 17 2024,Aug 14 2023,May 17 2024,SRA,1,liver (FFPE = Formalin Fixed Paraffin Embedded),Homo sapiens,F0,liver (FFPE = Formalin Fixed Paraffin Embedded),total RNA,"Clustering and DNA sequencing using the NovaSeq6000 was performed according to manufacturer's protocols. A concentration of 1.1 nM of DNA was used yielding paired end reads (2x 150bp). NovaSeq control software NCS v1.6 was used. Image analysis, base calling, and quality check was performed with the Illumina data analysis pipeline RTA3.4.4 and Bcl2fastq v2.20.",9606,Supplementary files format and content: The count files contain the # reads mapped per gene (not normalised per sample). These counts serve as input for the statistical analysis using DEseq2 package.,GPL24676,"Lars,,Verschuren",lars.verschuren@tno.nl,31888666039,Microbiology and Systems Biology,TNO,Utrechtseweg 48,Zeist,3704HE,Netherlands,0,Illumina NovaSeq 6000,cDNA,transcriptomic,RNA-Seq,SRA: https://www.ncbi.nlm.nih.gov/sra?term=SRX21357049,ftp://ftp.ncbi.nlm.nih.gov/geo/samples/GSM7708nnn/GSM7708415/suppl/GSM7708415_s7068-04-001-030.counts.tsv.gz
SRX21357050,SRR25630229,7068-04-001-031,GSM7708416,Public on May 17 2024,Aug 14 2023,May 17 2024,SRA,1,liver (FFPE = Formalin Fixed Paraffin Embedded),Homo sapiens,F0,liver (FFPE = Formalin Fixed Paraffin Embedded),total RNA,"Clustering and DNA sequencing using the NovaSeq6000 was performed according to manufacturer's protocols. A concentration of 1.1 nM of DNA was used yielding paired end reads (2x 150bp). NovaSeq control software NCS v1.6 was used. Image analysis, base calling, and quality check was performed with the Illumina data analysis pipeline RTA3.4.4 and Bcl2fastq v2.20.",9606,Supplementary files format and content: The count files contain the # reads mapped per gene (not normalised per sample). These counts serve as input for the statistical analysis using DEseq2 package.,GPL24676,"Lars,,Verschuren",lars.verschuren@tno.nl,31888666039,Microbiology and Systems Biology,TNO,Utrechtseweg 48,Zeist,3704HE,Netherlands,0,Illumina NovaSeq 6000,cDNA,transcriptomic,RNA-Seq,SRA: https://www.ncbi.nlm.nih.gov/sra?term=SRX21357050,ftp://ftp.ncbi.nlm.nih.gov/geo/samples/GSM7708nnn/GSM7708416/suppl/GSM7708416_s7068-04-001-031.counts.tsv.gz
SRX21357051,SRR25630228,7068-04-001-032,GSM7708417,Public on May 17 2024,Aug 14 2023,May 17 2024,SRA,1,liver (FFPE = Formalin Fixed Paraffin Embedded),Homo sapiens,F4,liver (FFPE = Formalin Fixed Paraffin Embedded),total RNA,"Clustering and DNA sequencing using the NovaSeq6000 was performed according to manufacturer's protocols. A concentration of 1.1 nM of DNA was used yielding paired end reads (2x 150bp). NovaSeq control software NCS v1.6 was used. Image analysis, base calling, and quality check was performed with the Illumina data analysis pipeline RTA3.4.4 and Bcl2fastq v2.20.",9606,Supplementary files format and content: The count files contain the # reads mapped per gene (not normalised per sample). These counts serve as input for the statistical analysis using DEseq2 package.,GPL24676,"Lars,,Verschuren",lars.verschuren@tno.nl,31888666039,Microbiology and Systems Biology,TNO,Utrechtseweg 48,Zeist,3704HE,Netherlands,0,Illumina NovaSeq 6000,cDNA,transcriptomic,RNA-Seq,SRA: https://www.ncbi.nlm.nih.gov/sra?term=SRX21357051,ftp://ftp.ncbi.nlm.nih.gov/geo/samples/GSM7708nnn/GSM7708417/suppl/GSM7708417_s7068-04-001-032.counts.tsv.gz
SRX21357052,SRR25630227,7068-04-001-033,GSM7708418,Public on May 17 2024,Aug 14 2023,May 17 2024,SRA,1,liver (FFPE = Formalin Fixed Paraffin Embedded),Homo sapiens,F3,liver (FFPE = Formalin Fixed Paraffin Embedded),total RNA,"Clustering and DNA sequencing using the NovaSeq6000 was performed according to manufacturer's protocols. A concentration of 1.1 nM of DNA was used yielding paired end reads (2x 150bp). NovaSeq control software NCS v1.6 was used. Image analysis, base calling, and quality check was performed with the Illumina data analysis pipeline RTA3.4.4 and Bcl2fastq v2.20.",9606,Supplementary files format and content: The count files contain the # reads mapped per gene (not normalised per sample). These counts serve as input for the statistical analysis using DEseq2 package.,GPL24676,"Lars,,Verschuren",lars.verschuren@tno.nl,31888666039,Microbiology and Systems Biology,TNO,Utrechtseweg 48,Zeist,3704HE,Netherlands,0,Illumina NovaSeq 6000,cDNA,transcriptomic,RNA-Seq,SRA: https://www.ncbi.nlm.nih.gov/sra?term=SRX21357052,ftp://ftp.ncbi.nlm.nih.gov/geo/samples/GSM7708nnn/GSM7708418/suppl/GSM7708418_s7068-04-001-033.counts.tsv.gz
SRX21357053,SRR25630226,7068-04-001-035,GSM7708419,Public on May 17 2024,Aug 14 2023,May 17 2024,SRA,1,liver (FFPE = Formalin Fixed Paraffin Embedded),Homo sapiens,F4,liver (FFPE = Formalin Fixed Paraffin Embedded),total RNA,"Clustering and DNA sequencing using the NovaSeq6000 was performed according to manufacturer's protocols. A concentration of 1.1 nM of DNA was used yielding paired end reads (2x 150bp). NovaSeq control software NCS v1.6 was used. Image analysis, base calling, and quality check was performed with the Illumina data analysis pipeline RTA3.4.4 and Bcl2fastq v2.20.",9606,Supplementary files format and content: The count files contain the # reads mapped per gene (not normalised per sample). These counts serve as input for the statistical analysis using DEseq2 package.,GPL24676,"Lars,,Verschuren",lars.verschuren@tno.nl,31888666039,Microbiology and Systems Biology,TNO,Utrechtseweg 48,Zeist,3704HE,Netherlands,0,Illumina NovaSeq 6000,cDNA,transcriptomic,RNA-Seq,SRA: https://www.ncbi.nlm.nih.gov/sra?term=SRX21357053,ftp://ftp.ncbi.nlm.nih.gov/geo/samples/GSM7708nnn/GSM7708419/suppl/GSM7708419_s7068-04-001-035.counts.tsv.gz
SRX21357054,SRR25630225,7068-04-001-037,GSM7708420,Public on May 17 2024,Aug 14 2023,May 17 2024,SRA,1,liver (FFPE = Formalin Fixed Paraffin Embedded),Homo sapiens,F3,liver (FFPE = Formalin Fixed Paraffin Embedded),total RNA,"Clustering and DNA sequencing using the NovaSeq6000 was performed according to manufacturer's protocols. A concentration of 1.1 nM of DNA was used yielding paired end reads (2x 150bp). NovaSeq control software NCS v1.6 was used. Image analysis, base calling, and quality check was performed with the Illumina data analysis pipeline RTA3.4.4 and Bcl2fastq v2.20.",9606,Supplementary files format and content: The count files contain the # reads mapped per gene (not normalised per sample). These counts serve as input for the statistical analysis using DEseq2 package.,GPL24676,"Lars,,Verschuren",lars.verschuren@tno.nl,31888666039,Microbiology and Systems Biology,TNO,Utrechtseweg 48,Zeist,3704HE,Netherlands,0,Illumina NovaSeq 6000,cDNA,transcriptomic,RNA-Seq,SRA: https://www.ncbi.nlm.nih.gov/sra?term=SRX21357054,ftp://ftp.ncbi.nlm.nih.gov/geo/samples/GSM7708nnn/GSM7708420/suppl/GSM7708420_s7068-04-001-037.counts.tsv.gz
SRX21357055,SRR25630224,7068-04-001-038,GSM7708421,Public on May 17 2024,Aug 14 2023,May 17 2024,SRA,1,liver (FFPE = Formalin Fixed Paraffin Embedded),Homo sapiens,F0,liver (FFPE = Formalin Fixed Paraffin Embedded),total RNA,"Clustering and DNA sequencing using the NovaSeq6000 was performed according to manufacturer's protocols. A concentration of 1.1 nM of DNA was used yielding paired end reads (2x 150bp). NovaSeq control software NCS v1.6 was used. Image analysis, base calling, and quality check was performed with the Illumina data analysis pipeline RTA3.4.4 and Bcl2fastq v2.20.",9606,Supplementary files format and content: The count files contain the # reads mapped per gene (not normalised per sample). These counts serve as input for the statistical analysis using DEseq2 package.,GPL24676,"Lars,,Verschuren",lars.verschuren@tno.nl,31888666039,Microbiology and Systems Biology,TNO,Utrechtseweg 48,Zeist,3704HE,Netherlands,0,Illumina NovaSeq 6000,cDNA,transcriptomic,RNA-Seq,SRA: https://www.ncbi.nlm.nih.gov/sra?term=SRX21357055,ftp://ftp.ncbi.nlm.nih.gov/geo/samples/GSM7708nnn/GSM7708421/suppl/GSM7708421_s7068-04-001-038.counts.tsv.gz
SRX21357056,SRR25630223,7068-04-001-039,GSM7708422,Public on May 17 2024,Aug 14 2023,May 17 2024,SRA,1,liver (FFPE = Formalin Fixed Paraffin Embedded),Homo sapiens,F1,liver (FFPE = Formalin Fixed Paraffin Embedded),total RNA,"Clustering and DNA sequencing using the NovaSeq6000 was performed according to manufacturer's protocols. A concentration of 1.1 nM of DNA was used yielding paired end reads (2x 150bp). NovaSeq control software NCS v1.6 was used. Image analysis, base calling, and quality check was performed with the Illumina data analysis pipeline RTA3.4.4 and Bcl2fastq v2.20.",9606,Supplementary files format and content: The count files contain the # reads mapped per gene (not normalised per sample). These counts serve as input for the statistical analysis using DEseq2 package.,GPL24676,"Lars,,Verschuren",lars.verschuren@tno.nl,31888666039,Microbiology and Systems Biology,TNO,Utrechtseweg 48,Zeist,3704HE,Netherlands,0,Illumina NovaSeq 6000,cDNA,transcriptomic,RNA-Seq,SRA: https://www.ncbi.nlm.nih.gov/sra?term=SRX21357056,ftp://ftp.ncbi.nlm.nih.gov/geo/samples/GSM7708nnn/GSM7708422/suppl/GSM7708422_s7068-04-001-039.counts.tsv.gz
SRX21357057,SRR25630222,7068-04-001-040,GSM7708423,Public on May 17 2024,Aug 14 2023,May 17 2024,SRA,1,liver (FFPE = Formalin Fixed Paraffin Embedded),Homo sapiens,F1,liver (FFPE = Formalin Fixed Paraffin Embedded),total RNA,"Clustering and DNA sequencing using the NovaSeq6000 was performed according to manufacturer's protocols. A concentration of 1.1 nM of DNA was used yielding paired end reads (2x 150bp). NovaSeq control software NCS v1.6 was used. Image analysis, base calling, and quality check was performed with the Illumina data analysis pipeline RTA3.4.4 and Bcl2fastq v2.20.",9606,Supplementary files format and content: The count files contain the # reads mapped per gene (not normalised per sample). These counts serve as input for the statistical analysis using DEseq2 package.,GPL24676,"Lars,,Verschuren",lars.verschuren@tno.nl,31888666039,Microbiology and Systems Biology,TNO,Utrechtseweg 48,Zeist,3704HE,Netherlands,0,Illumina NovaSeq 6000,cDNA,transcriptomic,RNA-Seq,SRA: https://www.ncbi.nlm.nih.gov/sra?term=SRX21357057,ftp://ftp.ncbi.nlm.nih.gov/geo/samples/GSM7708nnn/GSM7708423/suppl/GSM7708423_s7068-04-001-040.counts.tsv.gz
SRX21357058,SRR25630221,7068-04-001-041,GSM7708424,Public on May 17 2024,Aug 14 2023,May 17 2024,SRA,1,liver (FFPE = Formalin Fixed Paraffin Embedded),Homo sapiens,F0,liver (FFPE = Formalin Fixed Paraffin Embedded),total RNA,"Clustering and DNA sequencing using the NovaSeq6000 was performed according to manufacturer's protocols. A concentration of 1.1 nM of DNA was used yielding paired end reads (2x 150bp). NovaSeq control software NCS v1.6 was used. Image analysis, base calling, and quality check was performed with the Illumina data analysis pipeline RTA3.4.4 and Bcl2fastq v2.20.",9606,Supplementary files format and content: The count files contain the # reads mapped per gene (not normalised per sample). These counts serve as input for the statistical analysis using DEseq2 package.,GPL24676,"Lars,,Verschuren",lars.verschuren@tno.nl,31888666039,Microbiology and Systems Biology,TNO,Utrechtseweg 48,Zeist,3704HE,Netherlands,0,Illumina NovaSeq 6000,cDNA,transcriptomic,RNA-Seq,SRA: https://www.ncbi.nlm.nih.gov/sra?term=SRX21357058,ftp://ftp.ncbi.nlm.nih.gov/geo/samples/GSM7708nnn/GSM7708424/suppl/GSM7708424_s7068-04-001-041.counts.tsv.gz
SRX21357059,SRR25630220,7068-04-001-042,GSM7708425,Public on May 17 2024,Aug 14 2023,May 17 2024,SRA,1,liver (FFPE = Formalin Fixed Paraffin Embedded),Homo sapiens,F0,liver (FFPE = Formalin Fixed Paraffin Embedded),total RNA,"Clustering and DNA sequencing using the NovaSeq6000 was performed according to manufacturer's protocols. A concentration of 1.1 nM of DNA was used yielding paired end reads (2x 150bp). NovaSeq control software NCS v1.6 was used. Image analysis, base calling, and quality check was performed with the Illumina data analysis pipeline RTA3.4.4 and Bcl2fastq v2.20.",9606,Supplementary files format and content: The count files contain the # reads mapped per gene (not normalised per sample). These counts serve as input for the statistical analysis using DEseq2 package.,GPL24676,"Lars,,Verschuren",lars.verschuren@tno.nl,31888666039,Microbiology and Systems Biology,TNO,Utrechtseweg 48,Zeist,3704HE,Netherlands,0,Illumina NovaSeq 6000,cDNA,transcriptomic,RNA-Seq,SRA: https://www.ncbi.nlm.nih.gov/sra?term=SRX21357059,ftp://ftp.ncbi.nlm.nih.gov/geo/samples/GSM7708nnn/GSM7708425/suppl/GSM7708425_s7068-04-001-042.counts.tsv.gz
SRX21357060,SRR25630219,7068-04-001-043,GSM7708426,Public on May 17 2024,Aug 14 2023,May 17 2024,SRA,1,liver (FFPE = Formalin Fixed Paraffin Embedded),Homo sapiens,F2,liver (FFPE = Formalin Fixed Paraffin Embedded),total RNA,"Clustering and DNA sequencing using the NovaSeq6000 was performed according to manufacturer's protocols. A concentration of 1.1 nM of DNA was used yielding paired end reads (2x 150bp). NovaSeq control software NCS v1.6 was used. Image analysis, base calling, and quality check was performed with the Illumina data analysis pipeline RTA3.4.4 and Bcl2fastq v2.20.",9606,Supplementary files format and content: The count files contain the # reads mapped per gene (not normalised per sample). These counts serve as input for the statistical analysis using DEseq2 package.,GPL24676,"Lars,,Verschuren",lars.verschuren@tno.nl,31888666039,Microbiology and Systems Biology,TNO,Utrechtseweg 48,Zeist,3704HE,Netherlands,0,Illumina NovaSeq 6000,cDNA,transcriptomic,RNA-Seq,SRA: https://www.ncbi.nlm.nih.gov/sra?term=SRX21357060,ftp://ftp.ncbi.nlm.nih.gov/geo/samples/GSM7708nnn/GSM7708426/suppl/GSM7708426_s7068-04-001-043.counts.tsv.gz
SRX21357061,SRR25630218,7068-04-001-044,GSM7708427,Public on May 17 2024,Aug 14 2023,May 17 2024,SRA,1,liver (FFPE = Formalin Fixed Paraffin Embedded),Homo sapiens,F2,liver (FFPE = Formalin Fixed Paraffin Embedded),total RNA,"Clustering and DNA sequencing using the NovaSeq6000 was performed according to manufacturer's protocols. A concentration of 1.1 nM of DNA was used yielding paired end reads (2x 150bp). NovaSeq control software NCS v1.6 was used. Image analysis, base calling, and quality check was performed with the Illumina data analysis pipeline RTA3.4.4 and Bcl2fastq v2.20.",9606,Supplementary files format and content: The count files contain the # reads mapped per gene (not normalised per sample). These counts serve as input for the statistical analysis using DEseq2 package.,GPL24676,"Lars,,Verschuren",lars.verschuren@tno.nl,31888666039,Microbiology and Systems Biology,TNO,Utrechtseweg 48,Zeist,3704HE,Netherlands,0,Illumina NovaSeq 6000,cDNA,transcriptomic,RNA-Seq,SRA: https://www.ncbi.nlm.nih.gov/sra?term=SRX21357061,ftp://ftp.ncbi.nlm.nih.gov/geo/samples/GSM7708nnn/GSM7708427/suppl/GSM7708427_s7068-04-001-044.counts.tsv.gz
SRX21357070,SRR25630209,7068-04-001-045,GSM7708428,Public on May 17 2024,Aug 14 2023,May 17 2024,SRA,1,liver (FFPE = Formalin Fixed Paraffin Embedded),Homo sapiens,F1,liver (FFPE = Formalin Fixed Paraffin Embedded),total RNA,"Clustering and DNA sequencing using the NovaSeq6000 was performed according to manufacturer's protocols. A concentration of 1.1 nM of DNA was used yielding paired end reads (2x 150bp). NovaSeq control software NCS v1.6 was used. Image analysis, base calling, and quality check was performed with the Illumina data analysis pipeline RTA3.4.4 and Bcl2fastq v2.20.",9606,Supplementary files format and content: The count files contain the # reads mapped per gene (not normalised per sample). These counts serve as input for the statistical analysis using DEseq2 package.,GPL24676,"Lars,,Verschuren",lars.verschuren@tno.nl,31888666039,Microbiology and Systems Biology,TNO,Utrechtseweg 48,Zeist,3704HE,Netherlands,0,Illumina NovaSeq 6000,cDNA,transcriptomic,RNA-Seq,SRA: https://www.ncbi.nlm.nih.gov/sra?term=SRX21357070,ftp://ftp.ncbi.nlm.nih.gov/geo/samples/GSM7708nnn/GSM7708428/suppl/GSM7708428_s7068-04-001-045.counts.tsv.gz
SRX21357071,SRR25630208,7068-04-001-046,GSM7708429,Public on May 17 2024,Aug 14 2023,May 17 2024,SRA,1,liver (FFPE = Formalin Fixed Paraffin Embedded),Homo sapiens,F2,liver (FFPE = Formalin Fixed Paraffin Embedded),total RNA,"Clustering and DNA sequencing using the NovaSeq6000 was performed according to manufacturer's protocols. A concentration of 1.1 nM of DNA was used yielding paired end reads (2x 150bp). NovaSeq control software NCS v1.6 was used. Image analysis, base calling, and quality check was performed with the Illumina data analysis pipeline RTA3.4.4 and Bcl2fastq v2.20.",9606,Supplementary files format and content: The count files contain the # reads mapped per gene (not normalised per sample). These counts serve as input for the statistical analysis using DEseq2 package.,GPL24676,"Lars,,Verschuren",lars.verschuren@tno.nl,31888666039,Microbiology and Systems Biology,TNO,Utrechtseweg 48,Zeist,3704HE,Netherlands,0,Illumina NovaSeq 6000,cDNA,transcriptomic,RNA-Seq,SRA: https://www.ncbi.nlm.nih.gov/sra?term=SRX21357071,ftp://ftp.ncbi.nlm.nih.gov/geo/samples/GSM7708nnn/GSM7708429/suppl/GSM7708429_s7068-04-001-046.counts.tsv.gz
SRX21357072,SRR25630207,7068-04-001-047,GSM7708430,Public on May 17 2024,Aug 14 2023,May 17 2024,SRA,1,liver (FFPE = Formalin Fixed Paraffin Embedded),Homo sapiens,F3,liver (FFPE = Formalin Fixed Paraffin Embedded),total RNA,"Clustering and DNA sequencing using the NovaSeq6000 was performed according to manufacturer's protocols. A concentration of 1.1 nM of DNA was used yielding paired end reads (2x 150bp). NovaSeq control software NCS v1.6 was used. Image analysis, base calling, and quality check was performed with the Illumina data analysis pipeline RTA3.4.4 and Bcl2fastq v2.20.",9606,Supplementary files format and content: The count files contain the # reads mapped per gene (not normalised per sample). These counts serve as input for the statistical analysis using DEseq2 package.,GPL24676,"Lars,,Verschuren",lars.verschuren@tno.nl,31888666039,Microbiology and Systems Biology,TNO,Utrechtseweg 48,Zeist,3704HE,Netherlands,0,Illumina NovaSeq 6000,cDNA,transcriptomic,RNA-Seq,SRA: https://www.ncbi.nlm.nih.gov/sra?term=SRX21357072,ftp://ftp.ncbi.nlm.nih.gov/geo/samples/GSM7708nnn/GSM7708430/suppl/GSM7708430_s7068-04-001-047.counts.tsv.gz
SRX21357073,SRR25630206,7068-04-001-048,GSM7708431,Public on May 17 2024,Aug 14 2023,May 17 2024,SRA,1,liver (FFPE = Formalin Fixed Paraffin Embedded),Homo sapiens,F1,liver (FFPE = Formalin Fixed Paraffin Embedded),total RNA,"Clustering and DNA sequencing using the NovaSeq6000 was performed according to manufacturer's protocols. A concentration of 1.1 nM of DNA was used yielding paired end reads (2x 150bp). NovaSeq control software NCS v1.6 was used. Image analysis, base calling, and quality check was performed with the Illumina data analysis pipeline RTA3.4.4 and Bcl2fastq v2.20.",9606,Supplementary files format and content: The count files contain the # reads mapped per gene (not normalised per sample). These counts serve as input for the statistical analysis using DEseq2 package.,GPL24676,"Lars,,Verschuren",lars.verschuren@tno.nl,31888666039,Microbiology and Systems Biology,TNO,Utrechtseweg 48,Zeist,3704HE,Netherlands,0,Illumina NovaSeq 6000,cDNA,transcriptomic,RNA-Seq,SRA: https://www.ncbi.nlm.nih.gov/sra?term=SRX21357073,ftp://ftp.ncbi.nlm.nih.gov/geo/samples/GSM7708nnn/GSM7708431/suppl/GSM7708431_s7068-04-001-048.counts.tsv.gz
SRX21357074,SRR25630205,7068-04-001-049,GSM7708432,Public on May 17 2024,Aug 14 2023,May 17 2024,SRA,1,liver (FFPE = Formalin Fixed Paraffin Embedded),Homo sapiens,F2,liver (FFPE = Formalin Fixed Paraffin Embedded),total RNA,"Clustering and DNA sequencing using the NovaSeq6000 was performed according to manufacturer's protocols. A concentration of 1.1 nM of DNA was used yielding paired end reads (2x 150bp). NovaSeq control software NCS v1.6 was used. Image analysis, base calling, and quality check was performed with the Illumina data analysis pipeline RTA3.4.4 and Bcl2fastq v2.20.",9606,Supplementary files format and content: The count files contain the # reads mapped per gene (not normalised per sample). These counts serve as input for the statistical analysis using DEseq2 package.,GPL24676,"Lars,,Verschuren",lars.verschuren@tno.nl,31888666039,Microbiology and Systems Biology,TNO,Utrechtseweg 48,Zeist,3704HE,Netherlands,0,Illumina NovaSeq 6000,cDNA,transcriptomic,RNA-Seq,SRA: https://www.ncbi.nlm.nih.gov/sra?term=SRX21357074,ftp://ftp.ncbi.nlm.nih.gov/geo/samples/GSM7708nnn/GSM7708432/suppl/GSM7708432_s7068-04-001-049.counts.tsv.gz
SRX21357075,SRR25630204,7068-04-001-050,GSM7708433,Public on May 17 2024,Aug 14 2023,May 17 2024,SRA,1,liver (FFPE = Formalin Fixed Paraffin Embedded),Homo sapiens,F2,liver (FFPE = Formalin Fixed Paraffin Embedded),total RNA,"Clustering and DNA sequencing using the NovaSeq6000 was performed according to manufacturer's protocols. A concentration of 1.1 nM of DNA was used yielding paired end reads (2x 150bp). NovaSeq control software NCS v1.6 was used. Image analysis, base calling, and quality check was performed with the Illumina data analysis pipeline RTA3.4.4 and Bcl2fastq v2.20.",9606,Supplementary files format and content: The count files contain the # reads mapped per gene (not normalised per sample). These counts serve as input for the statistical analysis using DEseq2 package.,GPL24676,"Lars,,Verschuren",lars.verschuren@tno.nl,31888666039,Microbiology and Systems Biology,TNO,Utrechtseweg 48,Zeist,3704HE,Netherlands,0,Illumina NovaSeq 6000,cDNA,transcriptomic,RNA-Seq,SRA: https://www.ncbi.nlm.nih.gov/sra?term=SRX21357075,ftp://ftp.ncbi.nlm.nih.gov/geo/samples/GSM7708nnn/GSM7708433/suppl/GSM7708433_s7068-04-001-050.counts.tsv.gz
SRX21357076,SRR25630203,7068-04-001-051,GSM7708434,Public on May 17 2024,Aug 14 2023,May 17 2024,SRA,1,liver (FFPE = Formalin Fixed Paraffin Embedded),Homo sapiens,F1,liver (FFPE = Formalin Fixed Paraffin Embedded),total RNA,"Clustering and DNA sequencing using the NovaSeq6000 was performed according to manufacturer's protocols. A concentration of 1.1 nM of DNA was used yielding paired end reads (2x 150bp). NovaSeq control software NCS v1.6 was used. Image analysis, base calling, and quality check was performed with the Illumina data analysis pipeline RTA3.4.4 and Bcl2fastq v2.20.",9606,Supplementary files format and content: The count files contain the # reads mapped per gene (not normalised per sample). These counts serve as input for the statistical analysis using DEseq2 package.,GPL24676,"Lars,,Verschuren",lars.verschuren@tno.nl,31888666039,Microbiology and Systems Biology,TNO,Utrechtseweg 48,Zeist,3704HE,Netherlands,0,Illumina NovaSeq 6000,cDNA,transcriptomic,RNA-Seq,SRA: https://www.ncbi.nlm.nih.gov/sra?term=SRX21357076,ftp://ftp.ncbi.nlm.nih.gov/geo/samples/GSM7708nnn/GSM7708434/suppl/GSM7708434_s7068-04-001-051.counts.tsv.gz
SRX21357077,SRR25630202,7068-04-001-052,GSM7708435,Public on May 17 2024,Aug 14 2023,May 17 2024,SRA,1,liver (FFPE = Formalin Fixed Paraffin Embedded),Homo sapiens,F1,liver (FFPE = Formalin Fixed Paraffin Embedded),total RNA,"Clustering and DNA sequencing using the NovaSeq6000 was performed according to manufacturer's protocols. A concentration of 1.1 nM of DNA was used yielding paired end reads (2x 150bp). NovaSeq control software NCS v1.6 was used. Image analysis, base calling, and quality check was performed with the Illumina data analysis pipeline RTA3.4.4 and Bcl2fastq v2.20.",9606,Supplementary files format and content: The count files contain the # reads mapped per gene (not normalised per sample). These counts serve as input for the statistical analysis using DEseq2 package.,GPL24676,"Lars,,Verschuren",lars.verschuren@tno.nl,31888666039,Microbiology and Systems Biology,TNO,Utrechtseweg 48,Zeist,3704HE,Netherlands,0,Illumina NovaSeq 6000,cDNA,transcriptomic,RNA-Seq,SRA: https://www.ncbi.nlm.nih.gov/sra?term=SRX21357077,ftp://ftp.ncbi.nlm.nih.gov/geo/samples/GSM7708nnn/GSM7708435/suppl/GSM7708435_s7068-04-001-052.counts.tsv.gz
SRX21357062,SRR25630217,7068-04-001-053,GSM7708436,Public on May 17 2024,Aug 14 2023,May 17 2024,SRA,1,liver (FFPE = Formalin Fixed Paraffin Embedded),Homo sapiens,F1,liver (FFPE = Formalin Fixed Paraffin Embedded),total RNA,"Clustering and DNA sequencing using the NovaSeq6000 was performed according to manufacturer's protocols. A concentration of 1.1 nM of DNA was used yielding paired end reads (2x 150bp). NovaSeq control software NCS v1.6 was used. Image analysis, base calling, and quality check was performed with the Illumina data analysis pipeline RTA3.4.4 and Bcl2fastq v2.20.",9606,Supplementary files format and content: The count files contain the # reads mapped per gene (not normalised per sample). These counts serve as input for the statistical analysis using DEseq2 package.,GPL24676,"Lars,,Verschuren",lars.verschuren@tno.nl,31888666039,Microbiology and Systems Biology,TNO,Utrechtseweg 48,Zeist,3704HE,Netherlands,0,Illumina NovaSeq 6000,cDNA,transcriptomic,RNA-Seq,SRA: https://www.ncbi.nlm.nih.gov/sra?term=SRX21357062,ftp://ftp.ncbi.nlm.nih.gov/geo/samples/GSM7708nnn/GSM7708436/suppl/GSM7708436_s7068-04-001-053.counts.tsv.gz
SRX21357063,SRR25630216,7068-04-001-054,GSM7708437,Public on May 17 2024,Aug 14 2023,May 17 2024,SRA,1,liver (FFPE = Formalin Fixed Paraffin Embedded),Homo sapiens,F2,liver (FFPE = Formalin Fixed Paraffin Embedded),total RNA,"Clustering and DNA sequencing using the NovaSeq6000 was performed according to manufacturer's protocols. A concentration of 1.1 nM of DNA was used yielding paired end reads (2x 150bp). NovaSeq control software NCS v1.6 was used. Image analysis, base calling, and quality check was performed with the Illumina data analysis pipeline RTA3.4.4 and Bcl2fastq v2.20.",9606,Supplementary files format and content: The count files contain the # reads mapped per gene (not normalised per sample). These counts serve as input for the statistical analysis using DEseq2 package.,GPL24676,"Lars,,Verschuren",lars.verschuren@tno.nl,31888666039,Microbiology and Systems Biology,TNO,Utrechtseweg 48,Zeist,3704HE,Netherlands,0,Illumina NovaSeq 6000,cDNA,transcriptomic,RNA-Seq,SRA: https://www.ncbi.nlm.nih.gov/sra?term=SRX21357063,ftp://ftp.ncbi.nlm.nih.gov/geo/samples/GSM7708nnn/GSM7708437/suppl/GSM7708437_s7068-04-001-054.counts.tsv.gz
SRX21357064,SRR25630215,7068-04-001-055,GSM7708438,Public on May 17 2024,Aug 14 2023,May 17 2024,SRA,1,liver (FFPE = Formalin Fixed Paraffin Embedded),Homo sapiens,F2,liver (FFPE = Formalin Fixed Paraffin Embedded),total RNA,"Clustering and DNA sequencing using the NovaSeq6000 was performed according to manufacturer's protocols. A concentration of 1.1 nM of DNA was used yielding paired end reads (2x 150bp). NovaSeq control software NCS v1.6 was used. Image analysis, base calling, and quality check was performed with the Illumina data analysis pipeline RTA3.4.4 and Bcl2fastq v2.20.",9606,Supplementary files format and content: The count files contain the # reads mapped per gene (not normalised per sample). These counts serve as input for the statistical analysis using DEseq2 package.,GPL24676,"Lars,,Verschuren",lars.verschuren@tno.nl,31888666039,Microbiology and Systems Biology,TNO,Utrechtseweg 48,Zeist,3704HE,Netherlands,0,Illumina NovaSeq 6000,cDNA,transcriptomic,RNA-Seq,SRA: https://www.ncbi.nlm.nih.gov/sra?term=SRX21357064,ftp://ftp.ncbi.nlm.nih.gov/geo/samples/GSM7708nnn/GSM7708438/suppl/GSM7708438_s7068-04-001-055.counts.tsv.gz
SRX21357065,SRR25630214,7068-04-001-056,GSM7708439,Public on May 17 2024,Aug 14 2023,May 17 2024,SRA,1,liver (FFPE = Formalin Fixed Paraffin Embedded),Homo sapiens,F0,liver (FFPE = Formalin Fixed Paraffin Embedded),total RNA,"Clustering and DNA sequencing using the NovaSeq6000 was performed according to manufacturer's protocols. A concentration of 1.1 nM of DNA was used yielding paired end reads (2x 150bp). NovaSeq control software NCS v1.6 was used. Image analysis, base calling, and quality check was performed with the Illumina data analysis pipeline RTA3.4.4 and Bcl2fastq v2.20.",9606,Supplementary files format and content: The count files contain the # reads mapped per gene (not normalised per sample). These counts serve as input for the statistical analysis using DEseq2 package.,GPL24676,"Lars,,Verschuren",lars.verschuren@tno.nl,31888666039,Microbiology and Systems Biology,TNO,Utrechtseweg 48,Zeist,3704HE,Netherlands,0,Illumina NovaSeq 6000,cDNA,transcriptomic,RNA-Seq,SRA: https://www.ncbi.nlm.nih.gov/sra?term=SRX21357065,ftp://ftp.ncbi.nlm.nih.gov/geo/samples/GSM7708nnn/GSM7708439/suppl/GSM7708439_s7068-04-001-056.counts.tsv.gz
SRX21357066,SRR25630213,7068-04-001-057,GSM7708440,Public on May 17 2024,Aug 14 2023,May 17 2024,SRA,1,liver (FFPE = Formalin Fixed Paraffin Embedded),Homo sapiens,F1,liver (FFPE = Formalin Fixed Paraffin Embedded),total RNA,"Clustering and DNA sequencing using the NovaSeq6000 was performed according to manufacturer's protocols. A concentration of 1.1 nM of DNA was used yielding paired end reads (2x 150bp). NovaSeq control software NCS v1.6 was used. Image analysis, base calling, and quality check was performed with the Illumina data analysis pipeline RTA3.4.4 and Bcl2fastq v2.20.",9606,Supplementary files format and content: The count files contain the # reads mapped per gene (not normalised per sample). These counts serve as input for the statistical analysis using DEseq2 package.,GPL24676,"Lars,,Verschuren",lars.verschuren@tno.nl,31888666039,Microbiology and Systems Biology,TNO,Utrechtseweg 48,Zeist,3704HE,Netherlands,0,Illumina NovaSeq 6000,cDNA,transcriptomic,RNA-Seq,SRA: https://www.ncbi.nlm.nih.gov/sra?term=SRX21357066,ftp://ftp.ncbi.nlm.nih.gov/geo/samples/GSM7708nnn/GSM7708440/suppl/GSM7708440_s7068-04-001-057.counts.tsv.gz
SRX21357067,SRR25630212,7068-04-001-058,GSM7708441,Public on May 17 2024,Aug 14 2023,May 17 2024,SRA,1,liver (FFPE = Formalin Fixed Paraffin Embedded),Homo sapiens,F2,liver (FFPE = Formalin Fixed Paraffin Embedded),total RNA,"Clustering and DNA sequencing using the NovaSeq6000 was performed according to manufacturer's protocols. A concentration of 1.1 nM of DNA was used yielding paired end reads (2x 150bp). NovaSeq control software NCS v1.6 was used. Image analysis, base calling, and quality check was performed with the Illumina data analysis pipeline RTA3.4.4 and Bcl2fastq v2.20.",9606,Supplementary files format and content: The count files contain the # reads mapped per gene (not normalised per sample). These counts serve as input for the statistical analysis using DEseq2 package.,GPL24676,"Lars,,Verschuren",lars.verschuren@tno.nl,31888666039,Microbiology and Systems Biology,TNO,Utrechtseweg 48,Zeist,3704HE,Netherlands,0,Illumina NovaSeq 6000,cDNA,transcriptomic,RNA-Seq,SRA: https://www.ncbi.nlm.nih.gov/sra?term=SRX21357067,ftp://ftp.ncbi.nlm.nih.gov/geo/samples/GSM7708nnn/GSM7708441/suppl/GSM7708441_s7068-04-001-058.counts.tsv.gz
SRX21357068,SRR25630211,7068-04-001-059,GSM7708442,Public on May 17 2024,Aug 14 2023,May 17 2024,SRA,1,liver (FFPE = Formalin Fixed Paraffin Embedded),Homo sapiens,F1,liver (FFPE = Formalin Fixed Paraffin Embedded),total RNA,"Clustering and DNA sequencing using the NovaSeq6000 was performed according to manufacturer's protocols. A concentration of 1.1 nM of DNA was used yielding paired end reads (2x 150bp). NovaSeq control software NCS v1.6 was used. Image analysis, base calling, and quality check was performed with the Illumina data analysis pipeline RTA3.4.4 and Bcl2fastq v2.20.",9606,Supplementary files format and content: The count files contain the # reads mapped per gene (not normalised per sample). These counts serve as input for the statistical analysis using DEseq2 package.,GPL24676,"Lars,,Verschuren",lars.verschuren@tno.nl,31888666039,Microbiology and Systems Biology,TNO,Utrechtseweg 48,Zeist,3704HE,Netherlands,0,Illumina NovaSeq 6000,cDNA,transcriptomic,RNA-Seq,SRA: https://www.ncbi.nlm.nih.gov/sra?term=SRX21357068,ftp://ftp.ncbi.nlm.nih.gov/geo/samples/GSM7708nnn/GSM7708442/suppl/GSM7708442_s7068-04-001-059.counts.tsv.gz
SRX21357069,SRR25630210,7068-04-001-060,GSM7708443,Public on May 17 2024,Aug 14 2023,May 17 2024,SRA,1,liver (FFPE = Formalin Fixed Paraffin Embedded),Homo sapiens,F2,liver (FFPE = Formalin Fixed Paraffin Embedded),total RNA,"Clustering and DNA sequencing using the NovaSeq6000 was performed according to manufacturer's protocols. A concentration of 1.1 nM of DNA was used yielding paired end reads (2x 150bp). NovaSeq control software NCS v1.6 was used. Image analysis, base calling, and quality check was performed with the Illumina data analysis pipeline RTA3.4.4 and Bcl2fastq v2.20.",9606,Supplementary files format and content: The count files contain the # reads mapped per gene (not normalised per sample). These counts serve as input for the statistical analysis using DEseq2 package.,GPL24676,"Lars,,Verschuren",lars.verschuren@tno.nl,31888666039,Microbiology and Systems Biology,TNO,Utrechtseweg 48,Zeist,3704HE,Netherlands,0,Illumina NovaSeq 6000,cDNA,transcriptomic,RNA-Seq,SRA: https://www.ncbi.nlm.nih.gov/sra?term=SRX21357069,ftp://ftp.ncbi.nlm.nih.gov/geo/samples/GSM7708nnn/GSM7708443/suppl/GSM7708443_s7068-04-001-060.counts.tsv.gz
SRX21357038,SRR25630241,7068-04-001-061,GSM7708444,Public on May 17 2024,Aug 14 2023,May 17 2024,SRA,1,liver (FFPE = Formalin Fixed Paraffin Embedded),Homo sapiens,F1,liver (FFPE = Formalin Fixed Paraffin Embedded),total RNA,"Clustering and DNA sequencing using the NovaSeq6000 was performed according to manufacturer's protocols. A concentration of 1.1 nM of DNA was used yielding paired end reads (2x 150bp). NovaSeq control software NCS v1.6 was used. Image analysis, base calling, and quality check was performed with the Illumina data analysis pipeline RTA3.4.4 and Bcl2fastq v2.20.",9606,Supplementary files format and content: The count files contain the # reads mapped per gene (not normalised per sample). These counts serve as input for the statistical analysis using DEseq2 package.,GPL24676,"Lars,,Verschuren",lars.verschuren@tno.nl,31888666039,Microbiology and Systems Biology,TNO,Utrechtseweg 48,Zeist,3704HE,Netherlands,0,Illumina NovaSeq 6000,cDNA,transcriptomic,RNA-Seq,SRA: https://www.ncbi.nlm.nih.gov/sra?term=SRX21357038,ftp://ftp.ncbi.nlm.nih.gov/geo/samples/GSM7708nnn/GSM7708444/suppl/GSM7708444_s7068-04-001-061.counts.tsv.gz
SRX21357039,SRR25630240,7068-04-001-062,GSM7708445,Public on May 17 2024,Aug 14 2023,May 17 2024,SRA,1,liver (FFPE = Formalin Fixed Paraffin Embedded),Homo sapiens,F1,liver (FFPE = Formalin Fixed Paraffin Embedded),total RNA,"Clustering and DNA sequencing using the NovaSeq6000 was performed according to manufacturer's protocols. A concentration of 1.1 nM of DNA was used yielding paired end reads (2x 150bp). NovaSeq control software NCS v1.6 was used. Image analysis, base calling, and quality check was performed with the Illumina data analysis pipeline RTA3.4.4 and Bcl2fastq v2.20.",9606,Supplementary files format and content: The count files contain the # reads mapped per gene (not normalised per sample). These counts serve as input for the statistical analysis using DEseq2 package.,GPL24676,"Lars,,Verschuren",lars.verschuren@tno.nl,31888666039,Microbiology and Systems Biology,TNO,Utrechtseweg 48,Zeist,3704HE,Netherlands,0,Illumina NovaSeq 6000,cDNA,transcriptomic,RNA-Seq,SRA: https://www.ncbi.nlm.nih.gov/sra?term=SRX21357039,ftp://ftp.ncbi.nlm.nih.gov/geo/samples/GSM7708nnn/GSM7708445/suppl/GSM7708445_s7068-04-001-062.counts.tsv.gz
SRX21357040,SRR25630239,7068-04-001-063,GSM7708446,Public on May 17 2024,Aug 14 2023,May 17 2024,SRA,1,liver (FFPE = Formalin Fixed Paraffin Embedded),Homo sapiens,F2,liver (FFPE = Formalin Fixed Paraffin Embedded),total RNA,"Clustering and DNA sequencing using the NovaSeq6000 was performed according to manufacturer's protocols. A concentration of 1.1 nM of DNA was used yielding paired end reads (2x 150bp). NovaSeq control software NCS v1.6 was used. Image analysis, base calling, and quality check was performed with the Illumina data analysis pipeline RTA3.4.4 and Bcl2fastq v2.20.",9606,Supplementary files format and content: The count files contain the # reads mapped per gene (not normalised per sample). These counts serve as input for the statistical analysis using DEseq2 package.,GPL24676,"Lars,,Verschuren",lars.verschuren@tno.nl,31888666039,Microbiology and Systems Biology,TNO,Utrechtseweg 48,Zeist,3704HE,Netherlands,0,Illumina NovaSeq 6000,cDNA,transcriptomic,RNA-Seq,SRA: https://www.ncbi.nlm.nih.gov/sra?term=SRX21357040,ftp://ftp.ncbi.nlm.nih.gov/geo/samples/GSM7708nnn/GSM7708446/suppl/GSM7708446_s7068-04-001-063.counts.tsv.gz
SRX21357041,SRR25630238,7068-04-001-064,GSM7708447,Public on May 17 2024,Aug 14 2023,May 17 2024,SRA,1,liver (FFPE = Formalin Fixed Paraffin Embedded),Homo sapiens,F0,liver (FFPE = Formalin Fixed Paraffin Embedded),total RNA,"Clustering and DNA sequencing using the NovaSeq6000 was performed according to manufacturer's protocols. A concentration of 1.1 nM of DNA was used yielding paired end reads (2x 150bp). NovaSeq control software NCS v1.6 was used. Image analysis, base calling, and quality check was performed with the Illumina data analysis pipeline RTA3.4.4 and Bcl2fastq v2.20.",9606,Supplementary files format and content: The count files contain the # reads mapped per gene (not normalised per sample). These counts serve as input for the statistical analysis using DEseq2 package.,GPL24676,"Lars,,Verschuren",lars.verschuren@tno.nl,31888666039,Microbiology and Systems Biology,TNO,Utrechtseweg 48,Zeist,3704HE,Netherlands,0,Illumina NovaSeq 6000,cDNA,transcriptomic,RNA-Seq,SRA: https://www.ncbi.nlm.nih.gov/sra?term=SRX21357041,ftp://ftp.ncbi.nlm.nih.gov/geo/samples/GSM7708nnn/GSM7708447/suppl/GSM7708447_s7068-04-001-064.counts.tsv.gz
SRX21357042,SRR25630237,7068-04-001-065,GSM7708448,Public on May 17 2024,Aug 14 2023,May 17 2024,SRA,1,liver (FFPE = Formalin Fixed Paraffin Embedded),Homo sapiens,F1,liver (FFPE = Formalin Fixed Paraffin Embedded),total RNA,"Clustering and DNA sequencing using the NovaSeq6000 was performed according to manufacturer's protocols. A concentration of 1.1 nM of DNA was used yielding paired end reads (2x 150bp). NovaSeq control software NCS v1.6 was used. Image analysis, base calling, and quality check was performed with the Illumina data analysis pipeline RTA3.4.4 and Bcl2fastq v2.20.",9606,Supplementary files format and content: The count files contain the # reads mapped per gene (not normalised per sample). These counts serve as input for the statistical analysis using DEseq2 package.,GPL24676,"Lars,,Verschuren",lars.verschuren@tno.nl,31888666039,Microbiology and Systems Biology,TNO,Utrechtseweg 48,Zeist,3704HE,Netherlands,0,Illumina NovaSeq 6000,cDNA,transcriptomic,RNA-Seq,SRA: https://www.ncbi.nlm.nih.gov/sra?term=SRX21357042,ftp://ftp.ncbi.nlm.nih.gov/geo/samples/GSM7708nnn/GSM7708448/suppl/GSM7708448_s7068-04-001-065.counts.tsv.gz
SRX21357043,SRR25630236,7068-04-001-067,GSM7708449,Public on May 17 2024,Aug 14 2023,May 17 2024,SRA,1,liver (FFPE = Formalin Fixed Paraffin Embedded),Homo sapiens,F1,liver (FFPE = Formalin Fixed Paraffin Embedded),total RNA,"Clustering and DNA sequencing using the NovaSeq6000 was performed according to manufacturer's protocols. A concentration of 1.1 nM of DNA was used yielding paired end reads (2x 150bp). NovaSeq control software NCS v1.6 was used. Image analysis, base calling, and quality check was performed with the Illumina data analysis pipeline RTA3.4.4 and Bcl2fastq v2.20.",9606,Supplementary files format and content: The count files contain the # reads mapped per gene (not normalised per sample). These counts serve as input for the statistical analysis using DEseq2 package.,GPL24676,"Lars,,Verschuren",lars.verschuren@tno.nl,31888666039,Microbiology and Systems Biology,TNO,Utrechtseweg 48,Zeist,3704HE,Netherlands,0,Illumina NovaSeq 6000,cDNA,transcriptomic,RNA-Seq,SRA: https://www.ncbi.nlm.nih.gov/sra?term=SRX21357043,ftp://ftp.ncbi.nlm.nih.gov/geo/samples/GSM7708nnn/GSM7708449/suppl/GSM7708449_s7068-04-001-067.counts.tsv.gz
SRX21357044,SRR25630235,7068-04-001-068,GSM7708450,Public on May 17 2024,Aug 14 2023,May 17 2024,SRA,1,liver (FFPE = Formalin Fixed Paraffin Embedded),Homo sapiens,F1,liver (FFPE = Formalin Fixed Paraffin Embedded),total RNA,"Clustering and DNA sequencing using the NovaSeq6000 was performed according to manufacturer's protocols. A concentration of 1.1 nM of DNA was used yielding paired end reads (2x 150bp). NovaSeq control software NCS v1.6 was used. Image analysis, base calling, and quality check was performed with the Illumina data analysis pipeline RTA3.4.4 and Bcl2fastq v2.20.",9606,Supplementary files format and content: The count files contain the # reads mapped per gene (not normalised per sample). These counts serve as input for the statistical analysis using DEseq2 package.,GPL24676,"Lars,,Verschuren",lars.verschuren@tno.nl,31888666039,Microbiology and Systems Biology,TNO,Utrechtseweg 48,Zeist,3704HE,Netherlands,0,Illumina NovaSeq 6000,cDNA,transcriptomic,RNA-Seq,SRA: https://www.ncbi.nlm.nih.gov/sra?term=SRX21357044,ftp://ftp.ncbi.nlm.nih.gov/geo/samples/GSM7708nnn/GSM7708450/suppl/GSM7708450_s7068-04-001-068.counts.tsv.gz
SRX21357045,SRR25630234,7068-04-001-069,GSM7708451,Public on May 17 2024,Aug 14 2023,May 17 2024,SRA,1,liver (FFPE = Formalin Fixed Paraffin Embedded),Homo sapiens,F2,liver (FFPE = Formalin Fixed Paraffin Embedded),total RNA,"Clustering and DNA sequencing using the NovaSeq6000 was performed according to manufacturer's protocols. A concentration of 1.1 nM of DNA was used yielding paired end reads (2x 150bp). NovaSeq control software NCS v1.6 was used. Image analysis, base calling, and quality check was performed with the Illumina data analysis pipeline RTA3.4.4 and Bcl2fastq v2.20.",9606,Supplementary files format and content: The count files contain the # reads mapped per gene (not normalised per sample). These counts serve as input for the statistical analysis using DEseq2 package.,GPL24676,"Lars,,Verschuren",lars.verschuren@tno.nl,31888666039,Microbiology and Systems Biology,TNO,Utrechtseweg 48,Zeist,3704HE,Netherlands,0,Illumina NovaSeq 6000,cDNA,transcriptomic,RNA-Seq,SRA: https://www.ncbi.nlm.nih.gov/sra?term=SRX21357045,ftp://ftp.ncbi.nlm.nih.gov/geo/samples/GSM7708nnn/GSM7708451/suppl/GSM7708451_s7068-04-001-069.counts.tsv.gz
SRX21357078,SRR25630201,7068-04-001-070,GSM7708452,Public on May 17 2024,Aug 14 2023,May 17 2024,SRA,1,liver (FFPE = Formalin Fixed Paraffin Embedded),Homo sapiens,F0,liver (FFPE = Formalin Fixed Paraffin Embedded),total RNA,"Clustering and DNA sequencing using the NovaSeq6000 was performed according to manufacturer's protocols. A concentration of 1.1 nM of DNA was used yielding paired end reads (2x 150bp). NovaSeq control software NCS v1.6 was used. Image analysis, base calling, and quality check was performed with the Illumina data analysis pipeline RTA3.4.4 and Bcl2fastq v2.20.",9606,Supplementary files format and content: The count files contain the # reads mapped per gene (not normalised per sample). These counts serve as input for the statistical analysis using DEseq2 package.,GPL24676,"Lars,,Verschuren",lars.verschuren@tno.nl,31888666039,Microbiology and Systems Biology,TNO,Utrechtseweg 48,Zeist,3704HE,Netherlands,0,Illumina NovaSeq 6000,cDNA,transcriptomic,RNA-Seq,SRA: https://www.ncbi.nlm.nih.gov/sra?term=SRX21357078,ftp://ftp.ncbi.nlm.nih.gov/geo/samples/GSM7708nnn/GSM7708452/suppl/GSM7708452_s7068-04-001-070.counts.tsv.gz
SRX21357079,SRR25630200,7068-04-001-071,GSM7708453,Public on May 17 2024,Aug 14 2023,May 17 2024,SRA,1,liver (FFPE = Formalin Fixed Paraffin Embedded),Homo sapiens,F2,liver (FFPE = Formalin Fixed Paraffin Embedded),total RNA,"Clustering and DNA sequencing using the NovaSeq6000 was performed according to manufacturer's protocols. A concentration of 1.1 nM of DNA was used yielding paired end reads (2x 150bp). NovaSeq control software NCS v1.6 was used. Image analysis, base calling, and quality check was performed with the Illumina data analysis pipeline RTA3.4.4 and Bcl2fastq v2.20.",9606,Supplementary files format and content: The count files contain the # reads mapped per gene (not normalised per sample). These counts serve as input for the statistical analysis using DEseq2 package.,GPL24676,"Lars,,Verschuren",lars.verschuren@tno.nl,31888666039,Microbiology and Systems Biology,TNO,Utrechtseweg 48,Zeist,3704HE,Netherlands,0,Illumina NovaSeq 6000,cDNA,transcriptomic,RNA-Seq,SRA: https://www.ncbi.nlm.nih.gov/sra?term=SRX21357079,ftp://ftp.ncbi.nlm.nih.gov/geo/samples/GSM7708nnn/GSM7708453/suppl/GSM7708453_s7068-04-001-071.counts.tsv.gz
SRX21357080,SRR25630199,7068-04-001-072,GSM7708454,Public on May 17 2024,Aug 14 2023,May 17 2024,SRA,1,liver (FFPE = Formalin Fixed Paraffin Embedded),Homo sapiens,F1,liver (FFPE = Formalin Fixed Paraffin Embedded),total RNA,"Clustering and DNA sequencing using the NovaSeq6000 was performed according to manufacturer's protocols. A concentration of 1.1 nM of DNA was used yielding paired end reads (2x 150bp). NovaSeq control software NCS v1.6 was used. Image analysis, base calling, and quality check was performed with the Illumina data analysis pipeline RTA3.4.4 and Bcl2fastq v2.20.",9606,Supplementary files format and content: The count files contain the # reads mapped per gene (not normalised per sample). These counts serve as input for the statistical analysis using DEseq2 package.,GPL24676,"Lars,,Verschuren",lars.verschuren@tno.nl,31888666039,Microbiology and Systems Biology,TNO,Utrechtseweg 48,Zeist,3704HE,Netherlands,0,Illumina NovaSeq 6000,cDNA,transcriptomic,RNA-Seq,SRA: https://www.ncbi.nlm.nih.gov/sra?term=SRX21357080,ftp://ftp.ncbi.nlm.nih.gov/geo/samples/GSM7708nnn/GSM7708454/suppl/GSM7708454_s7068-04-001-072.counts.tsv.gz
