gene	bulk_gene_id
PLIN2	ENSG00000147872.11
ABHD5	ENSG00000011198.11
PLIN4	ENSG00000167676.6
PLIN1	ENSG00000166819.13
ACLY	ENSG00000131473.18
P4HA2	ENSG00000072682.21
AGRN	ENSG00000188157.16
LAMA5	ENSG00000130702.15
LAMB2	ENSG00000172037.15
CD151	ENSG00000177697.20
CAPG	ENSG00000042493.17
CASP1	ENSG00000137752.26
CORO1A	ENSG00000102879.18
CD74	ENSG00000019582.18
HLA-DQA1	ENSG00000206305.12
GGT1	ENSG00000100031.20
MAT1A	ENSG00000151224.14
ADH1B	ENSG00000196616.16
CYP4A11	ENSG00000187048.15
CYP2C19	ENSG00000165841.12
AASS	ENSG00000008311.17
HGD	ENSG00000113924.13
ACADSB	ENSG00000196177.14
HAL	ENSG00000084110.12
GNMT	ENSG00000124713.7
