sample_id	age	sex	condition	fibrosis_stage	tissue	fastq_r1	fastq_r2	layout
SRR8378432	46	male	NASH	NORMAL	Liver	/gpfs/commons/groups/sanjana_lab/Cas13/MASLD_library_design/RNA-seq/Human/Patient_Cohorts/data/raw/PRJNA512027/fastq/SRR8378432_1.fastq.gz	/gpfs/commons/groups/sanjana_lab/Cas13/MASLD_library_design/RNA-seq/Human/Patient_Cohorts/data/raw/PRJNA512027/fastq/SRR8378432_2.fastq.gz	PAIRED
SRR8378433	54	female	NASH	NORMAL	Liver	/gpfs/commons/groups/sanjana_lab/Cas13/MASLD_library_design/RNA-seq/Human/Patient_Cohorts/data/raw/PRJNA512027/fastq/SRR8378433_1.fastq.gz	/gpfs/commons/groups/sanjana_lab/Cas13/MASLD_library_design/RNA-seq/Human/Patient_Cohorts/data/raw/PRJNA512027/fastq/SRR8378433_2.fastq.gz	PAIRED
SRR8378434	54	female	NASH	NORMAL	Liver	/gpfs/commons/groups/sanjana_lab/Cas13/MASLD_library_design/RNA-seq/Human/Patient_Cohorts/data/raw/PRJNA512027/fastq/SRR8378434_1.fastq.gz	/gpfs/commons/groups/sanjana_lab/Cas13/MASLD_library_design/RNA-seq/Human/Patient_Cohorts/data/raw/PRJNA512027/fastq/SRR8378434_2.fastq.gz	PAIRED
SRR8378435	48	female	NASH	NORMAL	Liver	/gpfs/commons/groups/sanjana_lab/Cas13/MASLD_library_design/RNA-seq/Human/Patient_Cohorts/data/raw/PRJNA512027/fastq/SRR8378435_1.fastq.gz	/gpfs/commons/groups/sanjana_lab/Cas13/MASLD_library_design/RNA-seq/Human/Patient_Cohorts/data/raw/PRJNA512027/fastq/SRR8378435_2.fastq.gz	PAIRED
SRR8378436	46	female	NASH	NORMAL	Liver	/gpfs/commons/groups/sanjana_lab/Cas13/MASLD_library_design/RNA-seq/Human/Patient_Cohorts/data/raw/PRJNA512027/fastq/SRR8378436_1.fastq.gz	/gpfs/commons/groups/sanjana_lab/Cas13/MASLD_library_design/RNA-seq/Human/Patient_Cohorts/data/raw/PRJNA512027/fastq/SRR8378436_2.fastq.gz	PAIRED
SRR8378437	32	female	NASH	Lob Inflam 2	Liver	/gpfs/commons/groups/sanjana_lab/Cas13/MASLD_library_design/RNA-seq/Human/Patient_Cohorts/data/raw/PRJNA512027/fastq/SRR8378437_1.fastq.gz	/gpfs/commons/groups/sanjana_lab/Cas13/MASLD_library_design/RNA-seq/Human/Patient_Cohorts/data/raw/PRJNA512027/fastq/SRR8378437_2.fastq.gz	PAIRED
SRR8378438	41	male	NASH	Lob Inflam 2	Liver	/gpfs/commons/groups/sanjana_lab/Cas13/MASLD_library_design/RNA-seq/Human/Patient_Cohorts/data/raw/PRJNA512027/fastq/SRR8378438_1.fastq.gz	/gpfs/commons/groups/sanjana_lab/Cas13/MASLD_library_design/RNA-seq/Human/Patient_Cohorts/data/raw/PRJNA512027/fastq/SRR8378438_2.fastq.gz	PAIRED
SRR8378439	36	female	NASH	Lob Inflam 2	Liver	/gpfs/commons/groups/sanjana_lab/Cas13/MASLD_library_design/RNA-seq/Human/Patient_Cohorts/data/raw/PRJNA512027/fastq/SRR8378439_1.fastq.gz	/gpfs/commons/groups/sanjana_lab/Cas13/MASLD_library_design/RNA-seq/Human/Patient_Cohorts/data/raw/PRJNA512027/fastq/SRR8378439_2.fastq.gz	PAIRED
SRR8378440	62	female	NASH	Lob Inflam 2	Liver	/gpfs/commons/groups/sanjana_lab/Cas13/MASLD_library_design/RNA-seq/Human/Patient_Cohorts/data/raw/PRJNA512027/fastq/SRR8378440_1.fastq.gz	/gpfs/commons/groups/sanjana_lab/Cas13/MASLD_library_design/RNA-seq/Human/Patient_Cohorts/data/raw/PRJNA512027/fastq/SRR8378440_2.fastq.gz	PAIRED
SRR8378441	55	female	NASH	Lob Inflam 1	Liver	/gpfs/commons/groups/sanjana_lab/Cas13/MASLD_library_design/RNA-seq/Human/Patient_Cohorts/data/raw/PRJNA512027/fastq/SRR8378441_1.fastq.gz	/gpfs/commons/groups/sanjana_lab/Cas13/MASLD_library_design/RNA-seq/Human/Patient_Cohorts/data/raw/PRJNA512027/fastq/SRR8378441_2.fastq.gz	PAIRED
SRR8378442	50	female	NASH	Lob Inflam 1	Liver	/gpfs/commons/groups/sanjana_lab/Cas13/MASLD_library_design/RNA-seq/Human/Patient_Cohorts/data/raw/PRJNA512027/fastq/SRR8378442_1.fastq.gz	/gpfs/commons/groups/sanjana_lab/Cas13/MASLD_library_design/RNA-seq/Human/Patient_Cohorts/data/raw/PRJNA512027/fastq/SRR8378442_2.fastq.gz	PAIRED
SRR8378443	57	female	NASH	Lob Inflam 1	Liver	/gpfs/commons/groups/sanjana_lab/Cas13/MASLD_library_design/RNA-seq/Human/Patient_Cohorts/data/raw/PRJNA512027/fastq/SRR8378443_1.fastq.gz	/gpfs/commons/groups/sanjana_lab/Cas13/MASLD_library_design/RNA-seq/Human/Patient_Cohorts/data/raw/PRJNA512027/fastq/SRR8378443_2.fastq.gz	PAIRED
SRR8378444	68	female	NASH	Lob Inflam 1	Liver	/gpfs/commons/groups/sanjana_lab/Cas13/MASLD_library_design/RNA-seq/Human/Patient_Cohorts/data/raw/PRJNA512027/fastq/SRR8378444_1.fastq.gz	/gpfs/commons/groups/sanjana_lab/Cas13/MASLD_library_design/RNA-seq/Human/Patient_Cohorts/data/raw/PRJNA512027/fastq/SRR8378444_2.fastq.gz	PAIRED
SRR8378445	33	female	NASH	Lob Inflam 2	Liver	/gpfs/commons/groups/sanjana_lab/Cas13/MASLD_library_design/RNA-seq/Human/Patient_Cohorts/data/raw/PRJNA512027/fastq/SRR8378445_1.fastq.gz	/gpfs/commons/groups/sanjana_lab/Cas13/MASLD_library_design/RNA-seq/Human/Patient_Cohorts/data/raw/PRJNA512027/fastq/SRR8378445_2.fastq.gz	PAIRED
SRR8378446	46	female	NASH	Lob Inflam 2	Liver	/gpfs/commons/groups/sanjana_lab/Cas13/MASLD_library_design/RNA-seq/Human/Patient_Cohorts/data/raw/PRJNA512027/fastq/SRR8378446_1.fastq.gz	/gpfs/commons/groups/sanjana_lab/Cas13/MASLD_library_design/RNA-seq/Human/Patient_Cohorts/data/raw/PRJNA512027/fastq/SRR8378446_2.fastq.gz	PAIRED
SRR8378447	54	female	NASH	Fibrosis 3/4	Liver	/gpfs/commons/groups/sanjana_lab/Cas13/MASLD_library_design/RNA-seq/Human/Patient_Cohorts/data/raw/PRJNA512027/fastq/SRR8378447_1.fastq.gz	/gpfs/commons/groups/sanjana_lab/Cas13/MASLD_library_design/RNA-seq/Human/Patient_Cohorts/data/raw/PRJNA512027/fastq/SRR8378447_2.fastq.gz	PAIRED
SRR8378448	41	female	NASH	Fibrosis 3/4	Liver	/gpfs/commons/groups/sanjana_lab/Cas13/MASLD_library_design/RNA-seq/Human/Patient_Cohorts/data/raw/PRJNA512027/fastq/SRR8378448_1.fastq.gz	/gpfs/commons/groups/sanjana_lab/Cas13/MASLD_library_design/RNA-seq/Human/Patient_Cohorts/data/raw/PRJNA512027/fastq/SRR8378448_2.fastq.gz	PAIRED
SRR8378449	54	female	NASH	Fibrosis 3/4	Liver	/gpfs/commons/groups/sanjana_lab/Cas13/MASLD_library_design/RNA-seq/Human/Patient_Cohorts/data/raw/PRJNA512027/fastq/SRR8378449_1.fastq.gz	/gpfs/commons/groups/sanjana_lab/Cas13/MASLD_library_design/RNA-seq/Human/Patient_Cohorts/data/raw/PRJNA512027/fastq/SRR8378449_2.fastq.gz	PAIRED
SRR8378450	60	male	NASH	Fibrosis 3/4	Liver	/gpfs/commons/groups/sanjana_lab/Cas13/MASLD_library_design/RNA-seq/Human/Patient_Cohorts/data/raw/PRJNA512027/fastq/SRR8378450_1.fastq.gz	/gpfs/commons/groups/sanjana_lab/Cas13/MASLD_library_design/RNA-seq/Human/Patient_Cohorts/data/raw/PRJNA512027/fastq/SRR8378450_2.fastq.gz	PAIRED
SRR8378452	47	female	NASH	NORMAL	Liver	/gpfs/commons/groups/sanjana_lab/Cas13/MASLD_library_design/RNA-seq/Human/Patient_Cohorts/data/raw/PRJNA512027/fastq/SRR8378452_1.fastq.gz	/gpfs/commons/groups/sanjana_lab/Cas13/MASLD_library_design/RNA-seq/Human/Patient_Cohorts/data/raw/PRJNA512027/fastq/SRR8378452_2.fastq.gz	PAIRED
SRR8378453	43	female	NASH	Fibrosis 3/4	Liver	/gpfs/commons/groups/sanjana_lab/Cas13/MASLD_library_design/RNA-seq/Human/Patient_Cohorts/data/raw/PRJNA512027/fastq/SRR8378453_1.fastq.gz	/gpfs/commons/groups/sanjana_lab/Cas13/MASLD_library_design/RNA-seq/Human/Patient_Cohorts/data/raw/PRJNA512027/fastq/SRR8378453_2.fastq.gz	PAIRED
SRR8378454	61	female	NASH	Fibrosis 3/4	Liver	/gpfs/commons/groups/sanjana_lab/Cas13/MASLD_library_design/RNA-seq/Human/Patient_Cohorts/data/raw/PRJNA512027/fastq/SRR8378454_1.fastq.gz	/gpfs/commons/groups/sanjana_lab/Cas13/MASLD_library_design/RNA-seq/Human/Patient_Cohorts/data/raw/PRJNA512027/fastq/SRR8378454_2.fastq.gz	PAIRED
SRR8378455	38	female	NASH	Fibrosis 3/4	Liver	/gpfs/commons/groups/sanjana_lab/Cas13/MASLD_library_design/RNA-seq/Human/Patient_Cohorts/data/raw/PRJNA512027/fastq/SRR8378455_1.fastq.gz	/gpfs/commons/groups/sanjana_lab/Cas13/MASLD_library_design/RNA-seq/Human/Patient_Cohorts/data/raw/PRJNA512027/fastq/SRR8378455_2.fastq.gz	PAIRED
SRR8378456	50	female	NASH	Fibrosis 3/4	Liver	/gpfs/commons/groups/sanjana_lab/Cas13/MASLD_library_design/RNA-seq/Human/Patient_Cohorts/data/raw/PRJNA512027/fastq/SRR8378456_1.fastq.gz	/gpfs/commons/groups/sanjana_lab/Cas13/MASLD_library_design/RNA-seq/Human/Patient_Cohorts/data/raw/PRJNA512027/fastq/SRR8378456_2.fastq.gz	PAIRED
SRR8378457	34	female	NASH	Lob Inflam 2	Liver	/gpfs/commons/groups/sanjana_lab/Cas13/MASLD_library_design/RNA-seq/Human/Patient_Cohorts/data/raw/PRJNA512027/fastq/SRR8378457_1.fastq.gz	/gpfs/commons/groups/sanjana_lab/Cas13/MASLD_library_design/RNA-seq/Human/Patient_Cohorts/data/raw/PRJNA512027/fastq/SRR8378457_2.fastq.gz	PAIRED
SRR8378458	50	female	NASH	Lob Inflam 2	Liver	/gpfs/commons/groups/sanjana_lab/Cas13/MASLD_library_design/RNA-seq/Human/Patient_Cohorts/data/raw/PRJNA512027/fastq/SRR8378458_1.fastq.gz	/gpfs/commons/groups/sanjana_lab/Cas13/MASLD_library_design/RNA-seq/Human/Patient_Cohorts/data/raw/PRJNA512027/fastq/SRR8378458_2.fastq.gz	PAIRED
SRR8378459	39	male	NASH	Lob Inflam 2	Liver	/gpfs/commons/groups/sanjana_lab/Cas13/MASLD_library_design/RNA-seq/Human/Patient_Cohorts/data/raw/PRJNA512027/fastq/SRR8378459_1.fastq.gz	/gpfs/commons/groups/sanjana_lab/Cas13/MASLD_library_design/RNA-seq/Human/Patient_Cohorts/data/raw/PRJNA512027/fastq/SRR8378459_2.fastq.gz	PAIRED
SRR8378460	33	male	NASH	Lob Inflam 2	Liver	/gpfs/commons/groups/sanjana_lab/Cas13/MASLD_library_design/RNA-seq/Human/Patient_Cohorts/data/raw/PRJNA512027/fastq/SRR8378460_1.fastq.gz	/gpfs/commons/groups/sanjana_lab/Cas13/MASLD_library_design/RNA-seq/Human/Patient_Cohorts/data/raw/PRJNA512027/fastq/SRR8378460_2.fastq.gz	PAIRED
SRR8378461	50	female	NASH	STEATOSIS 2	Liver	/gpfs/commons/groups/sanjana_lab/Cas13/MASLD_library_design/RNA-seq/Human/Patient_Cohorts/data/raw/PRJNA512027/fastq/SRR8378461_1.fastq.gz	/gpfs/commons/groups/sanjana_lab/Cas13/MASLD_library_design/RNA-seq/Human/Patient_Cohorts/data/raw/PRJNA512027/fastq/SRR8378461_2.fastq.gz	PAIRED
SRR8378462	51	female	NASH	Lob Inflam 2	Liver	/gpfs/commons/groups/sanjana_lab/Cas13/MASLD_library_design/RNA-seq/Human/Patient_Cohorts/data/raw/PRJNA512027/fastq/SRR8378462_1.fastq.gz	/gpfs/commons/groups/sanjana_lab/Cas13/MASLD_library_design/RNA-seq/Human/Patient_Cohorts/data/raw/PRJNA512027/fastq/SRR8378462_2.fastq.gz	PAIRED
SRR8378463	53	female	NASH	Lob Inflam 2	Liver	/gpfs/commons/groups/sanjana_lab/Cas13/MASLD_library_design/RNA-seq/Human/Patient_Cohorts/data/raw/PRJNA512027/fastq/SRR8378463_1.fastq.gz	/gpfs/commons/groups/sanjana_lab/Cas13/MASLD_library_design/RNA-seq/Human/Patient_Cohorts/data/raw/PRJNA512027/fastq/SRR8378463_2.fastq.gz	PAIRED
SRR8378464	35	male	NASH	Lob Inflam 2	Liver	/gpfs/commons/groups/sanjana_lab/Cas13/MASLD_library_design/RNA-seq/Human/Patient_Cohorts/data/raw/PRJNA512027/fastq/SRR8378464_1.fastq.gz	/gpfs/commons/groups/sanjana_lab/Cas13/MASLD_library_design/RNA-seq/Human/Patient_Cohorts/data/raw/PRJNA512027/fastq/SRR8378464_2.fastq.gz	PAIRED
SRR8378465	37	female	NASH	STEATOSIS 2	Liver	/gpfs/commons/groups/sanjana_lab/Cas13/MASLD_library_design/RNA-seq/Human/Patient_Cohorts/data/raw/PRJNA512027/fastq/SRR8378465_1.fastq.gz	/gpfs/commons/groups/sanjana_lab/Cas13/MASLD_library_design/RNA-seq/Human/Patient_Cohorts/data/raw/PRJNA512027/fastq/SRR8378465_2.fastq.gz	PAIRED
SRR8378466	42	female	NASH	STEATOSIS 2	Liver	/gpfs/commons/groups/sanjana_lab/Cas13/MASLD_library_design/RNA-seq/Human/Patient_Cohorts/data/raw/PRJNA512027/fastq/SRR8378466_1.fastq.gz	/gpfs/commons/groups/sanjana_lab/Cas13/MASLD_library_design/RNA-seq/Human/Patient_Cohorts/data/raw/PRJNA512027/fastq/SRR8378466_2.fastq.gz	PAIRED
SRR8378467	27	female	NASH	NORMAL	Liver	/gpfs/commons/groups/sanjana_lab/Cas13/MASLD_library_design/RNA-seq/Human/Patient_Cohorts/data/raw/PRJNA512027/fastq/SRR8378467_1.fastq.gz	/gpfs/commons/groups/sanjana_lab/Cas13/MASLD_library_design/RNA-seq/Human/Patient_Cohorts/data/raw/PRJNA512027/fastq/SRR8378467_2.fastq.gz	PAIRED
SRR8378468	48	female	NASH	NORMAL	Liver	/gpfs/commons/groups/sanjana_lab/Cas13/MASLD_library_design/RNA-seq/Human/Patient_Cohorts/data/raw/PRJNA512027/fastq/SRR8378468_1.fastq.gz	/gpfs/commons/groups/sanjana_lab/Cas13/MASLD_library_design/RNA-seq/Human/Patient_Cohorts/data/raw/PRJNA512027/fastq/SRR8378468_2.fastq.gz	PAIRED
SRR8378469	55	female	NASH	NORMAL	Liver	/gpfs/commons/groups/sanjana_lab/Cas13/MASLD_library_design/RNA-seq/Human/Patient_Cohorts/data/raw/PRJNA512027/fastq/SRR8378469_1.fastq.gz	/gpfs/commons/groups/sanjana_lab/Cas13/MASLD_library_design/RNA-seq/Human/Patient_Cohorts/data/raw/PRJNA512027/fastq/SRR8378469_2.fastq.gz	PAIRED
SRR8378470	48	female	NASH	NORMAL	Liver	/gpfs/commons/groups/sanjana_lab/Cas13/MASLD_library_design/RNA-seq/Human/Patient_Cohorts/data/raw/PRJNA512027/fastq/SRR8378470_1.fastq.gz	/gpfs/commons/groups/sanjana_lab/Cas13/MASLD_library_design/RNA-seq/Human/Patient_Cohorts/data/raw/PRJNA512027/fastq/SRR8378470_2.fastq.gz	PAIRED
SRR8378471	39	female	NASH	NORMAL	Liver	/gpfs/commons/groups/sanjana_lab/Cas13/MASLD_library_design/RNA-seq/Human/Patient_Cohorts/data/raw/PRJNA512027/fastq/SRR8378471_1.fastq.gz	/gpfs/commons/groups/sanjana_lab/Cas13/MASLD_library_design/RNA-seq/Human/Patient_Cohorts/data/raw/PRJNA512027/fastq/SRR8378471_2.fastq.gz	PAIRED
SRR8378472	35	female	NASH	NORMAL	Liver	/gpfs/commons/groups/sanjana_lab/Cas13/MASLD_library_design/RNA-seq/Human/Patient_Cohorts/data/raw/PRJNA512027/fastq/SRR8378472_1.fastq.gz	/gpfs/commons/groups/sanjana_lab/Cas13/MASLD_library_design/RNA-seq/Human/Patient_Cohorts/data/raw/PRJNA512027/fastq/SRR8378472_2.fastq.gz	PAIRED
SRR8378473	67	male	NASH	NORMAL	Liver	/gpfs/commons/groups/sanjana_lab/Cas13/MASLD_library_design/RNA-seq/Human/Patient_Cohorts/data/raw/PRJNA512027/fastq/SRR8378473_1.fastq.gz	/gpfs/commons/groups/sanjana_lab/Cas13/MASLD_library_design/RNA-seq/Human/Patient_Cohorts/data/raw/PRJNA512027/fastq/SRR8378473_2.fastq.gz	PAIRED
SRR8378474	40	female	NASH	NORMAL	Liver	/gpfs/commons/groups/sanjana_lab/Cas13/MASLD_library_design/RNA-seq/Human/Patient_Cohorts/data/raw/PRJNA512027/fastq/SRR8378474_1.fastq.gz	/gpfs/commons/groups/sanjana_lab/Cas13/MASLD_library_design/RNA-seq/Human/Patient_Cohorts/data/raw/PRJNA512027/fastq/SRR8378474_2.fastq.gz	PAIRED
SRR8378475	48	female	NASH	NORMAL	Liver	/gpfs/commons/groups/sanjana_lab/Cas13/MASLD_library_design/RNA-seq/Human/Patient_Cohorts/data/raw/PRJNA512027/fastq/SRR8378475_1.fastq.gz	/gpfs/commons/groups/sanjana_lab/Cas13/MASLD_library_design/RNA-seq/Human/Patient_Cohorts/data/raw/PRJNA512027/fastq/SRR8378475_2.fastq.gz	PAIRED
SRR8378476	32	female	NASH	NORMAL	Liver	/gpfs/commons/groups/sanjana_lab/Cas13/MASLD_library_design/RNA-seq/Human/Patient_Cohorts/data/raw/PRJNA512027/fastq/SRR8378476_1.fastq.gz	/gpfs/commons/groups/sanjana_lab/Cas13/MASLD_library_design/RNA-seq/Human/Patient_Cohorts/data/raw/PRJNA512027/fastq/SRR8378476_2.fastq.gz	PAIRED
SRR8378477	45	male	NASH	Lob Inflam 1	Liver	/gpfs/commons/groups/sanjana_lab/Cas13/MASLD_library_design/RNA-seq/Human/Patient_Cohorts/data/raw/PRJNA512027/fastq/SRR8378477_1.fastq.gz	/gpfs/commons/groups/sanjana_lab/Cas13/MASLD_library_design/RNA-seq/Human/Patient_Cohorts/data/raw/PRJNA512027/fastq/SRR8378477_2.fastq.gz	PAIRED
SRR8378478	34	female	NASH	Lob Inflam 1	Liver	/gpfs/commons/groups/sanjana_lab/Cas13/MASLD_library_design/RNA-seq/Human/Patient_Cohorts/data/raw/PRJNA512027/fastq/SRR8378478_1.fastq.gz	/gpfs/commons/groups/sanjana_lab/Cas13/MASLD_library_design/RNA-seq/Human/Patient_Cohorts/data/raw/PRJNA512027/fastq/SRR8378478_2.fastq.gz	PAIRED
SRR8378479	54	female	NASH	Lob Inflam 1	Liver	/gpfs/commons/groups/sanjana_lab/Cas13/MASLD_library_design/RNA-seq/Human/Patient_Cohorts/data/raw/PRJNA512027/fastq/SRR8378479_1.fastq.gz	/gpfs/commons/groups/sanjana_lab/Cas13/MASLD_library_design/RNA-seq/Human/Patient_Cohorts/data/raw/PRJNA512027/fastq/SRR8378479_2.fastq.gz	PAIRED
SRR8378480	23	female	NASH	Lob Inflam 1	Liver	/gpfs/commons/groups/sanjana_lab/Cas13/MASLD_library_design/RNA-seq/Human/Patient_Cohorts/data/raw/PRJNA512027/fastq/SRR8378480_1.fastq.gz	/gpfs/commons/groups/sanjana_lab/Cas13/MASLD_library_design/RNA-seq/Human/Patient_Cohorts/data/raw/PRJNA512027/fastq/SRR8378480_2.fastq.gz	PAIRED
SRR8378482	37	male	NASH	Lob Inflam 1	Liver	/gpfs/commons/groups/sanjana_lab/Cas13/MASLD_library_design/RNA-seq/Human/Patient_Cohorts/data/raw/PRJNA512027/fastq/SRR8378482_1.fastq.gz	/gpfs/commons/groups/sanjana_lab/Cas13/MASLD_library_design/RNA-seq/Human/Patient_Cohorts/data/raw/PRJNA512027/fastq/SRR8378482_2.fastq.gz	PAIRED
SRR8378483	35	female	NASH	Lob Inflam 1	Liver	/gpfs/commons/groups/sanjana_lab/Cas13/MASLD_library_design/RNA-seq/Human/Patient_Cohorts/data/raw/PRJNA512027/fastq/SRR8378483_1.fastq.gz	/gpfs/commons/groups/sanjana_lab/Cas13/MASLD_library_design/RNA-seq/Human/Patient_Cohorts/data/raw/PRJNA512027/fastq/SRR8378483_2.fastq.gz	PAIRED
SRR8378484	34	male	NASH	Lob Inflam 1	Liver	/gpfs/commons/groups/sanjana_lab/Cas13/MASLD_library_design/RNA-seq/Human/Patient_Cohorts/data/raw/PRJNA512027/fastq/SRR8378484_1.fastq.gz	/gpfs/commons/groups/sanjana_lab/Cas13/MASLD_library_design/RNA-seq/Human/Patient_Cohorts/data/raw/PRJNA512027/fastq/SRR8378484_2.fastq.gz	PAIRED
SRR8378485	47	female	NASH	Lob Inflam 1	Liver	/gpfs/commons/groups/sanjana_lab/Cas13/MASLD_library_design/RNA-seq/Human/Patient_Cohorts/data/raw/PRJNA512027/fastq/SRR8378485_1.fastq.gz	/gpfs/commons/groups/sanjana_lab/Cas13/MASLD_library_design/RNA-seq/Human/Patient_Cohorts/data/raw/PRJNA512027/fastq/SRR8378485_2.fastq.gz	PAIRED
SRR8378486	38	female	NASH	Lob Inflam 1	Liver	/gpfs/commons/groups/sanjana_lab/Cas13/MASLD_library_design/RNA-seq/Human/Patient_Cohorts/data/raw/PRJNA512027/fastq/SRR8378486_1.fastq.gz	/gpfs/commons/groups/sanjana_lab/Cas13/MASLD_library_design/RNA-seq/Human/Patient_Cohorts/data/raw/PRJNA512027/fastq/SRR8378486_2.fastq.gz	PAIRED
SRR8378487	60	female	NASH	STEATOSIS 3	Liver	/gpfs/commons/groups/sanjana_lab/Cas13/MASLD_library_design/RNA-seq/Human/Patient_Cohorts/data/raw/PRJNA512027/fastq/SRR8378487_1.fastq.gz	/gpfs/commons/groups/sanjana_lab/Cas13/MASLD_library_design/RNA-seq/Human/Patient_Cohorts/data/raw/PRJNA512027/fastq/SRR8378487_2.fastq.gz	PAIRED
SRR8378488	30	male	NASH	STEATOSIS 2	Liver	/gpfs/commons/groups/sanjana_lab/Cas13/MASLD_library_design/RNA-seq/Human/Patient_Cohorts/data/raw/PRJNA512027/fastq/SRR8378488_1.fastq.gz	/gpfs/commons/groups/sanjana_lab/Cas13/MASLD_library_design/RNA-seq/Human/Patient_Cohorts/data/raw/PRJNA512027/fastq/SRR8378488_2.fastq.gz	PAIRED
SRR8378489	44	female	NASH	NORMAL	Liver	/gpfs/commons/groups/sanjana_lab/Cas13/MASLD_library_design/RNA-seq/Human/Patient_Cohorts/data/raw/PRJNA512027/fastq/SRR8378489_1.fastq.gz	/gpfs/commons/groups/sanjana_lab/Cas13/MASLD_library_design/RNA-seq/Human/Patient_Cohorts/data/raw/PRJNA512027/fastq/SRR8378489_2.fastq.gz	PAIRED
SRR8378490	53	female	NASH	NORMAL	Liver	/gpfs/commons/groups/sanjana_lab/Cas13/MASLD_library_design/RNA-seq/Human/Patient_Cohorts/data/raw/PRJNA512027/fastq/SRR8378490_1.fastq.gz	/gpfs/commons/groups/sanjana_lab/Cas13/MASLD_library_design/RNA-seq/Human/Patient_Cohorts/data/raw/PRJNA512027/fastq/SRR8378490_2.fastq.gz	PAIRED
SRR8378491	46	male	NASH	STEATOSIS 2	Liver	/gpfs/commons/groups/sanjana_lab/Cas13/MASLD_library_design/RNA-seq/Human/Patient_Cohorts/data/raw/PRJNA512027/fastq/SRR8378491_1.fastq.gz	/gpfs/commons/groups/sanjana_lab/Cas13/MASLD_library_design/RNA-seq/Human/Patient_Cohorts/data/raw/PRJNA512027/fastq/SRR8378491_2.fastq.gz	PAIRED
SRR8378492	34	female	NASH	STEATOSIS 2	Liver	/gpfs/commons/groups/sanjana_lab/Cas13/MASLD_library_design/RNA-seq/Human/Patient_Cohorts/data/raw/PRJNA512027/fastq/SRR8378492_1.fastq.gz	/gpfs/commons/groups/sanjana_lab/Cas13/MASLD_library_design/RNA-seq/Human/Patient_Cohorts/data/raw/PRJNA512027/fastq/SRR8378492_2.fastq.gz	PAIRED
SRR8378493	40	female	NASH	STEATOSIS 2	Liver	/gpfs/commons/groups/sanjana_lab/Cas13/MASLD_library_design/RNA-seq/Human/Patient_Cohorts/data/raw/PRJNA512027/fastq/SRR8378493_1.fastq.gz	/gpfs/commons/groups/sanjana_lab/Cas13/MASLD_library_design/RNA-seq/Human/Patient_Cohorts/data/raw/PRJNA512027/fastq/SRR8378493_2.fastq.gz	PAIRED
SRR8378494	56	female	NASH	STEATOSIS 2	Liver	/gpfs/commons/groups/sanjana_lab/Cas13/MASLD_library_design/RNA-seq/Human/Patient_Cohorts/data/raw/PRJNA512027/fastq/SRR8378494_1.fastq.gz	/gpfs/commons/groups/sanjana_lab/Cas13/MASLD_library_design/RNA-seq/Human/Patient_Cohorts/data/raw/PRJNA512027/fastq/SRR8378494_2.fastq.gz	PAIRED
SRR8378495	33	female	NASH	Lob Inflam 1	Liver	/gpfs/commons/groups/sanjana_lab/Cas13/MASLD_library_design/RNA-seq/Human/Patient_Cohorts/data/raw/PRJNA512027/fastq/SRR8378495_1.fastq.gz	/gpfs/commons/groups/sanjana_lab/Cas13/MASLD_library_design/RNA-seq/Human/Patient_Cohorts/data/raw/PRJNA512027/fastq/SRR8378495_2.fastq.gz	PAIRED
SRR8378496	65	female	NASH	Lob Inflam 1	Liver	/gpfs/commons/groups/sanjana_lab/Cas13/MASLD_library_design/RNA-seq/Human/Patient_Cohorts/data/raw/PRJNA512027/fastq/SRR8378496_1.fastq.gz	/gpfs/commons/groups/sanjana_lab/Cas13/MASLD_library_design/RNA-seq/Human/Patient_Cohorts/data/raw/PRJNA512027/fastq/SRR8378496_2.fastq.gz	PAIRED
SRR8378497	27	female	NASH	Lob Inflam 1	Liver	/gpfs/commons/groups/sanjana_lab/Cas13/MASLD_library_design/RNA-seq/Human/Patient_Cohorts/data/raw/PRJNA512027/fastq/SRR8378497_1.fastq.gz	/gpfs/commons/groups/sanjana_lab/Cas13/MASLD_library_design/RNA-seq/Human/Patient_Cohorts/data/raw/PRJNA512027/fastq/SRR8378497_2.fastq.gz	PAIRED
SRR8378498	39	female	NASH	Lob Inflam 1	Liver	/gpfs/commons/groups/sanjana_lab/Cas13/MASLD_library_design/RNA-seq/Human/Patient_Cohorts/data/raw/PRJNA512027/fastq/SRR8378498_1.fastq.gz	/gpfs/commons/groups/sanjana_lab/Cas13/MASLD_library_design/RNA-seq/Human/Patient_Cohorts/data/raw/PRJNA512027/fastq/SRR8378498_2.fastq.gz	PAIRED
SRR8378499	50	female	NASH	Lob Inflam 1	Liver	/gpfs/commons/groups/sanjana_lab/Cas13/MASLD_library_design/RNA-seq/Human/Patient_Cohorts/data/raw/PRJNA512027/fastq/SRR8378499_1.fastq.gz	/gpfs/commons/groups/sanjana_lab/Cas13/MASLD_library_design/RNA-seq/Human/Patient_Cohorts/data/raw/PRJNA512027/fastq/SRR8378499_2.fastq.gz	PAIRED
SRR8378500	45	female	NASH	Lob Inflam 1	Liver	/gpfs/commons/groups/sanjana_lab/Cas13/MASLD_library_design/RNA-seq/Human/Patient_Cohorts/data/raw/PRJNA512027/fastq/SRR8378500_1.fastq.gz	/gpfs/commons/groups/sanjana_lab/Cas13/MASLD_library_design/RNA-seq/Human/Patient_Cohorts/data/raw/PRJNA512027/fastq/SRR8378500_2.fastq.gz	PAIRED
SRR8378501	32	female	NASH	Lob Inflam 1	Liver	/gpfs/commons/groups/sanjana_lab/Cas13/MASLD_library_design/RNA-seq/Human/Patient_Cohorts/data/raw/PRJNA512027/fastq/SRR8378501_1.fastq.gz	/gpfs/commons/groups/sanjana_lab/Cas13/MASLD_library_design/RNA-seq/Human/Patient_Cohorts/data/raw/PRJNA512027/fastq/SRR8378501_2.fastq.gz	PAIRED
SRR8378502	39	female	NASH	Lob Inflam 1	Liver	/gpfs/commons/groups/sanjana_lab/Cas13/MASLD_library_design/RNA-seq/Human/Patient_Cohorts/data/raw/PRJNA512027/fastq/SRR8378502_1.fastq.gz	/gpfs/commons/groups/sanjana_lab/Cas13/MASLD_library_design/RNA-seq/Human/Patient_Cohorts/data/raw/PRJNA512027/fastq/SRR8378502_2.fastq.gz	PAIRED
SRR8378503	28	female	NASH	Lob Inflam 1	Liver	/gpfs/commons/groups/sanjana_lab/Cas13/MASLD_library_design/RNA-seq/Human/Patient_Cohorts/data/raw/PRJNA512027/fastq/SRR8378503_1.fastq.gz	/gpfs/commons/groups/sanjana_lab/Cas13/MASLD_library_design/RNA-seq/Human/Patient_Cohorts/data/raw/PRJNA512027/fastq/SRR8378503_2.fastq.gz	PAIRED
SRR8378504	33	female	NASH	Lob Inflam 1	Liver	/gpfs/commons/groups/sanjana_lab/Cas13/MASLD_library_design/RNA-seq/Human/Patient_Cohorts/data/raw/PRJNA512027/fastq/SRR8378504_1.fastq.gz	/gpfs/commons/groups/sanjana_lab/Cas13/MASLD_library_design/RNA-seq/Human/Patient_Cohorts/data/raw/PRJNA512027/fastq/SRR8378504_2.fastq.gz	PAIRED
SRR8378505	47	female	NASH	Fibrosis 3/4	Liver	/gpfs/commons/groups/sanjana_lab/Cas13/MASLD_library_design/RNA-seq/Human/Patient_Cohorts/data/raw/PRJNA512027/fastq/SRR8378505_1.fastq.gz	/gpfs/commons/groups/sanjana_lab/Cas13/MASLD_library_design/RNA-seq/Human/Patient_Cohorts/data/raw/PRJNA512027/fastq/SRR8378505_2.fastq.gz	PAIRED
SRR8378506	58	female	NASH	Fibrosis 3/4	Liver	/gpfs/commons/groups/sanjana_lab/Cas13/MASLD_library_design/RNA-seq/Human/Patient_Cohorts/data/raw/PRJNA512027/fastq/SRR8378506_1.fastq.gz	/gpfs/commons/groups/sanjana_lab/Cas13/MASLD_library_design/RNA-seq/Human/Patient_Cohorts/data/raw/PRJNA512027/fastq/SRR8378506_2.fastq.gz	PAIRED
SRR8378507	47	female	NASH	Fibrosis 3/4	Liver	/gpfs/commons/groups/sanjana_lab/Cas13/MASLD_library_design/RNA-seq/Human/Patient_Cohorts/data/raw/PRJNA512027/fastq/SRR8378507_1.fastq.gz	/gpfs/commons/groups/sanjana_lab/Cas13/MASLD_library_design/RNA-seq/Human/Patient_Cohorts/data/raw/PRJNA512027/fastq/SRR8378507_2.fastq.gz	PAIRED
SRR8378508	67	female	NASH	Fibrosis 4	Liver	/gpfs/commons/groups/sanjana_lab/Cas13/MASLD_library_design/RNA-seq/Human/Patient_Cohorts/data/raw/PRJNA512027/fastq/SRR8378508_1.fastq.gz	/gpfs/commons/groups/sanjana_lab/Cas13/MASLD_library_design/RNA-seq/Human/Patient_Cohorts/data/raw/PRJNA512027/fastq/SRR8378508_2.fastq.gz	PAIRED
SRR8378509	30	female	NASH	Fibrosis 3/4	Liver	/gpfs/commons/groups/sanjana_lab/Cas13/MASLD_library_design/RNA-seq/Human/Patient_Cohorts/data/raw/PRJNA512027/fastq/SRR8378509_1.fastq.gz	/gpfs/commons/groups/sanjana_lab/Cas13/MASLD_library_design/RNA-seq/Human/Patient_Cohorts/data/raw/PRJNA512027/fastq/SRR8378509_2.fastq.gz	PAIRED
SRR8378510	49	female	NASH	Fibrosis 3/4	Liver	/gpfs/commons/groups/sanjana_lab/Cas13/MASLD_library_design/RNA-seq/Human/Patient_Cohorts/data/raw/PRJNA512027/fastq/SRR8378510_1.fastq.gz	/gpfs/commons/groups/sanjana_lab/Cas13/MASLD_library_design/RNA-seq/Human/Patient_Cohorts/data/raw/PRJNA512027/fastq/SRR8378510_2.fastq.gz	PAIRED
SRR8378511	61	male	NASH	Fibrosis 3/4	Liver	/gpfs/commons/groups/sanjana_lab/Cas13/MASLD_library_design/RNA-seq/Human/Patient_Cohorts/data/raw/PRJNA512027/fastq/SRR8378511_1.fastq.gz	/gpfs/commons/groups/sanjana_lab/Cas13/MASLD_library_design/RNA-seq/Human/Patient_Cohorts/data/raw/PRJNA512027/fastq/SRR8378511_2.fastq.gz	PAIRED
SRR8378512	59	female	NASH	Fibrosis 3/4	Liver	/gpfs/commons/groups/sanjana_lab/Cas13/MASLD_library_design/RNA-seq/Human/Patient_Cohorts/data/raw/PRJNA512027/fastq/SRR8378512_1.fastq.gz	/gpfs/commons/groups/sanjana_lab/Cas13/MASLD_library_design/RNA-seq/Human/Patient_Cohorts/data/raw/PRJNA512027/fastq/SRR8378512_2.fastq.gz	PAIRED
SRR8378513	53	female	NASH	Fibrosis 4	Liver	/gpfs/commons/groups/sanjana_lab/Cas13/MASLD_library_design/RNA-seq/Human/Patient_Cohorts/data/raw/PRJNA512027/fastq/SRR8378513_1.fastq.gz	/gpfs/commons/groups/sanjana_lab/Cas13/MASLD_library_design/RNA-seq/Human/Patient_Cohorts/data/raw/PRJNA512027/fastq/SRR8378513_2.fastq.gz	PAIRED
SRR8378514	62	female	NASH	Fibrosis 4	Liver	/gpfs/commons/groups/sanjana_lab/Cas13/MASLD_library_design/RNA-seq/Human/Patient_Cohorts/data/raw/PRJNA512027/fastq/SRR8378514_1.fastq.gz	/gpfs/commons/groups/sanjana_lab/Cas13/MASLD_library_design/RNA-seq/Human/Patient_Cohorts/data/raw/PRJNA512027/fastq/SRR8378514_2.fastq.gz	PAIRED
SRR8378515	53	male	NASH	Fibrosis 4	Liver	/gpfs/commons/groups/sanjana_lab/Cas13/MASLD_library_design/RNA-seq/Human/Patient_Cohorts/data/raw/PRJNA512027/fastq/SRR8378515_1.fastq.gz	/gpfs/commons/groups/sanjana_lab/Cas13/MASLD_library_design/RNA-seq/Human/Patient_Cohorts/data/raw/PRJNA512027/fastq/SRR8378515_2.fastq.gz	PAIRED
SRR8378516	69	female	NASH	Fibrosis 4	Liver	/gpfs/commons/groups/sanjana_lab/Cas13/MASLD_library_design/RNA-seq/Human/Patient_Cohorts/data/raw/PRJNA512027/fastq/SRR8378516_1.fastq.gz	/gpfs/commons/groups/sanjana_lab/Cas13/MASLD_library_design/RNA-seq/Human/Patient_Cohorts/data/raw/PRJNA512027/fastq/SRR8378516_2.fastq.gz	PAIRED
SRR8378517	49	male	NASH	Fibrosis 4	Liver	/gpfs/commons/groups/sanjana_lab/Cas13/MASLD_library_design/RNA-seq/Human/Patient_Cohorts/data/raw/PRJNA512027/fastq/SRR8378517_1.fastq.gz	/gpfs/commons/groups/sanjana_lab/Cas13/MASLD_library_design/RNA-seq/Human/Patient_Cohorts/data/raw/PRJNA512027/fastq/SRR8378517_2.fastq.gz	PAIRED
SRR8378518	53	male	NASH	Fibrosis 4	Liver	/gpfs/commons/groups/sanjana_lab/Cas13/MASLD_library_design/RNA-seq/Human/Patient_Cohorts/data/raw/PRJNA512027/fastq/SRR8378518_1.fastq.gz	/gpfs/commons/groups/sanjana_lab/Cas13/MASLD_library_design/RNA-seq/Human/Patient_Cohorts/data/raw/PRJNA512027/fastq/SRR8378518_2.fastq.gz	PAIRED
SRR8378519	28	female	NASH	Fibrosis 3	Liver	/gpfs/commons/groups/sanjana_lab/Cas13/MASLD_library_design/RNA-seq/Human/Patient_Cohorts/data/raw/PRJNA512027/fastq/SRR8378519_1.fastq.gz	/gpfs/commons/groups/sanjana_lab/Cas13/MASLD_library_design/RNA-seq/Human/Patient_Cohorts/data/raw/PRJNA512027/fastq/SRR8378519_2.fastq.gz	PAIRED
SRR8378520	54	female	NASH	Fibrosis 3	Liver	/gpfs/commons/groups/sanjana_lab/Cas13/MASLD_library_design/RNA-seq/Human/Patient_Cohorts/data/raw/PRJNA512027/fastq/SRR8378520_1.fastq.gz	/gpfs/commons/groups/sanjana_lab/Cas13/MASLD_library_design/RNA-seq/Human/Patient_Cohorts/data/raw/PRJNA512027/fastq/SRR8378520_2.fastq.gz	PAIRED
SRR8378521	56	female	NASH	Fibrosis 4	Liver	/gpfs/commons/groups/sanjana_lab/Cas13/MASLD_library_design/RNA-seq/Human/Patient_Cohorts/data/raw/PRJNA512027/fastq/SRR8378521_1.fastq.gz	/gpfs/commons/groups/sanjana_lab/Cas13/MASLD_library_design/RNA-seq/Human/Patient_Cohorts/data/raw/PRJNA512027/fastq/SRR8378521_2.fastq.gz	PAIRED
SRR8378522	47	female	NASH	Fibrosis 3	Liver	/gpfs/commons/groups/sanjana_lab/Cas13/MASLD_library_design/RNA-seq/Human/Patient_Cohorts/data/raw/PRJNA512027/fastq/SRR8378522_1.fastq.gz	/gpfs/commons/groups/sanjana_lab/Cas13/MASLD_library_design/RNA-seq/Human/Patient_Cohorts/data/raw/PRJNA512027/fastq/SRR8378522_2.fastq.gz	PAIRED
SRR8378523	42	male	NASH	Fibrosis 3	Liver	/gpfs/commons/groups/sanjana_lab/Cas13/MASLD_library_design/RNA-seq/Human/Patient_Cohorts/data/raw/PRJNA512027/fastq/SRR8378523_1.fastq.gz	/gpfs/commons/groups/sanjana_lab/Cas13/MASLD_library_design/RNA-seq/Human/Patient_Cohorts/data/raw/PRJNA512027/fastq/SRR8378523_2.fastq.gz	PAIRED
SRR8378524	57	female	NASH	Fibrosis 3	Liver	/gpfs/commons/groups/sanjana_lab/Cas13/MASLD_library_design/RNA-seq/Human/Patient_Cohorts/data/raw/PRJNA512027/fastq/SRR8378524_1.fastq.gz	/gpfs/commons/groups/sanjana_lab/Cas13/MASLD_library_design/RNA-seq/Human/Patient_Cohorts/data/raw/PRJNA512027/fastq/SRR8378524_2.fastq.gz	PAIRED
SRR8378525	52	female	NASH	STEATOSIS 3	Liver	/gpfs/commons/groups/sanjana_lab/Cas13/MASLD_library_design/RNA-seq/Human/Patient_Cohorts/data/raw/PRJNA512027/fastq/SRR8378525_1.fastq.gz	/gpfs/commons/groups/sanjana_lab/Cas13/MASLD_library_design/RNA-seq/Human/Patient_Cohorts/data/raw/PRJNA512027/fastq/SRR8378525_2.fastq.gz	PAIRED
SRR8378526	28	male	NASH	STEATOSIS 3	Liver	/gpfs/commons/groups/sanjana_lab/Cas13/MASLD_library_design/RNA-seq/Human/Patient_Cohorts/data/raw/PRJNA512027/fastq/SRR8378526_1.fastq.gz	/gpfs/commons/groups/sanjana_lab/Cas13/MASLD_library_design/RNA-seq/Human/Patient_Cohorts/data/raw/PRJNA512027/fastq/SRR8378526_2.fastq.gz	PAIRED
SRR8378527	49	female	NASH	STEATOSIS 2	Liver	/gpfs/commons/groups/sanjana_lab/Cas13/MASLD_library_design/RNA-seq/Human/Patient_Cohorts/data/raw/PRJNA512027/fastq/SRR8378527_1.fastq.gz	/gpfs/commons/groups/sanjana_lab/Cas13/MASLD_library_design/RNA-seq/Human/Patient_Cohorts/data/raw/PRJNA512027/fastq/SRR8378527_2.fastq.gz	PAIRED
SRR8378528	24	male	NASH	STEATOSIS 2	Liver	/gpfs/commons/groups/sanjana_lab/Cas13/MASLD_library_design/RNA-seq/Human/Patient_Cohorts/data/raw/PRJNA512027/fastq/SRR8378528_1.fastq.gz	/gpfs/commons/groups/sanjana_lab/Cas13/MASLD_library_design/RNA-seq/Human/Patient_Cohorts/data/raw/PRJNA512027/fastq/SRR8378528_2.fastq.gz	PAIRED
SRR8378529	21	male	NASH	Fibrosis 3	Liver	/gpfs/commons/groups/sanjana_lab/Cas13/MASLD_library_design/RNA-seq/Human/Patient_Cohorts/data/raw/PRJNA512027/fastq/SRR8378529_1.fastq.gz	/gpfs/commons/groups/sanjana_lab/Cas13/MASLD_library_design/RNA-seq/Human/Patient_Cohorts/data/raw/PRJNA512027/fastq/SRR8378529_2.fastq.gz	PAIRED
SRR8378530	60	female	NASH	STEATOSIS 2	Liver	/gpfs/commons/groups/sanjana_lab/Cas13/MASLD_library_design/RNA-seq/Human/Patient_Cohorts/data/raw/PRJNA512027/fastq/SRR8378530_1.fastq.gz	/gpfs/commons/groups/sanjana_lab/Cas13/MASLD_library_design/RNA-seq/Human/Patient_Cohorts/data/raw/PRJNA512027/fastq/SRR8378530_2.fastq.gz	PAIRED
SRR8378531	49	female	NASH	STEATOSIS 3	Liver	/gpfs/commons/groups/sanjana_lab/Cas13/MASLD_library_design/RNA-seq/Human/Patient_Cohorts/data/raw/PRJNA512027/fastq/SRR8378531_1.fastq.gz	/gpfs/commons/groups/sanjana_lab/Cas13/MASLD_library_design/RNA-seq/Human/Patient_Cohorts/data/raw/PRJNA512027/fastq/SRR8378531_2.fastq.gz	PAIRED
SRR8378532	59	male	NASH	STEATOSIS 3	Liver	/gpfs/commons/groups/sanjana_lab/Cas13/MASLD_library_design/RNA-seq/Human/Patient_Cohorts/data/raw/PRJNA512027/fastq/SRR8378532_1.fastq.gz	/gpfs/commons/groups/sanjana_lab/Cas13/MASLD_library_design/RNA-seq/Human/Patient_Cohorts/data/raw/PRJNA512027/fastq/SRR8378532_2.fastq.gz	PAIRED
SRR8378533	27	female	NASH	STEATOSIS 2	Liver	/gpfs/commons/groups/sanjana_lab/Cas13/MASLD_library_design/RNA-seq/Human/Patient_Cohorts/data/raw/PRJNA512027/fastq/SRR8378533_1.fastq.gz	/gpfs/commons/groups/sanjana_lab/Cas13/MASLD_library_design/RNA-seq/Human/Patient_Cohorts/data/raw/PRJNA512027/fastq/SRR8378533_2.fastq.gz	PAIRED
SRR8378534	24	female	NASH	STEATOSIS 2	Liver	/gpfs/commons/groups/sanjana_lab/Cas13/MASLD_library_design/RNA-seq/Human/Patient_Cohorts/data/raw/PRJNA512027/fastq/SRR8378534_1.fastq.gz	/gpfs/commons/groups/sanjana_lab/Cas13/MASLD_library_design/RNA-seq/Human/Patient_Cohorts/data/raw/PRJNA512027/fastq/SRR8378534_2.fastq.gz	PAIRED
SRR8378535	55	female	NASH	NORMAL	Liver	/gpfs/commons/groups/sanjana_lab/Cas13/MASLD_library_design/RNA-seq/Human/Patient_Cohorts/data/raw/PRJNA512027/fastq/SRR8378535_1.fastq.gz	/gpfs/commons/groups/sanjana_lab/Cas13/MASLD_library_design/RNA-seq/Human/Patient_Cohorts/data/raw/PRJNA512027/fastq/SRR8378535_2.fastq.gz	PAIRED
SRR8378536	52	female	NASH	NORMAL	Liver	/gpfs/commons/groups/sanjana_lab/Cas13/MASLD_library_design/RNA-seq/Human/Patient_Cohorts/data/raw/PRJNA512027/fastq/SRR8378536_1.fastq.gz	/gpfs/commons/groups/sanjana_lab/Cas13/MASLD_library_design/RNA-seq/Human/Patient_Cohorts/data/raw/PRJNA512027/fastq/SRR8378536_2.fastq.gz	PAIRED
SRR8378537	54	female	NASH	STEATOSIS 3	Liver	/gpfs/commons/groups/sanjana_lab/Cas13/MASLD_library_design/RNA-seq/Human/Patient_Cohorts/data/raw/PRJNA512027/fastq/SRR8378537_1.fastq.gz	/gpfs/commons/groups/sanjana_lab/Cas13/MASLD_library_design/RNA-seq/Human/Patient_Cohorts/data/raw/PRJNA512027/fastq/SRR8378537_2.fastq.gz	PAIRED
SRR8378538	38	female	NASH	STEATOSIS 3	Liver	/gpfs/commons/groups/sanjana_lab/Cas13/MASLD_library_design/RNA-seq/Human/Patient_Cohorts/data/raw/PRJNA512027/fastq/SRR8378538_1.fastq.gz	/gpfs/commons/groups/sanjana_lab/Cas13/MASLD_library_design/RNA-seq/Human/Patient_Cohorts/data/raw/PRJNA512027/fastq/SRR8378538_2.fastq.gz	PAIRED
SRR8378539	39	male	NASH	STEATOSIS 3	Liver	/gpfs/commons/groups/sanjana_lab/Cas13/MASLD_library_design/RNA-seq/Human/Patient_Cohorts/data/raw/PRJNA512027/fastq/SRR8378539_1.fastq.gz	/gpfs/commons/groups/sanjana_lab/Cas13/MASLD_library_design/RNA-seq/Human/Patient_Cohorts/data/raw/PRJNA512027/fastq/SRR8378539_2.fastq.gz	PAIRED
SRR8378540	57	male	NASH	STEATOSIS 3	Liver	/gpfs/commons/groups/sanjana_lab/Cas13/MASLD_library_design/RNA-seq/Human/Patient_Cohorts/data/raw/PRJNA512027/fastq/SRR8378540_1.fastq.gz	/gpfs/commons/groups/sanjana_lab/Cas13/MASLD_library_design/RNA-seq/Human/Patient_Cohorts/data/raw/PRJNA512027/fastq/SRR8378540_2.fastq.gz	PAIRED
SRR8378541	44	female	NASH	STEATOSIS 2	Liver	/gpfs/commons/groups/sanjana_lab/Cas13/MASLD_library_design/RNA-seq/Human/Patient_Cohorts/data/raw/PRJNA512027/fastq/SRR8378541_1.fastq.gz	/gpfs/commons/groups/sanjana_lab/Cas13/MASLD_library_design/RNA-seq/Human/Patient_Cohorts/data/raw/PRJNA512027/fastq/SRR8378541_2.fastq.gz	PAIRED
SRR8378542	56	female	NASH	STEATOSIS 3	Liver	/gpfs/commons/groups/sanjana_lab/Cas13/MASLD_library_design/RNA-seq/Human/Patient_Cohorts/data/raw/PRJNA512027/fastq/SRR8378542_1.fastq.gz	/gpfs/commons/groups/sanjana_lab/Cas13/MASLD_library_design/RNA-seq/Human/Patient_Cohorts/data/raw/PRJNA512027/fastq/SRR8378542_2.fastq.gz	PAIRED
SRR8378543	63	female	NASH	NORMAL	Liver	/gpfs/commons/groups/sanjana_lab/Cas13/MASLD_library_design/RNA-seq/Human/Patient_Cohorts/data/raw/PRJNA512027/fastq/SRR8378543_1.fastq.gz	/gpfs/commons/groups/sanjana_lab/Cas13/MASLD_library_design/RNA-seq/Human/Patient_Cohorts/data/raw/PRJNA512027/fastq/SRR8378543_2.fastq.gz	PAIRED
SRR8378544	27	female	NASH	NORMAL	Liver	/gpfs/commons/groups/sanjana_lab/Cas13/MASLD_library_design/RNA-seq/Human/Patient_Cohorts/data/raw/PRJNA512027/fastq/SRR8378544_1.fastq.gz	/gpfs/commons/groups/sanjana_lab/Cas13/MASLD_library_design/RNA-seq/Human/Patient_Cohorts/data/raw/PRJNA512027/fastq/SRR8378544_2.fastq.gz	PAIRED
SRR8378545	57	female	NASH	STEATOSIS 2	Liver	/gpfs/commons/groups/sanjana_lab/Cas13/MASLD_library_design/RNA-seq/Human/Patient_Cohorts/data/raw/PRJNA512027/fastq/SRR8378545_1.fastq.gz	/gpfs/commons/groups/sanjana_lab/Cas13/MASLD_library_design/RNA-seq/Human/Patient_Cohorts/data/raw/PRJNA512027/fastq/SRR8378545_2.fastq.gz	PAIRED
SRR8378546	29	female	NASH	STEATOSIS 2	Liver	/gpfs/commons/groups/sanjana_lab/Cas13/MASLD_library_design/RNA-seq/Human/Patient_Cohorts/data/raw/PRJNA512027/fastq/SRR8378546_1.fastq.gz	/gpfs/commons/groups/sanjana_lab/Cas13/MASLD_library_design/RNA-seq/Human/Patient_Cohorts/data/raw/PRJNA512027/fastq/SRR8378546_2.fastq.gz	PAIRED
SRR8378548	53	female	NASH	STEATOSIS 2	Liver	/gpfs/commons/groups/sanjana_lab/Cas13/MASLD_library_design/RNA-seq/Human/Patient_Cohorts/data/raw/PRJNA512027/fastq/SRR8378548_1.fastq.gz	/gpfs/commons/groups/sanjana_lab/Cas13/MASLD_library_design/RNA-seq/Human/Patient_Cohorts/data/raw/PRJNA512027/fastq/SRR8378548_2.fastq.gz	PAIRED
SRR8378549	36	female	NASH	STEATOSIS 2	Liver	/gpfs/commons/groups/sanjana_lab/Cas13/MASLD_library_design/RNA-seq/Human/Patient_Cohorts/data/raw/PRJNA512027/fastq/SRR8378549_1.fastq.gz	/gpfs/commons/groups/sanjana_lab/Cas13/MASLD_library_design/RNA-seq/Human/Patient_Cohorts/data/raw/PRJNA512027/fastq/SRR8378549_2.fastq.gz	PAIRED
SRR8378550	27	female	NASH	STEATOSIS 2	Liver	/gpfs/commons/groups/sanjana_lab/Cas13/MASLD_library_design/RNA-seq/Human/Patient_Cohorts/data/raw/PRJNA512027/fastq/SRR8378550_1.fastq.gz	/gpfs/commons/groups/sanjana_lab/Cas13/MASLD_library_design/RNA-seq/Human/Patient_Cohorts/data/raw/PRJNA512027/fastq/SRR8378550_2.fastq.gz	PAIRED
SRR8378551	64	female	NASH	STEATOSIS 2	Liver	/gpfs/commons/groups/sanjana_lab/Cas13/MASLD_library_design/RNA-seq/Human/Patient_Cohorts/data/raw/PRJNA512027/fastq/SRR8378551_1.fastq.gz	/gpfs/commons/groups/sanjana_lab/Cas13/MASLD_library_design/RNA-seq/Human/Patient_Cohorts/data/raw/PRJNA512027/fastq/SRR8378551_2.fastq.gz	PAIRED
SRR8378552	46	male	NASH	STEATOSIS 2	Liver	/gpfs/commons/groups/sanjana_lab/Cas13/MASLD_library_design/RNA-seq/Human/Patient_Cohorts/data/raw/PRJNA512027/fastq/SRR8378552_1.fastq.gz	/gpfs/commons/groups/sanjana_lab/Cas13/MASLD_library_design/RNA-seq/Human/Patient_Cohorts/data/raw/PRJNA512027/fastq/SRR8378552_2.fastq.gz	PAIRED
SRR8378553	38	female	NASH	STEATOSIS 2	Liver	/gpfs/commons/groups/sanjana_lab/Cas13/MASLD_library_design/RNA-seq/Human/Patient_Cohorts/data/raw/PRJNA512027/fastq/SRR8378553_1.fastq.gz	/gpfs/commons/groups/sanjana_lab/Cas13/MASLD_library_design/RNA-seq/Human/Patient_Cohorts/data/raw/PRJNA512027/fastq/SRR8378553_2.fastq.gz	PAIRED
SRR8378554	30	female	NASH	STEATOSIS 2	Liver	/gpfs/commons/groups/sanjana_lab/Cas13/MASLD_library_design/RNA-seq/Human/Patient_Cohorts/data/raw/PRJNA512027/fastq/SRR8378554_1.fastq.gz	/gpfs/commons/groups/sanjana_lab/Cas13/MASLD_library_design/RNA-seq/Human/Patient_Cohorts/data/raw/PRJNA512027/fastq/SRR8378554_2.fastq.gz	PAIRED
SRR8378555	51	female	NASH	Fibrosis 3	Liver	/gpfs/commons/groups/sanjana_lab/Cas13/MASLD_library_design/RNA-seq/Human/Patient_Cohorts/data/raw/PRJNA512027/fastq/SRR8378555_1.fastq.gz	/gpfs/commons/groups/sanjana_lab/Cas13/MASLD_library_design/RNA-seq/Human/Patient_Cohorts/data/raw/PRJNA512027/fastq/SRR8378555_2.fastq.gz	PAIRED
SRR8378556	48	female	NASH	Fibrosis 3	Liver	/gpfs/commons/groups/sanjana_lab/Cas13/MASLD_library_design/RNA-seq/Human/Patient_Cohorts/data/raw/PRJNA512027/fastq/SRR8378556_1.fastq.gz	/gpfs/commons/groups/sanjana_lab/Cas13/MASLD_library_design/RNA-seq/Human/Patient_Cohorts/data/raw/PRJNA512027/fastq/SRR8378556_2.fastq.gz	PAIRED
SRR8378558	32	male	NASH	Fibrosis 3	Liver	/gpfs/commons/groups/sanjana_lab/Cas13/MASLD_library_design/RNA-seq/Human/Patient_Cohorts/data/raw/PRJNA512027/fastq/SRR8378558_1.fastq.gz	/gpfs/commons/groups/sanjana_lab/Cas13/MASLD_library_design/RNA-seq/Human/Patient_Cohorts/data/raw/PRJNA512027/fastq/SRR8378558_2.fastq.gz	PAIRED
SRR8378559	45	female	NASH	Fibrosis 3	Liver	/gpfs/commons/groups/sanjana_lab/Cas13/MASLD_library_design/RNA-seq/Human/Patient_Cohorts/data/raw/PRJNA512027/fastq/SRR8378559_1.fastq.gz	/gpfs/commons/groups/sanjana_lab/Cas13/MASLD_library_design/RNA-seq/Human/Patient_Cohorts/data/raw/PRJNA512027/fastq/SRR8378559_2.fastq.gz	PAIRED
SRR8378561	46	female	NASH	Fibrosis 3	Liver	/gpfs/commons/groups/sanjana_lab/Cas13/MASLD_library_design/RNA-seq/Human/Patient_Cohorts/data/raw/PRJNA512027/fastq/SRR8378561_1.fastq.gz	/gpfs/commons/groups/sanjana_lab/Cas13/MASLD_library_design/RNA-seq/Human/Patient_Cohorts/data/raw/PRJNA512027/fastq/SRR8378561_2.fastq.gz	PAIRED
SRR8378562	62	male	NASH	Fibrosis 3	Liver	/gpfs/commons/groups/sanjana_lab/Cas13/MASLD_library_design/RNA-seq/Human/Patient_Cohorts/data/raw/PRJNA512027/fastq/SRR8378562_1.fastq.gz	/gpfs/commons/groups/sanjana_lab/Cas13/MASLD_library_design/RNA-seq/Human/Patient_Cohorts/data/raw/PRJNA512027/fastq/SRR8378562_2.fastq.gz	PAIRED
SRR8378563	32	male	NASH	Fibrosis 3	Liver	/gpfs/commons/groups/sanjana_lab/Cas13/MASLD_library_design/RNA-seq/Human/Patient_Cohorts/data/raw/PRJNA512027/fastq/SRR8378563_1.fastq.gz	/gpfs/commons/groups/sanjana_lab/Cas13/MASLD_library_design/RNA-seq/Human/Patient_Cohorts/data/raw/PRJNA512027/fastq/SRR8378563_2.fastq.gz	PAIRED
SRR8378564	36	female	NASH	Fibrosis 3	Liver	/gpfs/commons/groups/sanjana_lab/Cas13/MASLD_library_design/RNA-seq/Human/Patient_Cohorts/data/raw/PRJNA512027/fastq/SRR8378564_1.fastq.gz	/gpfs/commons/groups/sanjana_lab/Cas13/MASLD_library_design/RNA-seq/Human/Patient_Cohorts/data/raw/PRJNA512027/fastq/SRR8378564_2.fastq.gz	PAIRED
SRR8378565	53	female	NASH	STEATOSIS 3	Liver	/gpfs/commons/groups/sanjana_lab/Cas13/MASLD_library_design/RNA-seq/Human/Patient_Cohorts/data/raw/PRJNA512027/fastq/SRR8378565_1.fastq.gz	/gpfs/commons/groups/sanjana_lab/Cas13/MASLD_library_design/RNA-seq/Human/Patient_Cohorts/data/raw/PRJNA512027/fastq/SRR8378565_2.fastq.gz	PAIRED
SRR8378566	36	female	NASH	STEATOSIS 3	Liver	/gpfs/commons/groups/sanjana_lab/Cas13/MASLD_library_design/RNA-seq/Human/Patient_Cohorts/data/raw/PRJNA512027/fastq/SRR8378566_1.fastq.gz	/gpfs/commons/groups/sanjana_lab/Cas13/MASLD_library_design/RNA-seq/Human/Patient_Cohorts/data/raw/PRJNA512027/fastq/SRR8378566_2.fastq.gz	PAIRED
SRR8378567	55	female	NASH	STEATOSIS 3	Liver	/gpfs/commons/groups/sanjana_lab/Cas13/MASLD_library_design/RNA-seq/Human/Patient_Cohorts/data/raw/PRJNA512027/fastq/SRR8378567_1.fastq.gz	/gpfs/commons/groups/sanjana_lab/Cas13/MASLD_library_design/RNA-seq/Human/Patient_Cohorts/data/raw/PRJNA512027/fastq/SRR8378567_2.fastq.gz	PAIRED
SRR8378568	45	female	NASH	STEATOSIS 3	Liver	/gpfs/commons/groups/sanjana_lab/Cas13/MASLD_library_design/RNA-seq/Human/Patient_Cohorts/data/raw/PRJNA512027/fastq/SRR8378568_1.fastq.gz	/gpfs/commons/groups/sanjana_lab/Cas13/MASLD_library_design/RNA-seq/Human/Patient_Cohorts/data/raw/PRJNA512027/fastq/SRR8378568_2.fastq.gz	PAIRED
SRR8378569	49	female	NASH	STEATOSIS 2	Liver	/gpfs/commons/groups/sanjana_lab/Cas13/MASLD_library_design/RNA-seq/Human/Patient_Cohorts/data/raw/PRJNA512027/fastq/SRR8378569_1.fastq.gz	/gpfs/commons/groups/sanjana_lab/Cas13/MASLD_library_design/RNA-seq/Human/Patient_Cohorts/data/raw/PRJNA512027/fastq/SRR8378569_2.fastq.gz	PAIRED
SRR8378570	34	male	NASH	STEATOSIS 2	Liver	/gpfs/commons/groups/sanjana_lab/Cas13/MASLD_library_design/RNA-seq/Human/Patient_Cohorts/data/raw/PRJNA512027/fastq/SRR8378570_1.fastq.gz	/gpfs/commons/groups/sanjana_lab/Cas13/MASLD_library_design/RNA-seq/Human/Patient_Cohorts/data/raw/PRJNA512027/fastq/SRR8378570_2.fastq.gz	PAIRED
SRR8378571	42	female	NASH	STEATOSIS 2	Liver	/gpfs/commons/groups/sanjana_lab/Cas13/MASLD_library_design/RNA-seq/Human/Patient_Cohorts/data/raw/PRJNA512027/fastq/SRR8378571_1.fastq.gz	/gpfs/commons/groups/sanjana_lab/Cas13/MASLD_library_design/RNA-seq/Human/Patient_Cohorts/data/raw/PRJNA512027/fastq/SRR8378571_2.fastq.gz	PAIRED
SRR8378572	60	female	NASH	STEATOSIS 2	Liver	/gpfs/commons/groups/sanjana_lab/Cas13/MASLD_library_design/RNA-seq/Human/Patient_Cohorts/data/raw/PRJNA512027/fastq/SRR8378572_1.fastq.gz	/gpfs/commons/groups/sanjana_lab/Cas13/MASLD_library_design/RNA-seq/Human/Patient_Cohorts/data/raw/PRJNA512027/fastq/SRR8378572_2.fastq.gz	PAIRED
SRR8378573	39	female	NASH	STEATOSIS 2	Liver	/gpfs/commons/groups/sanjana_lab/Cas13/MASLD_library_design/RNA-seq/Human/Patient_Cohorts/data/raw/PRJNA512027/fastq/SRR8378573_1.fastq.gz	/gpfs/commons/groups/sanjana_lab/Cas13/MASLD_library_design/RNA-seq/Human/Patient_Cohorts/data/raw/PRJNA512027/fastq/SRR8378573_2.fastq.gz	PAIRED
SRR8378574	36	female	NASH	STEATOSIS 3	Liver	/gpfs/commons/groups/sanjana_lab/Cas13/MASLD_library_design/RNA-seq/Human/Patient_Cohorts/data/raw/PRJNA512027/fastq/SRR8378574_1.fastq.gz	/gpfs/commons/groups/sanjana_lab/Cas13/MASLD_library_design/RNA-seq/Human/Patient_Cohorts/data/raw/PRJNA512027/fastq/SRR8378574_2.fastq.gz	PAIRED
SRR8378575	48	female	NASH	STEATOSIS 2	Liver	/gpfs/commons/groups/sanjana_lab/Cas13/MASLD_library_design/RNA-seq/Human/Patient_Cohorts/data/raw/PRJNA512027/fastq/SRR8378575_1.fastq.gz	/gpfs/commons/groups/sanjana_lab/Cas13/MASLD_library_design/RNA-seq/Human/Patient_Cohorts/data/raw/PRJNA512027/fastq/SRR8378575_2.fastq.gz	PAIRED
SRR8378576	25	male	NASH	STEATOSIS 3	Liver	/gpfs/commons/groups/sanjana_lab/Cas13/MASLD_library_design/RNA-seq/Human/Patient_Cohorts/data/raw/PRJNA512027/fastq/SRR8378576_1.fastq.gz	/gpfs/commons/groups/sanjana_lab/Cas13/MASLD_library_design/RNA-seq/Human/Patient_Cohorts/data/raw/PRJNA512027/fastq/SRR8378576_2.fastq.gz	PAIRED
SRR8378577	53	male	NASH	STEATOSIS 2	Liver	/gpfs/commons/groups/sanjana_lab/Cas13/MASLD_library_design/RNA-seq/Human/Patient_Cohorts/data/raw/PRJNA512027/fastq/SRR8378577_1.fastq.gz	/gpfs/commons/groups/sanjana_lab/Cas13/MASLD_library_design/RNA-seq/Human/Patient_Cohorts/data/raw/PRJNA512027/fastq/SRR8378577_2.fastq.gz	PAIRED
SRR8378578	54	female	NASH	STEATOSIS 2	Liver	/gpfs/commons/groups/sanjana_lab/Cas13/MASLD_library_design/RNA-seq/Human/Patient_Cohorts/data/raw/PRJNA512027/fastq/SRR8378578_1.fastq.gz	/gpfs/commons/groups/sanjana_lab/Cas13/MASLD_library_design/RNA-seq/Human/Patient_Cohorts/data/raw/PRJNA512027/fastq/SRR8378578_2.fastq.gz	PAIRED
SRR8378579	29	female	NASH	NORMAL	Liver	/gpfs/commons/groups/sanjana_lab/Cas13/MASLD_library_design/RNA-seq/Human/Patient_Cohorts/data/raw/PRJNA512027/fastq/SRR8378579_1.fastq.gz	/gpfs/commons/groups/sanjana_lab/Cas13/MASLD_library_design/RNA-seq/Human/Patient_Cohorts/data/raw/PRJNA512027/fastq/SRR8378579_2.fastq.gz	PAIRED
SRR8378580	30	male	NASH	NORMAL	Liver	/gpfs/commons/groups/sanjana_lab/Cas13/MASLD_library_design/RNA-seq/Human/Patient_Cohorts/data/raw/PRJNA512027/fastq/SRR8378580_1.fastq.gz	/gpfs/commons/groups/sanjana_lab/Cas13/MASLD_library_design/RNA-seq/Human/Patient_Cohorts/data/raw/PRJNA512027/fastq/SRR8378580_2.fastq.gz	PAIRED
SRR8378581	48	female	NASH	NORMAL	Liver	/gpfs/commons/groups/sanjana_lab/Cas13/MASLD_library_design/RNA-seq/Human/Patient_Cohorts/data/raw/PRJNA512027/fastq/SRR8378581_1.fastq.gz	/gpfs/commons/groups/sanjana_lab/Cas13/MASLD_library_design/RNA-seq/Human/Patient_Cohorts/data/raw/PRJNA512027/fastq/SRR8378581_2.fastq.gz	PAIRED
SRR8378582	50	female	NASH	NORMAL	Liver	/gpfs/commons/groups/sanjana_lab/Cas13/MASLD_library_design/RNA-seq/Human/Patient_Cohorts/data/raw/PRJNA512027/fastq/SRR8378582_1.fastq.gz	/gpfs/commons/groups/sanjana_lab/Cas13/MASLD_library_design/RNA-seq/Human/Patient_Cohorts/data/raw/PRJNA512027/fastq/SRR8378582_2.fastq.gz	PAIRED
SRR8378583	37	female	NASH	NORMAL	Liver	/gpfs/commons/groups/sanjana_lab/Cas13/MASLD_library_design/RNA-seq/Human/Patient_Cohorts/data/raw/PRJNA512027/fastq/SRR8378583_1.fastq.gz	/gpfs/commons/groups/sanjana_lab/Cas13/MASLD_library_design/RNA-seq/Human/Patient_Cohorts/data/raw/PRJNA512027/fastq/SRR8378583_2.fastq.gz	PAIRED
SRR8378584	41	male	NASH	NORMAL	Liver	/gpfs/commons/groups/sanjana_lab/Cas13/MASLD_library_design/RNA-seq/Human/Patient_Cohorts/data/raw/PRJNA512027/fastq/SRR8378584_1.fastq.gz	/gpfs/commons/groups/sanjana_lab/Cas13/MASLD_library_design/RNA-seq/Human/Patient_Cohorts/data/raw/PRJNA512027/fastq/SRR8378584_2.fastq.gz	PAIRED
SRR8378585	35	female	NASH	NORMAL	Liver	/gpfs/commons/groups/sanjana_lab/Cas13/MASLD_library_design/RNA-seq/Human/Patient_Cohorts/data/raw/PRJNA512027/fastq/SRR8378585_1.fastq.gz	/gpfs/commons/groups/sanjana_lab/Cas13/MASLD_library_design/RNA-seq/Human/Patient_Cohorts/data/raw/PRJNA512027/fastq/SRR8378585_2.fastq.gz	PAIRED
SRR8378586	48	female	NASH	NORMAL	Liver	/gpfs/commons/groups/sanjana_lab/Cas13/MASLD_library_design/RNA-seq/Human/Patient_Cohorts/data/raw/PRJNA512027/fastq/SRR8378586_1.fastq.gz	/gpfs/commons/groups/sanjana_lab/Cas13/MASLD_library_design/RNA-seq/Human/Patient_Cohorts/data/raw/PRJNA512027/fastq/SRR8378586_2.fastq.gz	PAIRED
SRR8378587	37	male	NASH	NORMAL	Liver	/gpfs/commons/groups/sanjana_lab/Cas13/MASLD_library_design/RNA-seq/Human/Patient_Cohorts/data/raw/PRJNA512027/fastq/SRR8378587_1.fastq.gz	/gpfs/commons/groups/sanjana_lab/Cas13/MASLD_library_design/RNA-seq/Human/Patient_Cohorts/data/raw/PRJNA512027/fastq/SRR8378587_2.fastq.gz	PAIRED
SRR8378588	47	female	NASH	NORMAL	Liver	/gpfs/commons/groups/sanjana_lab/Cas13/MASLD_library_design/RNA-seq/Human/Patient_Cohorts/data/raw/PRJNA512027/fastq/SRR8378588_1.fastq.gz	/gpfs/commons/groups/sanjana_lab/Cas13/MASLD_library_design/RNA-seq/Human/Patient_Cohorts/data/raw/PRJNA512027/fastq/SRR8378588_2.fastq.gz	PAIRED
SRR8378589	47	female	NASH	NORMAL	Liver	/gpfs/commons/groups/sanjana_lab/Cas13/MASLD_library_design/RNA-seq/Human/Patient_Cohorts/data/raw/PRJNA512027/fastq/SRR8378589_1.fastq.gz	/gpfs/commons/groups/sanjana_lab/Cas13/MASLD_library_design/RNA-seq/Human/Patient_Cohorts/data/raw/PRJNA512027/fastq/SRR8378589_2.fastq.gz	PAIRED
SRR8378590	55	female	NASH	NORMAL	Liver	/gpfs/commons/groups/sanjana_lab/Cas13/MASLD_library_design/RNA-seq/Human/Patient_Cohorts/data/raw/PRJNA512027/fastq/SRR8378590_1.fastq.gz	/gpfs/commons/groups/sanjana_lab/Cas13/MASLD_library_design/RNA-seq/Human/Patient_Cohorts/data/raw/PRJNA512027/fastq/SRR8378590_2.fastq.gz	PAIRED
SRR8378591	46	female	NASH	STEATOSIS 2	Liver	/gpfs/commons/groups/sanjana_lab/Cas13/MASLD_library_design/RNA-seq/Human/Patient_Cohorts/data/raw/PRJNA512027/fastq/SRR8378591_1.fastq.gz	/gpfs/commons/groups/sanjana_lab/Cas13/MASLD_library_design/RNA-seq/Human/Patient_Cohorts/data/raw/PRJNA512027/fastq/SRR8378591_2.fastq.gz	PAIRED
SRR8378592	51	female	NASH	STEATOSIS 2	Liver	/gpfs/commons/groups/sanjana_lab/Cas13/MASLD_library_design/RNA-seq/Human/Patient_Cohorts/data/raw/PRJNA512027/fastq/SRR8378592_1.fastq.gz	/gpfs/commons/groups/sanjana_lab/Cas13/MASLD_library_design/RNA-seq/Human/Patient_Cohorts/data/raw/PRJNA512027/fastq/SRR8378592_2.fastq.gz	PAIRED
SRR8378593	20	female	NASH	Lob Inflam 1	Liver	/gpfs/commons/groups/sanjana_lab/Cas13/MASLD_library_design/RNA-seq/Human/Patient_Cohorts/data/raw/PRJNA512027/fastq/SRR8378593_1.fastq.gz	/gpfs/commons/groups/sanjana_lab/Cas13/MASLD_library_design/RNA-seq/Human/Patient_Cohorts/data/raw/PRJNA512027/fastq/SRR8378593_2.fastq.gz	PAIRED
SRR8378594	48	female	NASH	Lob Inflam 1	Liver	/gpfs/commons/groups/sanjana_lab/Cas13/MASLD_library_design/RNA-seq/Human/Patient_Cohorts/data/raw/PRJNA512027/fastq/SRR8378594_1.fastq.gz	/gpfs/commons/groups/sanjana_lab/Cas13/MASLD_library_design/RNA-seq/Human/Patient_Cohorts/data/raw/PRJNA512027/fastq/SRR8378594_2.fastq.gz	PAIRED
SRR8378595	34	female	NASH	Lob Inflam 1	Liver	/gpfs/commons/groups/sanjana_lab/Cas13/MASLD_library_design/RNA-seq/Human/Patient_Cohorts/data/raw/PRJNA512027/fastq/SRR8378595_1.fastq.gz	/gpfs/commons/groups/sanjana_lab/Cas13/MASLD_library_design/RNA-seq/Human/Patient_Cohorts/data/raw/PRJNA512027/fastq/SRR8378595_2.fastq.gz	PAIRED
SRR8378596	56	male	NASH	Lob Inflam 1	Liver	/gpfs/commons/groups/sanjana_lab/Cas13/MASLD_library_design/RNA-seq/Human/Patient_Cohorts/data/raw/PRJNA512027/fastq/SRR8378596_1.fastq.gz	/gpfs/commons/groups/sanjana_lab/Cas13/MASLD_library_design/RNA-seq/Human/Patient_Cohorts/data/raw/PRJNA512027/fastq/SRR8378596_2.fastq.gz	PAIRED
SRR8378597	58	female	NASH	Lob Inflam 1	Liver	/gpfs/commons/groups/sanjana_lab/Cas13/MASLD_library_design/RNA-seq/Human/Patient_Cohorts/data/raw/PRJNA512027/fastq/SRR8378597_1.fastq.gz	/gpfs/commons/groups/sanjana_lab/Cas13/MASLD_library_design/RNA-seq/Human/Patient_Cohorts/data/raw/PRJNA512027/fastq/SRR8378597_2.fastq.gz	PAIRED
SRR8378598	58	female	NASH	Lob Inflam 1	Liver	/gpfs/commons/groups/sanjana_lab/Cas13/MASLD_library_design/RNA-seq/Human/Patient_Cohorts/data/raw/PRJNA512027/fastq/SRR8378598_1.fastq.gz	/gpfs/commons/groups/sanjana_lab/Cas13/MASLD_library_design/RNA-seq/Human/Patient_Cohorts/data/raw/PRJNA512027/fastq/SRR8378598_2.fastq.gz	PAIRED
SRR8378599	51	female	NASH	Lob Inflam 1	Liver	/gpfs/commons/groups/sanjana_lab/Cas13/MASLD_library_design/RNA-seq/Human/Patient_Cohorts/data/raw/PRJNA512027/fastq/SRR8378599_1.fastq.gz	/gpfs/commons/groups/sanjana_lab/Cas13/MASLD_library_design/RNA-seq/Human/Patient_Cohorts/data/raw/PRJNA512027/fastq/SRR8378599_2.fastq.gz	PAIRED
SRR8378600	34	female	NASH	Lob Inflam 1	Liver	/gpfs/commons/groups/sanjana_lab/Cas13/MASLD_library_design/RNA-seq/Human/Patient_Cohorts/data/raw/PRJNA512027/fastq/SRR8378600_1.fastq.gz	/gpfs/commons/groups/sanjana_lab/Cas13/MASLD_library_design/RNA-seq/Human/Patient_Cohorts/data/raw/PRJNA512027/fastq/SRR8378600_2.fastq.gz	PAIRED
SRR8378601	65	female	NASH	Lob Inflam 1	Liver	/gpfs/commons/groups/sanjana_lab/Cas13/MASLD_library_design/RNA-seq/Human/Patient_Cohorts/data/raw/PRJNA512027/fastq/SRR8378601_1.fastq.gz	/gpfs/commons/groups/sanjana_lab/Cas13/MASLD_library_design/RNA-seq/Human/Patient_Cohorts/data/raw/PRJNA512027/fastq/SRR8378601_2.fastq.gz	PAIRED
SRR8378602	67	female	NASH	Lob Inflam 1	Liver	/gpfs/commons/groups/sanjana_lab/Cas13/MASLD_library_design/RNA-seq/Human/Patient_Cohorts/data/raw/PRJNA512027/fastq/SRR8378602_1.fastq.gz	/gpfs/commons/groups/sanjana_lab/Cas13/MASLD_library_design/RNA-seq/Human/Patient_Cohorts/data/raw/PRJNA512027/fastq/SRR8378602_2.fastq.gz	PAIRED
SRR8378603	65	female	NASH	Lob Inflam 1	Liver	/gpfs/commons/groups/sanjana_lab/Cas13/MASLD_library_design/RNA-seq/Human/Patient_Cohorts/data/raw/PRJNA512027/fastq/SRR8378603_1.fastq.gz	/gpfs/commons/groups/sanjana_lab/Cas13/MASLD_library_design/RNA-seq/Human/Patient_Cohorts/data/raw/PRJNA512027/fastq/SRR8378603_2.fastq.gz	PAIRED
SRR8378604	27	female	NASH	Lob Inflam 1	Liver	/gpfs/commons/groups/sanjana_lab/Cas13/MASLD_library_design/RNA-seq/Human/Patient_Cohorts/data/raw/PRJNA512027/fastq/SRR8378604_1.fastq.gz	/gpfs/commons/groups/sanjana_lab/Cas13/MASLD_library_design/RNA-seq/Human/Patient_Cohorts/data/raw/PRJNA512027/fastq/SRR8378604_2.fastq.gz	PAIRED
SRR8378605	36	female	NASH	Fibrosis 3	Liver	/gpfs/commons/groups/sanjana_lab/Cas13/MASLD_library_design/RNA-seq/Human/Patient_Cohorts/data/raw/PRJNA512027/fastq/SRR8378605_1.fastq.gz	/gpfs/commons/groups/sanjana_lab/Cas13/MASLD_library_design/RNA-seq/Human/Patient_Cohorts/data/raw/PRJNA512027/fastq/SRR8378605_2.fastq.gz	PAIRED
SRR8378606	51	male	NASH	Fibrosis 3	Liver	/gpfs/commons/groups/sanjana_lab/Cas13/MASLD_library_design/RNA-seq/Human/Patient_Cohorts/data/raw/PRJNA512027/fastq/SRR8378606_1.fastq.gz	/gpfs/commons/groups/sanjana_lab/Cas13/MASLD_library_design/RNA-seq/Human/Patient_Cohorts/data/raw/PRJNA512027/fastq/SRR8378606_2.fastq.gz	PAIRED
SRR8378607	51	male	NASH	Fibrosis 3	Liver	/gpfs/commons/groups/sanjana_lab/Cas13/MASLD_library_design/RNA-seq/Human/Patient_Cohorts/data/raw/PRJNA512027/fastq/SRR8378607_1.fastq.gz	/gpfs/commons/groups/sanjana_lab/Cas13/MASLD_library_design/RNA-seq/Human/Patient_Cohorts/data/raw/PRJNA512027/fastq/SRR8378607_2.fastq.gz	PAIRED
SRR8378608	48	female	NASH	Fibrosis 3	Liver	/gpfs/commons/groups/sanjana_lab/Cas13/MASLD_library_design/RNA-seq/Human/Patient_Cohorts/data/raw/PRJNA512027/fastq/SRR8378608_1.fastq.gz	/gpfs/commons/groups/sanjana_lab/Cas13/MASLD_library_design/RNA-seq/Human/Patient_Cohorts/data/raw/PRJNA512027/fastq/SRR8378608_2.fastq.gz	PAIRED
SRR8378609	45	female	NASH	Lob Inflam 1	Liver	/gpfs/commons/groups/sanjana_lab/Cas13/MASLD_library_design/RNA-seq/Human/Patient_Cohorts/data/raw/PRJNA512027/fastq/SRR8378609_1.fastq.gz	/gpfs/commons/groups/sanjana_lab/Cas13/MASLD_library_design/RNA-seq/Human/Patient_Cohorts/data/raw/PRJNA512027/fastq/SRR8378609_2.fastq.gz	PAIRED
SRR8378610	63	female	NASH	Lob Inflam 1	Liver	/gpfs/commons/groups/sanjana_lab/Cas13/MASLD_library_design/RNA-seq/Human/Patient_Cohorts/data/raw/PRJNA512027/fastq/SRR8378610_1.fastq.gz	/gpfs/commons/groups/sanjana_lab/Cas13/MASLD_library_design/RNA-seq/Human/Patient_Cohorts/data/raw/PRJNA512027/fastq/SRR8378610_2.fastq.gz	PAIRED
SRR8378612	24	female	NASH	Lob Inflam 1	Liver	/gpfs/commons/groups/sanjana_lab/Cas13/MASLD_library_design/RNA-seq/Human/Patient_Cohorts/data/raw/PRJNA512027/fastq/SRR8378612_1.fastq.gz	/gpfs/commons/groups/sanjana_lab/Cas13/MASLD_library_design/RNA-seq/Human/Patient_Cohorts/data/raw/PRJNA512027/fastq/SRR8378612_2.fastq.gz	PAIRED
SRR8378613	55	female	NASH	Fibrosis 4	Liver	/gpfs/commons/groups/sanjana_lab/Cas13/MASLD_library_design/RNA-seq/Human/Patient_Cohorts/data/raw/PRJNA512027/fastq/SRR8378613_1.fastq.gz	/gpfs/commons/groups/sanjana_lab/Cas13/MASLD_library_design/RNA-seq/Human/Patient_Cohorts/data/raw/PRJNA512027/fastq/SRR8378613_2.fastq.gz	PAIRED
SRR8378614	50	female	NASH	Fibrosis 4	Liver	/gpfs/commons/groups/sanjana_lab/Cas13/MASLD_library_design/RNA-seq/Human/Patient_Cohorts/data/raw/PRJNA512027/fastq/SRR8378614_1.fastq.gz	/gpfs/commons/groups/sanjana_lab/Cas13/MASLD_library_design/RNA-seq/Human/Patient_Cohorts/data/raw/PRJNA512027/fastq/SRR8378614_2.fastq.gz	PAIRED
SRR8378615	63	female	NASH	Fibrosis 4	Liver	/gpfs/commons/groups/sanjana_lab/Cas13/MASLD_library_design/RNA-seq/Human/Patient_Cohorts/data/raw/PRJNA512027/fastq/SRR8378615_1.fastq.gz	/gpfs/commons/groups/sanjana_lab/Cas13/MASLD_library_design/RNA-seq/Human/Patient_Cohorts/data/raw/PRJNA512027/fastq/SRR8378615_2.fastq.gz	PAIRED
SRR8378616	44	male	NASH	Fibrosis 4	Liver	/gpfs/commons/groups/sanjana_lab/Cas13/MASLD_library_design/RNA-seq/Human/Patient_Cohorts/data/raw/PRJNA512027/fastq/SRR8378616_1.fastq.gz	/gpfs/commons/groups/sanjana_lab/Cas13/MASLD_library_design/RNA-seq/Human/Patient_Cohorts/data/raw/PRJNA512027/fastq/SRR8378616_2.fastq.gz	PAIRED
SRR8378617	32	female	NASH	Fibrosis 4	Liver	/gpfs/commons/groups/sanjana_lab/Cas13/MASLD_library_design/RNA-seq/Human/Patient_Cohorts/data/raw/PRJNA512027/fastq/SRR8378617_1.fastq.gz	/gpfs/commons/groups/sanjana_lab/Cas13/MASLD_library_design/RNA-seq/Human/Patient_Cohorts/data/raw/PRJNA512027/fastq/SRR8378617_2.fastq.gz	PAIRED
SRR8378618	49	female	NASH	Fibrosis 4	Liver	/gpfs/commons/groups/sanjana_lab/Cas13/MASLD_library_design/RNA-seq/Human/Patient_Cohorts/data/raw/PRJNA512027/fastq/SRR8378618_1.fastq.gz	/gpfs/commons/groups/sanjana_lab/Cas13/MASLD_library_design/RNA-seq/Human/Patient_Cohorts/data/raw/PRJNA512027/fastq/SRR8378618_2.fastq.gz	PAIRED
SRR8378619	57	female	NASH	Fibrosis 4	Liver	/gpfs/commons/groups/sanjana_lab/Cas13/MASLD_library_design/RNA-seq/Human/Patient_Cohorts/data/raw/PRJNA512027/fastq/SRR8378619_1.fastq.gz	/gpfs/commons/groups/sanjana_lab/Cas13/MASLD_library_design/RNA-seq/Human/Patient_Cohorts/data/raw/PRJNA512027/fastq/SRR8378619_2.fastq.gz	PAIRED
SRR8378620	41	female	NASH	Fibrosis 4	Liver	/gpfs/commons/groups/sanjana_lab/Cas13/MASLD_library_design/RNA-seq/Human/Patient_Cohorts/data/raw/PRJNA512027/fastq/SRR8378620_1.fastq.gz	/gpfs/commons/groups/sanjana_lab/Cas13/MASLD_library_design/RNA-seq/Human/Patient_Cohorts/data/raw/PRJNA512027/fastq/SRR8378620_2.fastq.gz	PAIRED
SRR8378621	55	female	NASH	Fibrosis 4	Liver	/gpfs/commons/groups/sanjana_lab/Cas13/MASLD_library_design/RNA-seq/Human/Patient_Cohorts/data/raw/PRJNA512027/fastq/SRR8378621_1.fastq.gz	/gpfs/commons/groups/sanjana_lab/Cas13/MASLD_library_design/RNA-seq/Human/Patient_Cohorts/data/raw/PRJNA512027/fastq/SRR8378621_2.fastq.gz	PAIRED
SRR8378622	60	female	NASH	Fibrosis 4	Liver	/gpfs/commons/groups/sanjana_lab/Cas13/MASLD_library_design/RNA-seq/Human/Patient_Cohorts/data/raw/PRJNA512027/fastq/SRR8378622_1.fastq.gz	/gpfs/commons/groups/sanjana_lab/Cas13/MASLD_library_design/RNA-seq/Human/Patient_Cohorts/data/raw/PRJNA512027/fastq/SRR8378622_2.fastq.gz	PAIRED
