sample_id	age	sex	condition	fibrosis_stage	tissue
SRR8378431	36	female	NASH	NORMAL	Liver
SRR8378432	46	male	NASH	NORMAL	Liver
SRR8378433	54	female	NASH	NORMAL	Liver
SRR8378434	54	female	NASH	NORMAL	Liver
SRR8378435	48	female	NASH	NORMAL	Liver
SRR8378436	46	female	NASH	NORMAL	Liver
SRR8378437	32	female	NASH	Lob Inflam 2	Liver
SRR8378438	41	male	NASH	Lob Inflam 2	Liver
SRR8378439	36	female	NASH	Lob Inflam 2	Liver
SRR8378440	62	female	NASH	Lob Inflam 2	Liver
SRR8378441	55	female	NASH	Lob Inflam 1	Liver
SRR8378442	50	female	NASH	Lob Inflam 1	Liver
SRR8378443	57	female	NASH	Lob Inflam 1	Liver
SRR8378444	68	female	NASH	Lob Inflam 1	Liver
SRR8378445	33	female	NASH	Lob Inflam 2	Liver
SRR8378446	46	female	NASH	Lob Inflam 2	Liver
SRR8378447	54	female	NASH	Fibrosis 3/4	Liver
SRR8378448	41	female	NASH	Fibrosis 3/4	Liver
SRR8378449	54	female	NASH	Fibrosis 3/4	Liver
SRR8378450	60	male	NASH	Fibrosis 3/4	Liver
SRR8378451	36	female	NASH	NORMAL	Liver
SRR8378452	47	female	NASH	NORMAL	Liver
SRR8378453	43	female	NASH	Fibrosis 3/4	Liver
SRR8378454	61	female	NASH	Fibrosis 3/4	Liver
SRR8378455	38	female	NASH	Fibrosis 3/4	Liver
SRR8378456	50	female	NASH	Fibrosis 3/4	Liver
SRR8378457	34	female	NASH	Lob Inflam 2	Liver
SRR8378458	50	female	NASH	Lob Inflam 2	Liver
SRR8378459	39	male	NASH	Lob Inflam 2	Liver
SRR8378460	33	male	NASH	Lob Inflam 2	Liver
SRR8378461	50	female	NASH	STEATOSIS 2	Liver
SRR8378462	51	female	NASH	Lob Inflam 2	Liver
SRR8378463	53	female	NASH	Lob Inflam 2	Liver
SRR8378464	35	male	NASH	Lob Inflam 2	Liver
SRR8378465	37	female	NASH	STEATOSIS 2	Liver
SRR8378466	42	female	NASH	STEATOSIS 2	Liver
SRR8378467	27	female	NASH	NORMAL	Liver
SRR8378468	48	female	NASH	NORMAL	Liver
SRR8378469	55	female	NASH	NORMAL	Liver
SRR8378470	48	female	NASH	NORMAL	Liver
SRR8378471	39	female	NASH	NORMAL	Liver
SRR8378472	35	female	NASH	NORMAL	Liver
SRR8378473	67	male	NASH	NORMAL	Liver
SRR8378474	40	female	NASH	NORMAL	Liver
SRR8378475	48	female	NASH	NORMAL	Liver
SRR8378476	32	female	NASH	NORMAL	Liver
SRR8378477	45	male	NASH	Lob Inflam 1	Liver
SRR8378478	34	female	NASH	Lob Inflam 1	Liver
SRR8378479	54	female	NASH	Lob Inflam 1	Liver
SRR8378480	23	female	NASH	Lob Inflam 1	Liver
SRR8378481	31	female	NASH	Lob Inflam 1	Liver
SRR8378482	37	male	NASH	Lob Inflam 1	Liver
SRR8378483	35	female	NASH	Lob Inflam 1	Liver
SRR8378484	34	male	NASH	Lob Inflam 1	Liver
SRR8378485	47	female	NASH	Lob Inflam 1	Liver
SRR8378486	38	female	NASH	Lob Inflam 1	Liver
SRR8378487	60	female	NASH	STEATOSIS 3	Liver
SRR8378488	30	male	NASH	STEATOSIS 2	Liver
SRR8378489	44	female	NASH	NORMAL	Liver
SRR8378490	53	female	NASH	NORMAL	Liver
SRR8378491	46	male	NASH	STEATOSIS 2	Liver
SRR8378492	34	female	NASH	STEATOSIS 2	Liver
SRR8378493	40	female	NASH	STEATOSIS 2	Liver
SRR8378494	56	female	NASH	STEATOSIS 2	Liver
SRR8378495	33	female	NASH	Lob Inflam 1	Liver
SRR8378496	65	female	NASH	Lob Inflam 1	Liver
SRR8378497	27	female	NASH	Lob Inflam 1	Liver
SRR8378498	39	female	NASH	Lob Inflam 1	Liver
SRR8378499	50	female	NASH	Lob Inflam 1	Liver
SRR8378500	45	female	NASH	Lob Inflam 1	Liver
SRR8378501	32	female	NASH	Lob Inflam 1	Liver
SRR8378502	39	female	NASH	Lob Inflam 1	Liver
SRR8378503	28	female	NASH	Lob Inflam 1	Liver
SRR8378504	33	female	NASH	Lob Inflam 1	Liver
SRR8378505	47	female	NASH	Fibrosis 3/4	Liver
SRR8378506	58	female	NASH	Fibrosis 3/4	Liver
SRR8378507	47	female	NASH	Fibrosis 3/4	Liver
SRR8378508	67	female	NASH	Fibrosis 4	Liver
SRR8378509	30	female	NASH	Fibrosis 3/4	Liver
SRR8378510	49	female	NASH	Fibrosis 3/4	Liver
SRR8378511	61	male	NASH	Fibrosis 3/4	Liver
SRR8378512	59	female	NASH	Fibrosis 3/4	Liver
SRR8378513	53	female	NASH	Fibrosis 4	Liver
SRR8378514	62	female	NASH	Fibrosis 4	Liver
SRR8378515	53	male	NASH	Fibrosis 4	Liver
SRR8378516	69	female	NASH	Fibrosis 4	Liver
SRR8378517	49	male	NASH	Fibrosis 4	Liver
SRR8378518	53	male	NASH	Fibrosis 4	Liver
SRR8378519	28	female	NASH	Fibrosis 3	Liver
SRR8378520	54	female	NASH	Fibrosis 3	Liver
SRR8378521	56	female	NASH	Fibrosis 4	Liver
SRR8378522	47	female	NASH	Fibrosis 3	Liver
SRR8378523	42	male	NASH	Fibrosis 3	Liver
SRR8378524	57	female	NASH	Fibrosis 3	Liver
SRR8378525	52	female	NASH	STEATOSIS 3	Liver
SRR8378526	28	male	NASH	STEATOSIS 3	Liver
SRR8378527	49	female	NASH	STEATOSIS 2	Liver
SRR8378528	24	male	NASH	STEATOSIS 2	Liver
SRR8378529	21	male	NASH	Fibrosis 3	Liver
SRR8378530	60	female	NASH	STEATOSIS 2	Liver
SRR8378531	49	female	NASH	STEATOSIS 3	Liver
SRR8378532	59	male	NASH	STEATOSIS 3	Liver
SRR8378533	27	female	NASH	STEATOSIS 2	Liver
SRR8378534	24	female	NASH	STEATOSIS 2	Liver
SRR8378535	55	female	NASH	NORMAL	Liver
SRR8378536	52	female	NASH	NORMAL	Liver
SRR8378537	54	female	NASH	STEATOSIS 3	Liver
SRR8378538	38	female	NASH	STEATOSIS 3	Liver
SRR8378539	39	male	NASH	STEATOSIS 3	Liver
SRR8378540	57	male	NASH	STEATOSIS 3	Liver
SRR8378541	44	female	NASH	STEATOSIS 2	Liver
SRR8378542	56	female	NASH	STEATOSIS 3	Liver
SRR8378543	63	female	NASH	NORMAL	Liver
SRR8378544	27	female	NASH	NORMAL	Liver
SRR8378545	57	female	NASH	STEATOSIS 2	Liver
SRR8378546	29	female	NASH	STEATOSIS 2	Liver
SRR8378547	39	female	NASH	STEATOSIS 2	Liver
SRR8378548	53	female	NASH	STEATOSIS 2	Liver
SRR8378549	36	female	NASH	STEATOSIS 2	Liver
SRR8378550	27	female	NASH	STEATOSIS 2	Liver
SRR8378551	64	female	NASH	STEATOSIS 2	Liver
SRR8378552	46	male	NASH	STEATOSIS 2	Liver
SRR8378553	38	female	NASH	STEATOSIS 2	Liver
SRR8378554	30	female	NASH	STEATOSIS 2	Liver
SRR8378555	51	female	NASH	Fibrosis 3	Liver
SRR8378556	48	female	NASH	Fibrosis 3	Liver
SRR8378557	49	female	NASH	Fibrosis 3	Liver
SRR8378558	32	male	NASH	Fibrosis 3	Liver
SRR8378559	45	female	NASH	Fibrosis 3	Liver
SRR8378560	46	male	NASH	Fibrosis 3	Liver
SRR8378561	46	female	NASH	Fibrosis 3	Liver
SRR8378562	62	male	NASH	Fibrosis 3	Liver
SRR8378563	32	male	NASH	Fibrosis 3	Liver
SRR8378564	36	female	NASH	Fibrosis 3	Liver
SRR8378565	53	female	NASH	STEATOSIS 3	Liver
SRR8378566	36	female	NASH	STEATOSIS 3	Liver
SRR8378567	55	female	NASH	STEATOSIS 3	Liver
SRR8378568	45	female	NASH	STEATOSIS 3	Liver
SRR8378569	49	female	NASH	STEATOSIS 2	Liver
SRR8378570	34	male	NASH	STEATOSIS 2	Liver
SRR8378571	42	female	NASH	STEATOSIS 2	Liver
SRR8378572	60	female	NASH	STEATOSIS 2	Liver
SRR8378573	39	female	NASH	STEATOSIS 2	Liver
SRR8378574	36	female	NASH	STEATOSIS 3	Liver
SRR8378575	48	female	NASH	STEATOSIS 2	Liver
SRR8378576	25	male	NASH	STEATOSIS 3	Liver
SRR8378577	53	male	NASH	STEATOSIS 2	Liver
SRR8378578	54	female	NASH	STEATOSIS 2	Liver
SRR8378579	29	female	NASH	NORMAL	Liver
SRR8378580	30	male	NASH	NORMAL	Liver
SRR8378581	48	female	NASH	NORMAL	Liver
SRR8378582	50	female	NASH	NORMAL	Liver
SRR8378583	37	female	NASH	NORMAL	Liver
SRR8378584	41	male	NASH	NORMAL	Liver
SRR8378585	35	female	NASH	NORMAL	Liver
SRR8378586	48	female	NASH	NORMAL	Liver
SRR8378587	37	male	NASH	NORMAL	Liver
SRR8378588	47	female	NASH	NORMAL	Liver
SRR8378589	47	female	NASH	NORMAL	Liver
SRR8378590	55	female	NASH	NORMAL	Liver
SRR8378591	46	female	NASH	STEATOSIS 2	Liver
SRR8378592	51	female	NASH	STEATOSIS 2	Liver
SRR8378593	20	female	NASH	Lob Inflam 1	Liver
SRR8378594	48	female	NASH	Lob Inflam 1	Liver
SRR8378595	34	female	NASH	Lob Inflam 1	Liver
SRR8378596	56	male	NASH	Lob Inflam 1	Liver
SRR8378597	58	female	NASH	Lob Inflam 1	Liver
SRR8378598	58	female	NASH	Lob Inflam 1	Liver
SRR8378599	51	female	NASH	Lob Inflam 1	Liver
SRR8378600	34	female	NASH	Lob Inflam 1	Liver
SRR8378601	65	female	NASH	Lob Inflam 1	Liver
SRR8378602	67	female	NASH	Lob Inflam 1	Liver
SRR8378603	65	female	NASH	Lob Inflam 1	Liver
SRR8378604	27	female	NASH	Lob Inflam 1	Liver
SRR8378605	36	female	NASH	Fibrosis 3	Liver
SRR8378606	51	male	NASH	Fibrosis 3	Liver
SRR8378607	51	male	NASH	Fibrosis 3	Liver
SRR8378608	48	female	NASH	Fibrosis 3	Liver
SRR8378609	45	female	NASH	Lob Inflam 1	Liver
SRR8378610	63	female	NASH	Lob Inflam 1	Liver
SRR8378611	43	female	NASH	Lob Inflam 1	Liver
SRR8378612	24	female	NASH	Lob Inflam 1	Liver
SRR8378613	55	female	NASH	Fibrosis 4	Liver
SRR8378614	50	female	NASH	Fibrosis 4	Liver
SRR8378615	63	female	NASH	Fibrosis 4	Liver
SRR8378616	44	male	NASH	Fibrosis 4	Liver
SRR8378617	32	female	NASH	Fibrosis 4	Liver
SRR8378618	49	female	NASH	Fibrosis 4	Liver
SRR8378619	57	female	NASH	Fibrosis 4	Liver
SRR8378620	41	female	NASH	Fibrosis 4	Liver
SRR8378621	55	female	NASH	Fibrosis 4	Liver
SRR8378622	60	female	NASH	Fibrosis 4	Liver
