Run,AGE,Assay Type,AvgSpotLen,Bases,BIOMATERIAL_PROVIDER,BioProject,BioSample,BioSampleModel,Bytes,Center Name,Consent,DATASTORE filetype,DATASTORE provider,DATASTORE region,disease,disease_stage,Experiment,Instrument,isolate,Library Name,LibraryLayout,LibrarySelection,LibrarySource,Organism,Platform,Race,ReleaseDate,Sample Name,sex,SRA Study,tissue,create_date,version
SRR8378431,36,RNA-Seq,166,8116390886,"Johanna DiStefano\, 5fl\, 445 5th Street\, Phoenix\, AZ 85004",PRJNA512027,SAMN10659299,Human,5276461932,TRANSLATIONAL GENOMICS,public,"fastq,run.zq,sra","gs,ncbi,s3","gs.us-east1,ncbi.public,s3.us-east-1",NASH,NORMAL,SRX5188620,Illumina HiSeq 2500,NORMAL,L03246,PAIRED,cDNA,TRANSCRIPTOMIC,Homo sapiens,ILLUMINA,White,2018-12-28T00:00:00Z,DLDR_0004,female,SRP174668,Liver,2018-12-28T17:00:00Z,1
SRR8378432,46,RNA-Seq,166,11089713498,"Johanna DiStefano\, 5fl\, 445 5th Street\, Phoenix\, AZ 85004",PRJNA512027,SAMN10659298,Human,7551991701,TRANSLATIONAL GENOMICS,public,"fastq,run.zq,sra","gs,ncbi,s3","gs.us-east1,ncbi.public,s3.us-east-1",NASH,NORMAL,SRX5188619,Illumina HiSeq 2500,NORMAL,L03245,PAIRED,cDNA,TRANSCRIPTOMIC,Homo sapiens,ILLUMINA,White,2018-12-28T00:00:00Z,DLDR_0003,male,SRP174668,Liver,2018-12-28T16:55:00Z,1
SRR8378433,54,RNA-Seq,166,9712788484,"Johanna DiStefano\, 5fl\, 445 5th Street\, Phoenix\, AZ 85004",PRJNA512027,SAMN10659301,Human,6333968881,TRANSLATIONAL GENOMICS,public,"fastq,run.zq,sra","gs,ncbi,s3","gs.us-east1,ncbi.public,s3.us-east-1",NASH,NORMAL,SRX5188618,Illumina HiSeq 2500,NORMAL,L03248,PAIRED,cDNA,TRANSCRIPTOMIC,Homo sapiens,ILLUMINA,White,2018-12-28T00:00:00Z,DLDR_0006,female,SRP174668,Liver,2018-12-28T16:48:00Z,1
SRR8378434,54,RNA-Seq,166,11863398496,"Johanna DiStefano\, 5fl\, 445 5th Street\, Phoenix\, AZ 85004",PRJNA512027,SAMN10659300,Human,7761928098,TRANSLATIONAL GENOMICS,public,"fastq,run.zq,sra","gs,ncbi,s3","gs.us-east1,ncbi.public,s3.us-east-1",NASH,NORMAL,SRX5188617,Illumina HiSeq 2500,NORMAL,L03247,PAIRED,cDNA,TRANSCRIPTOMIC,Homo sapiens,ILLUMINA,White,2018-12-28T00:00:00Z,DLDR_0005,female,SRP174668,Liver,2018-12-28T17:06:00Z,1
SRR8378435,48,RNA-Seq,166,10605205812,"Johanna DiStefano\, 5fl\, 445 5th Street\, Phoenix\, AZ 85004",PRJNA512027,SAMN10659303,Human,7303855320,TRANSLATIONAL GENOMICS,public,"fastq,run.zq,sra","gs,ncbi,s3","gs.us-east1,ncbi.public,s3.us-east-1",NASH,NORMAL,SRX5188616,Illumina HiSeq 2500,NORMAL,L03250,PAIRED,cDNA,TRANSCRIPTOMIC,Homo sapiens,ILLUMINA,White,2018-12-28T00:00:00Z,DLDR_0008,female,SRP174668,Liver,2018-12-28T16:51:00Z,1
SRR8378436,46,RNA-Seq,166,12708621858,"Johanna DiStefano\, 5fl\, 445 5th Street\, Phoenix\, AZ 85004",PRJNA512027,SAMN10659302,Human,8812740442,TRANSLATIONAL GENOMICS,public,"fastq,run.zq,sra","gs,ncbi,s3","gs.us-east1,ncbi.public,s3.us-east-1",NASH,NORMAL,SRX5188615,Illumina HiSeq 2500,NORMAL,L03249,PAIRED,cDNA,TRANSCRIPTOMIC,Homo sapiens,ILLUMINA,White,2018-12-28T00:00:00Z,DLDR_0007,female,SRP174668,Liver,2018-12-28T16:55:00Z,1
SRR8378437,32,RNA-Seq,166,12866058914,"Johanna DiStefano\, 5fl\, 445 5th Street\, Phoenix\, AZ 85004",PRJNA512027,SAMN10659460,Human,8086022848,TRANSLATIONAL GENOMICS,public,"fastq,run.zq,sra","gs,ncbi,s3","gs.us-east1,ncbi.public,s3.us-east-1",NASH,Lob Inflam 2,SRX5188614,Illumina HiSeq 2500,Lob Inflam 2,S00125,PAIRED,cDNA,TRANSCRIPTOMIC,Homo sapiens,ILLUMINA,White,2018-12-28T00:00:00Z,DLDR_0165,female,SRP174668,Liver,2018-12-28T17:03:00Z,1
SRR8378438,41,RNA-Seq,166,10552443044,"Johanna DiStefano\, 5fl\, 445 5th Street\, Phoenix\, AZ 85004",PRJNA512027,SAMN10659461,Human,6508677570,TRANSLATIONAL GENOMICS,public,"fastq,run.zq,sra","gs,ncbi,s3","gs.us-east1,ncbi.public,s3.us-east-1",NASH,Lob Inflam 2,SRX5188613,Illumina HiSeq 2500,Lob Inflam 2,S00126,PAIRED,cDNA,TRANSCRIPTOMIC,Homo sapiens,ILLUMINA,White,2018-12-28T00:00:00Z,DLDR_0166,male,SRP174668,Liver,2018-12-28T16:57:00Z,1
SRR8378439,36,RNA-Seq,166,11380824212,"Johanna DiStefano\, 5fl\, 445 5th Street\, Phoenix\, AZ 85004",PRJNA512027,SAMN10659462,Human,7016011167,TRANSLATIONAL GENOMICS,public,"fastq,run.zq,sra","gs,ncbi,s3","gs.us-east1,ncbi.public,s3.us-east-1",NASH,Lob Inflam 2,SRX5188612,Illumina HiSeq 2500,Lob Inflam 2,S00127,PAIRED,cDNA,TRANSCRIPTOMIC,Homo sapiens,ILLUMINA,White,2018-12-28T00:00:00Z,DLDR_0167,female,SRP174668,Liver,2018-12-28T16:53:00Z,1
SRR8378440,62,RNA-Seq,166,8367661268,"Johanna DiStefano\, 5fl\, 445 5th Street\, Phoenix\, AZ 85004",PRJNA512027,SAMN10659463,Human,5189250565,TRANSLATIONAL GENOMICS,public,"fastq,run.zq,sra","gs,ncbi,s3","gs.us-east1,ncbi.public,s3.us-east-1",NASH,Lob Inflam 2,SRX5188611,Illumina HiSeq 2500,Lob Inflam 2,S00128,PAIRED,cDNA,TRANSCRIPTOMIC,Homo sapiens,ILLUMINA,White,2018-12-28T00:00:00Z,DLDR_0168,female,SRP174668,Liver,2018-12-28T16:48:00Z,1
SRR8378441,55,RNA-Seq,166,9141228074,"Johanna DiStefano\, 5fl\, 445 5th Street\, Phoenix\, AZ 85004",PRJNA512027,SAMN10659456,Human,5725290174,TRANSLATIONAL GENOMICS,public,"fastq,run.zq,sra","gs,ncbi,s3","gs.us-east1,ncbi.public,s3.us-east-1",NASH,Lob Inflam 1,SRX5188610,Illumina HiSeq 2500,Lob Inflam 1,S00121,PAIRED,cDNA,TRANSCRIPTOMIC,Homo sapiens,ILLUMINA,White,2018-12-28T00:00:00Z,DLDR_0161,female,SRP174668,Liver,2018-12-28T17:09:00Z,1
SRR8378442,50,RNA-Seq,166,9435436016,"Johanna DiStefano\, 5fl\, 445 5th Street\, Phoenix\, AZ 85004",PRJNA512027,SAMN10659457,Human,5917038903,TRANSLATIONAL GENOMICS,public,"fastq,run.zq,sra","gs,ncbi,s3","gs.us-east1,ncbi.public,s3.us-east-1",NASH,Lob Inflam 1,SRX5188609,Illumina HiSeq 2500,Lob Inflam 1,S00122,PAIRED,cDNA,TRANSCRIPTOMIC,Homo sapiens,ILLUMINA,White,2018-12-28T00:00:00Z,DLDR_0162,female,SRP174668,Liver,2018-12-28T16:53:00Z,1
SRR8378443,57,RNA-Seq,166,8919648286,"Johanna DiStefano\, 5fl\, 445 5th Street\, Phoenix\, AZ 85004",PRJNA512027,SAMN10659458,Human,5582078728,TRANSLATIONAL GENOMICS,public,"fastq,run.zq,sra","gs,ncbi,s3","gs.us-east1,ncbi.public,s3.us-east-1",NASH,Lob Inflam 1,SRX5188608,Illumina HiSeq 2500,Lob Inflam 1,S00123,PAIRED,cDNA,TRANSCRIPTOMIC,Homo sapiens,ILLUMINA,White,2018-12-28T00:00:00Z,DLDR_0163,female,SRP174668,Liver,2018-12-28T16:48:00Z,1
SRR8378444,68,RNA-Seq,166,11882687198,"Johanna DiStefano\, 5fl\, 445 5th Street\, Phoenix\, AZ 85004",PRJNA512027,SAMN10659459,Human,7467736182,TRANSLATIONAL GENOMICS,public,"fastq,run.zq,sra","gs,ncbi,s3","gs.us-east1,ncbi.public,s3.us-east-1",NASH,Lob Inflam 1,SRX5188607,Illumina HiSeq 2500,Lob Inflam 1,S00124,PAIRED,cDNA,TRANSCRIPTOMIC,Homo sapiens,ILLUMINA,White,2018-12-28T00:00:00Z,DLDR_0164,female,SRP174668,Liver,2018-12-28T17:03:00Z,1
SRR8378445,33,RNA-Seq,166,11786155542,"Johanna DiStefano\, 5fl\, 445 5th Street\, Phoenix\, AZ 85004",PRJNA512027,SAMN10659464,Human,7258506169,TRANSLATIONAL GENOMICS,public,"fastq,run.zq,sra","gs,ncbi,s3","gs.us-east1,ncbi.public,s3.us-east-1",NASH,Lob Inflam 2,SRX5188606,Illumina HiSeq 2500,Lob Inflam 2,S00129,PAIRED,cDNA,TRANSCRIPTOMIC,Homo sapiens,ILLUMINA,White,2018-12-28T00:00:00Z,DLDR_0169,female,SRP174668,Liver,2018-12-28T16:53:00Z,1
SRR8378446,46,RNA-Seq,166,9774904688,"Johanna DiStefano\, 5fl\, 445 5th Street\, Phoenix\, AZ 85004",PRJNA512027,SAMN10659465,Human,5994354939,TRANSLATIONAL GENOMICS,public,"fastq,run.zq,sra","gs,ncbi,s3","gs.us-east1,ncbi.public,s3.us-east-1",NASH,Lob Inflam 2,SRX5188605,Illumina HiSeq 2500,Lob Inflam 2,S00130,PAIRED,cDNA,TRANSCRIPTOMIC,Homo sapiens,ILLUMINA,White,2018-12-28T00:00:00Z,DLDR_0170,female,SRP174668,Liver,2018-12-28T16:49:00Z,1
SRR8378447,54,RNA-Seq,166,3297017798,"Johanna DiStefano\, 5fl\, 445 5th Street\, Phoenix\, AZ 85004",PRJNA512027,SAMN10659371,Human,1960831875,TRANSLATIONAL GENOMICS,public,"fastq,run.zq,sra","gs,ncbi,s3","gs.us-east1,ncbi.public,s3.us-east-1",NASH,Fibrosis 3/4,SRX5188604,Illumina HiSeq 2500,Fibrosis 3/4,S00005,PAIRED,cDNA,TRANSCRIPTOMIC,Homo sapiens,ILLUMINA,White,2018-12-28T00:00:00Z,DLDR_0076,female,SRP174668,Liver,2018-12-28T16:40:00Z,1
SRR8378448,41,RNA-Seq,166,7736154108,"Johanna DiStefano\, 5fl\, 445 5th Street\, Phoenix\, AZ 85004",PRJNA512027,SAMN10659370,Human,4971296253,TRANSLATIONAL GENOMICS,public,"fastq,run.zq,sra","gs,ncbi,s3","gs.us-east1,ncbi.public,s3.us-east-1",NASH,Fibrosis 3/4,SRX5188603,Illumina HiSeq 2500,Fibrosis 3/4,S00004,PAIRED,cDNA,TRANSCRIPTOMIC,Homo sapiens,ILLUMINA,White,2018-12-28T00:00:00Z,DLDR_0075,female,SRP174668,Liver,2018-12-28T16:50:00Z,1
SRR8378449,54,RNA-Seq,166,2582708178,"Johanna DiStefano\, 5fl\, 445 5th Street\, Phoenix\, AZ 85004",PRJNA512027,SAMN10659373,Human,1552663913,TRANSLATIONAL GENOMICS,public,"fastq,run.zq,sra","gs,ncbi,s3","gs.us-east1,ncbi.public,s3.us-east-1",NASH,Fibrosis 3/4,SRX5188602,Illumina HiSeq 2500,Fibrosis 3/4,S00007,PAIRED,cDNA,TRANSCRIPTOMIC,Homo sapiens,ILLUMINA,White,2018-12-28T00:00:00Z,DLDR_0078,female,SRP174668,Liver,2018-12-28T16:38:00Z,1
SRR8378450,60,RNA-Seq,166,5756860080,"Johanna DiStefano\, 5fl\, 445 5th Street\, Phoenix\, AZ 85004",PRJNA512027,SAMN10659372,Human,3440711278,TRANSLATIONAL GENOMICS,public,"fastq,run.zq,sra","gs,ncbi,s3","gs.us-east1,ncbi.public,s3.us-east-1",NASH,Fibrosis 3/4,SRX5188601,Illumina HiSeq 2500,Fibrosis 3/4,S00006,PAIRED,cDNA,TRANSCRIPTOMIC,Homo sapiens,ILLUMINA,White,2018-12-28T00:00:00Z,DLDR_0077,male,SRP174668,Liver,2018-12-28T16:42:00Z,1
SRR8378451,36,RNA-Seq,166,10256382044,"Johanna DiStefano\, 5fl\, 445 5th Street\, Phoenix\, AZ 85004",PRJNA512027,SAMN10659367,Human,7278710934,TRANSLATIONAL GENOMICS,public,"fastq,run.zq,sra","gs,ncbi,s3","gs.us-east1,ncbi.public,s3.us-east-1",NASH,NORMAL,SRX5188600,Illumina HiSeq 2500,NORMAL,L03760,PAIRED,cDNA,TRANSCRIPTOMIC,Homo sapiens,ILLUMINA,White,2018-12-28T00:00:00Z,DLDR_0072,female,SRP174668,Liver,2018-12-28T16:58:00Z,1
SRR8378452,47,RNA-Seq,166,12063135008,"Johanna DiStefano\, 5fl\, 445 5th Street\, Phoenix\, AZ 85004",PRJNA512027,SAMN10659366,Human,8583651721,TRANSLATIONAL GENOMICS,public,"fastq,run.zq,sra","gs,ncbi,s3","gs.us-east1,ncbi.public,s3.us-east-1",NASH,NORMAL,SRX5188599,Illumina HiSeq 2500,NORMAL,L03759,PAIRED,cDNA,TRANSCRIPTOMIC,Homo sapiens,ILLUMINA,White,2018-12-28T00:00:00Z,DLDR_0071,female,SRP174668,Liver,2018-12-28T16:54:00Z,1
SRR8378453,43,RNA-Seq,166,9820656612,"Johanna DiStefano\, 5fl\, 445 5th Street\, Phoenix\, AZ 85004",PRJNA512027,SAMN10659369,Human,6296524843,TRANSLATIONAL GENOMICS,public,"fastq,run.zq,sra","gs,ncbi,s3","gs.us-east1,ncbi.public,s3.us-east-1",NASH,Fibrosis 3/4,SRX5188598,Illumina HiSeq 2500,Fibrosis 3/4,S00003,PAIRED,cDNA,TRANSCRIPTOMIC,Homo sapiens,ILLUMINA,White,2018-12-28T00:00:00Z,DLDR_0074,female,SRP174668,Liver,2018-12-28T16:58:00Z,1
SRR8378454,61,RNA-Seq,166,5511689202,"Johanna DiStefano\, 5fl\, 445 5th Street\, Phoenix\, AZ 85004",PRJNA512027,SAMN10659368,Human,3519499572,TRANSLATIONAL GENOMICS,public,"fastq,run.zq,sra","gs,ncbi,s3","gs.us-east1,ncbi.public,s3.us-east-1",NASH,Fibrosis 3/4,SRX5188597,Illumina HiSeq 2500,Fibrosis 3/4,S00002,PAIRED,cDNA,TRANSCRIPTOMIC,Homo sapiens,ILLUMINA,White,2018-12-28T00:00:00Z,DLDR_0073,female,SRP174668,Liver,2018-12-28T16:43:00Z,1
SRR8378455,38,RNA-Seq,166,15045704650,"Johanna DiStefano\, 5fl\, 445 5th Street\, Phoenix\, AZ 85004",PRJNA512027,SAMN10659375,Human,9969230032,TRANSLATIONAL GENOMICS,public,"fastq,run.zq,sra","gs,ncbi,s3","gs.us-east1,ncbi.public,s3.us-east-1",NASH,Fibrosis 3/4,SRX5188596,Illumina HiSeq 2500,Fibrosis 3/4,S00009,PAIRED,cDNA,TRANSCRIPTOMIC,Homo sapiens,ILLUMINA,White,2018-12-28T00:00:00Z,DLDR_0080,female,SRP174668,Liver,2018-12-28T17:14:00Z,1
SRR8378456,50,RNA-Seq,166,9659879138,"Johanna DiStefano\, 5fl\, 445 5th Street\, Phoenix\, AZ 85004",PRJNA512027,SAMN10659374,Human,6371056513,TRANSLATIONAL GENOMICS,public,"fastq,run.zq,sra","gs,ncbi,s3","gs.us-east1,ncbi.public,s3.us-east-1",NASH,Fibrosis 3/4,SRX5188595,Illumina HiSeq 2500,Fibrosis 3/4,S00008,PAIRED,cDNA,TRANSCRIPTOMIC,Homo sapiens,ILLUMINA,White,2018-12-28T00:00:00Z,DLDR_0079,female,SRP174668,Liver,2018-12-28T16:54:00Z,1
SRR8378457,34,RNA-Seq,166,7938641738,"Johanna DiStefano\, 5fl\, 445 5th Street\, Phoenix\, AZ 85004",PRJNA512027,SAMN10659469,Human,4718962401,TRANSLATIONAL GENOMICS,public,"fastq,run.zq,sra","gs,ncbi,s3","gs.us-east1,ncbi.public,s3.us-east-1",NASH,Lob Inflam 2,SRX5188594,Illumina HiSeq 2500,Lob Inflam 2,S00134,PAIRED,cDNA,TRANSCRIPTOMIC,Homo sapiens,ILLUMINA,White,2018-12-28T00:00:00Z,DLDR_0174,female,SRP174668,Liver,2018-12-28T16:50:00Z,1
SRR8378458,50,RNA-Seq,166,8457015084,"Johanna DiStefano\, 5fl\, 445 5th Street\, Phoenix\, AZ 85004",PRJNA512027,SAMN10659468,Human,5005945947,TRANSLATIONAL GENOMICS,public,"fastq,run.zq,sra","gs,ncbi,s3","gs.us-east1,ncbi.public,s3.us-east-1",NASH,Lob Inflam 2,SRX5188593,Illumina HiSeq 2500,Lob Inflam 2,S00133,PAIRED,cDNA,TRANSCRIPTOMIC,Homo sapiens,ILLUMINA,White,2018-12-28T00:00:00Z,DLDR_0173,female,SRP174668,Liver,2018-12-28T16:49:00Z,1
SRR8378459,39,RNA-Seq,166,8417176080,"Johanna DiStefano\, 5fl\, 445 5th Street\, Phoenix\, AZ 85004",PRJNA512027,SAMN10659467,Human,5026150447,TRANSLATIONAL GENOMICS,public,"fastq,run.zq,sra","gs,ncbi,s3","gs.us-east1,ncbi.public,s3.us-east-1",NASH,Lob Inflam 2,SRX5188592,Illumina HiSeq 2500,Lob Inflam 2,S00132,PAIRED,cDNA,TRANSCRIPTOMIC,Homo sapiens,ILLUMINA,White,2018-12-28T00:00:00Z,DLDR_0172,male,SRP174668,Liver,2018-12-28T16:50:00Z,1
SRR8378460,33,RNA-Seq,166,8078948424,"Johanna DiStefano\, 5fl\, 445 5th Street\, Phoenix\, AZ 85004",PRJNA512027,SAMN10659466,Human,4941764293,TRANSLATIONAL GENOMICS,public,"fastq,run.zq,sra","gs,ncbi,s3","gs.us-east1,ncbi.public,s3.us-east-1",NASH,Lob Inflam 2,SRX5188591,Illumina HiSeq 2500,Lob Inflam 2,S00131,PAIRED,cDNA,TRANSCRIPTOMIC,Homo sapiens,ILLUMINA,White,2018-12-28T00:00:00Z,DLDR_0171,male,SRP174668,Liver,2018-12-28T16:52:00Z,1
SRR8378461,50,RNA-Seq,166,8182521136,"Johanna DiStefano\, 5fl\, 445 5th Street\, Phoenix\, AZ 85004",PRJNA512027,SAMN10659473,Human,4870807902,TRANSLATIONAL GENOMICS,public,"fastq,run.zq,sra","gs,ncbi,s3","gs.us-east1,ncbi.public,s3.us-east-1",NASH,STEATOSIS 2,SRX5188590,Illumina HiSeq 2500,STEATOSIS 2,S00138,PAIRED,cDNA,TRANSCRIPTOMIC,Homo sapiens,ILLUMINA,White,2018-12-28T00:00:00Z,DLDR_0178,female,SRP174668,Liver,2018-12-28T16:56:00Z,1
SRR8378462,51,RNA-Seq,166,4694698290,"Johanna DiStefano\, 5fl\, 445 5th Street\, Phoenix\, AZ 85004",PRJNA512027,SAMN10659472,Human,2720945031,TRANSLATIONAL GENOMICS,public,"fastq,run.zq,sra","gs,ncbi,s3","gs.us-east1,ncbi.public,s3.us-east-1",NASH,Lob Inflam 2,SRX5188589,Illumina HiSeq 2500,Lob Inflam 2,S00137,PAIRED,cDNA,TRANSCRIPTOMIC,Homo sapiens,ILLUMINA,White,2018-12-28T00:00:00Z,DLDR_0177,female,SRP174668,Liver,2018-12-28T16:45:00Z,1
SRR8378463,53,RNA-Seq,166,10819523100,"Johanna DiStefano\, 5fl\, 445 5th Street\, Phoenix\, AZ 85004",PRJNA512027,SAMN10659471,Human,6250004843,TRANSLATIONAL GENOMICS,public,"fastq,run.zq,sra","gs,ncbi,s3","gs.us-east1,ncbi.public,s3.us-east-1",NASH,Lob Inflam 2,SRX5188588,Illumina HiSeq 2500,Lob Inflam 2,S00136,PAIRED,cDNA,TRANSCRIPTOMIC,Homo sapiens,ILLUMINA,White,2018-12-28T00:00:00Z,DLDR_0176,female,SRP174668,Liver,2018-12-28T16:54:00Z,1
SRR8378464,35,RNA-Seq,166,5308791054,"Johanna DiStefano\, 5fl\, 445 5th Street\, Phoenix\, AZ 85004",PRJNA512027,SAMN10659470,Human,3092486168,TRANSLATIONAL GENOMICS,public,"fastq,run.zq,sra","gs,ncbi,s3","gs.us-east1,ncbi.public,s3.us-east-1",NASH,Lob Inflam 2,SRX5188587,Illumina HiSeq 2500,Lob Inflam 2,S00135,PAIRED,cDNA,TRANSCRIPTOMIC,Homo sapiens,ILLUMINA,White,2018-12-28T00:00:00Z,DLDR_0175,male,SRP174668,Liver,2018-12-28T16:42:00Z,1
SRR8378465,37,RNA-Seq,166,8323056902,"Johanna DiStefano\, 5fl\, 445 5th Street\, Phoenix\, AZ 85004",PRJNA512027,SAMN10659475,Human,4944504870,TRANSLATIONAL GENOMICS,public,"fastq,run.zq,sra","gs,ncbi,s3","gs.us-east1,ncbi.public,s3.us-east-1",NASH,STEATOSIS 2,SRX5188586,Illumina HiSeq 2500,STEATOSIS 2,S00140,PAIRED,cDNA,TRANSCRIPTOMIC,Homo sapiens,ILLUMINA,White,2018-12-28T00:00:00Z,DLDR_0180,female,SRP174668,Liver,2018-12-28T16:46:00Z,1
SRR8378466,42,RNA-Seq,166,7721944674,"Johanna DiStefano\, 5fl\, 445 5th Street\, Phoenix\, AZ 85004",PRJNA512027,SAMN10659474,Human,4594973681,TRANSLATIONAL GENOMICS,public,"fastq,run.zq,sra","gs,ncbi,s3","gs.us-east1,ncbi.public,s3.us-east-1",NASH,STEATOSIS 2,SRX5188585,Illumina HiSeq 2500,STEATOSIS 2,S00139,PAIRED,cDNA,TRANSCRIPTOMIC,Homo sapiens,ILLUMINA,White,2018-12-28T00:00:00Z,DLDR_0179,female,SRP174668,Liver,2018-12-28T16:46:00Z,1
SRR8378467,27,RNA-Seq,166,12676005846,"Johanna DiStefano\, 5fl\, 445 5th Street\, Phoenix\, AZ 85004",PRJNA512027,SAMN10659362,Human,8932730062,TRANSLATIONAL GENOMICS,public,"fastq,run.zq,sra","gs,ncbi,s3","gs.us-east1,ncbi.public,s3.us-east-1",NASH,NORMAL,SRX5188584,Illumina HiSeq 2500,NORMAL,L03755,PAIRED,cDNA,TRANSCRIPTOMIC,Homo sapiens,ILLUMINA,White,2018-12-28T00:00:00Z,DLDR_0067,female,SRP174668,Liver,2018-12-28T17:04:00Z,1
SRR8378468,48,RNA-Seq,166,11178805698,"Johanna DiStefano\, 5fl\, 445 5th Street\, Phoenix\, AZ 85004",PRJNA512027,SAMN10659363,Human,7868866655,TRANSLATIONAL GENOMICS,public,"fastq,run.zq,sra","gs,ncbi,s3","gs.us-east1,ncbi.public,s3.us-east-1",NASH,NORMAL,SRX5188583,Illumina HiSeq 2500,NORMAL,L03756,PAIRED,cDNA,TRANSCRIPTOMIC,Homo sapiens,ILLUMINA,White,2018-12-28T00:00:00Z,DLDR_0068,female,SRP174668,Liver,2018-12-28T16:50:00Z,1
SRR8378469,55,RNA-Seq,166,9893560326,"Johanna DiStefano\, 5fl\, 445 5th Street\, Phoenix\, AZ 85004",PRJNA512027,SAMN10659360,Human,7102068336,TRANSLATIONAL GENOMICS,public,"fastq,run.zq,sra","gs,ncbi,s3","gs.us-east1,ncbi.public,s3.us-east-1",NASH,NORMAL,SRX5188582,Illumina HiSeq 2500,NORMAL,L03753,PAIRED,cDNA,TRANSCRIPTOMIC,Homo sapiens,ILLUMINA,White,2018-12-28T00:00:00Z,DLDR_0065,female,SRP174668,Liver,2018-12-28T16:57:00Z,1
SRR8378470,48,RNA-Seq,166,12320351178,"Johanna DiStefano\, 5fl\, 445 5th Street\, Phoenix\, AZ 85004",PRJNA512027,SAMN10659361,Human,8812806156,TRANSLATIONAL GENOMICS,public,"fastq,run.zq,sra","gs,ncbi,s3","gs.us-east1,ncbi.public,s3.us-east-1",NASH,NORMAL,SRX5188581,Illumina HiSeq 2500,NORMAL,L03754,PAIRED,cDNA,TRANSCRIPTOMIC,Homo sapiens,ILLUMINA,White,2018-12-28T00:00:00Z,DLDR_0066,female,SRP174668,Liver,2018-12-28T17:26:00Z,1
SRR8378471,39,RNA-Seq,166,11667841034,"Johanna DiStefano\, 5fl\, 445 5th Street\, Phoenix\, AZ 85004",PRJNA512027,SAMN10659358,Human,8238082600,TRANSLATIONAL GENOMICS,public,"fastq,run.zq,sra","gs,ncbi,s3","gs.us-east1,ncbi.public,s3.us-east-1",NASH,NORMAL,SRX5188580,Illumina HiSeq 2500,NORMAL,L03751,PAIRED,cDNA,TRANSCRIPTOMIC,Homo sapiens,ILLUMINA,White,2018-12-28T00:00:00Z,DLDR_0063,female,SRP174668,Liver,2018-12-28T16:52:00Z,1
SRR8378472,35,RNA-Seq,166,12025549122,"Johanna DiStefano\, 5fl\, 445 5th Street\, Phoenix\, AZ 85004",PRJNA512027,SAMN10659359,Human,8618997034,TRANSLATIONAL GENOMICS,public,"fastq,run.zq,sra","gs,ncbi,s3","gs.us-east1,ncbi.public,s3.us-east-1",NASH,NORMAL,SRX5188579,Illumina HiSeq 2500,NORMAL,L03752,PAIRED,cDNA,TRANSCRIPTOMIC,Homo sapiens,ILLUMINA,White,2018-12-28T00:00:00Z,DLDR_0064,female,SRP174668,Liver,2018-12-28T17:07:00Z,1
SRR8378473,67,RNA-Seq,166,12534388424,"Johanna DiStefano\, 5fl\, 445 5th Street\, Phoenix\, AZ 85004",PRJNA512027,SAMN10659356,Human,8892475686,TRANSLATIONAL GENOMICS,public,"fastq,run.zq,sra","gs,ncbi,s3","gs.us-east1,ncbi.public,s3.us-east-1",NASH,NORMAL,SRX5188578,Illumina HiSeq 2500,NORMAL,L03749,PAIRED,cDNA,TRANSCRIPTOMIC,Homo sapiens,ILLUMINA,White,2018-12-28T00:00:00Z,DLDR_0061,male,SRP174668,Liver,2018-12-28T17:03:00Z,1
SRR8378474,40,RNA-Seq,166,11039447702,"Johanna DiStefano\, 5fl\, 445 5th Street\, Phoenix\, AZ 85004",PRJNA512027,SAMN10659357,Human,7795065625,TRANSLATIONAL GENOMICS,public,"fastq,run.zq,sra","gs,ncbi,s3","gs.us-east1,ncbi.public,s3.us-east-1",NASH,NORMAL,SRX5188577,Illumina HiSeq 2500,NORMAL,L03750,PAIRED,cDNA,TRANSCRIPTOMIC,Homo sapiens,ILLUMINA,White,2018-12-28T00:00:00Z,DLDR_0062,female,SRP174668,Liver,2018-12-28T17:06:00Z,1
SRR8378475,48,RNA-Seq,166,10721515870,"Johanna DiStefano\, 5fl\, 445 5th Street\, Phoenix\, AZ 85004",PRJNA512027,SAMN10659364,Human,7529341985,TRANSLATIONAL GENOMICS,public,"fastq,run.zq,sra","gs,ncbi,s3","gs.us-east1,ncbi.public,s3.us-east-1",NASH,NORMAL,SRX5188576,Illumina HiSeq 2500,NORMAL,L03757,PAIRED,cDNA,TRANSCRIPTOMIC,Homo sapiens,ILLUMINA,White,2018-12-28T00:00:00Z,DLDR_0069,female,SRP174668,Liver,2018-12-28T16:54:00Z,1
SRR8378476,32,RNA-Seq,166,12124515832,"Johanna DiStefano\, 5fl\, 445 5th Street\, Phoenix\, AZ 85004",PRJNA512027,SAMN10659365,Human,8607134289,TRANSLATIONAL GENOMICS,public,"fastq,run.zq,sra","gs,ncbi,s3","gs.us-east1,ncbi.public,s3.us-east-1",NASH,NORMAL,SRX5188575,Illumina HiSeq 2500,NORMAL,L03758,PAIRED,cDNA,TRANSCRIPTOMIC,Homo sapiens,ILLUMINA,White,2018-12-28T00:00:00Z,DLDR_0070,female,SRP174668,Liver,2018-12-28T16:53:00Z,1
SRR8378477,45,RNA-Seq,166,10430895188,"Johanna DiStefano\, 5fl\, 445 5th Street\, Phoenix\, AZ 85004",PRJNA512027,SAMN10659444,Human,6308120898,TRANSLATIONAL GENOMICS,public,"fastq,run.zq,sra","gs,ncbi,s3","gs.us-east1,ncbi.public,s3.us-east-1",NASH,Lob Inflam 1,SRX5188574,Illumina HiSeq 2500,Lob Inflam 1,S00101,PAIRED,cDNA,TRANSCRIPTOMIC,Homo sapiens,ILLUMINA,White,2018-12-28T00:00:00Z,DLDR_0149,male,SRP174668,Liver,2018-12-28T17:01:00Z,1
SRR8378478,34,RNA-Seq,166,10584478886,"Johanna DiStefano\, 5fl\, 445 5th Street\, Phoenix\, AZ 85004",PRJNA512027,SAMN10659445,Human,6387023058,TRANSLATIONAL GENOMICS,public,"fastq,run.zq,sra","gs,ncbi,s3","gs.us-east1,ncbi.public,s3.us-east-1",NASH,Lob Inflam 1,SRX5188573,Illumina HiSeq 2500,Lob Inflam 1,S00102,PAIRED,cDNA,TRANSCRIPTOMIC,Homo sapiens,ILLUMINA,White,2018-12-28T00:00:00Z,DLDR_0150,female,SRP174668,Liver,2018-12-28T16:55:00Z,1
SRR8378479,54,RNA-Seq,166,10732394348,"Johanna DiStefano\, 5fl\, 445 5th Street\, Phoenix\, AZ 85004",PRJNA512027,SAMN10659442,Human,6322652272,TRANSLATIONAL GENOMICS,public,"fastq,run.zq,sra","gs,ncbi,s3","gs.us-east1,ncbi.public,s3.us-east-1",NASH,Lob Inflam 1,SRX5188572,Illumina HiSeq 2500,Lob Inflam 1,S00099,PAIRED,cDNA,TRANSCRIPTOMIC,Homo sapiens,ILLUMINA,White,2018-12-28T00:00:00Z,DLDR_0147,female,SRP174668,Liver,2018-12-28T17:00:00Z,1
SRR8378480,23,RNA-Seq,166,5690417086,"Johanna DiStefano\, 5fl\, 445 5th Street\, Phoenix\, AZ 85004",PRJNA512027,SAMN10659443,Human,3438293451,TRANSLATIONAL GENOMICS,public,"fastq,run.zq,sra","gs,ncbi,s3","gs.us-east1,ncbi.public,s3.us-east-1",NASH,Lob Inflam 1,SRX5188571,Illumina HiSeq 2500,Lob Inflam 1,S00100,PAIRED,cDNA,TRANSCRIPTOMIC,Homo sapiens,ILLUMINA,White,2018-12-28T00:00:00Z,DLDR_0148,female,SRP174668,Liver,2018-12-28T16:44:00Z,1
SRR8378481,31,RNA-Seq,166,6144243656,"Johanna DiStefano\, 5fl\, 445 5th Street\, Phoenix\, AZ 85004",PRJNA512027,SAMN10659440,Human,3624202208,TRANSLATIONAL GENOMICS,public,"fastq,run.zq,sra","gs,ncbi,s3","gs.us-east1,ncbi.public,s3.us-east-1",NASH,Lob Inflam 1,SRX5188570,Illumina HiSeq 2500,Lob Inflam 1,S00097,PAIRED,cDNA,TRANSCRIPTOMIC,Homo sapiens,ILLUMINA,White,2018-12-28T00:00:00Z,DLDR_0145,female,SRP174668,Liver,2018-12-28T16:45:00Z,1
SRR8378482,37,RNA-Seq,166,7104529752,"Johanna DiStefano\, 5fl\, 445 5th Street\, Phoenix\, AZ 85004",PRJNA512027,SAMN10659441,Human,4193234999,TRANSLATIONAL GENOMICS,public,"fastq,run.zq,sra","gs,ncbi,s3","gs.us-east1,ncbi.public,s3.us-east-1",NASH,Lob Inflam 1,SRX5188569,Illumina HiSeq 2500,Lob Inflam 1,S00098,PAIRED,cDNA,TRANSCRIPTOMIC,Homo sapiens,ILLUMINA,White,2018-12-28T00:00:00Z,DLDR_0146,male,SRP174668,Liver,2018-12-28T16:49:00Z,1
SRR8378483,35,RNA-Seq,166,7156981768,"Johanna DiStefano\, 5fl\, 445 5th Street\, Phoenix\, AZ 85004",PRJNA512027,SAMN10659438,Human,4277583695,TRANSLATIONAL GENOMICS,public,"fastq,run.zq,sra","gs,ncbi,s3","gs.us-east1,ncbi.public,s3.us-east-1",NASH,Lob Inflam 1,SRX5188568,Illumina HiSeq 2500,Lob Inflam 1,S00095,PAIRED,cDNA,TRANSCRIPTOMIC,Homo sapiens,ILLUMINA,White,2018-12-28T00:00:00Z,DLDR_0143,female,SRP174668,Liver,2018-12-28T16:48:00Z,1
SRR8378484,34,RNA-Seq,166,9145183024,"Johanna DiStefano\, 5fl\, 445 5th Street\, Phoenix\, AZ 85004",PRJNA512027,SAMN10659439,Human,5455722344,TRANSLATIONAL GENOMICS,public,"fastq,run.zq,sra","gs,ncbi,s3","gs.us-east1,ncbi.public,s3.us-east-1",NASH,Lob Inflam 1,SRX5188567,Illumina HiSeq 2500,Lob Inflam 1,S00096,PAIRED,cDNA,TRANSCRIPTOMIC,Homo sapiens,ILLUMINA,White,2018-12-28T00:00:00Z,DLDR_0144,male,SRP174668,Liver,2018-12-28T17:00:00Z,1
SRR8378485,47,RNA-Seq,166,6180250882,"Johanna DiStefano\, 5fl\, 445 5th Street\, Phoenix\, AZ 85004",PRJNA512027,SAMN10659436,Human,3477321233,TRANSLATIONAL GENOMICS,public,"fastq,run.zq,sra","gs,ncbi,s3","gs.us-east1,ncbi.public,s3.us-east-1",NASH,Lob Inflam 1,SRX5188566,Illumina HiSeq 2500,Lob Inflam 1,S00093,PAIRED,cDNA,TRANSCRIPTOMIC,Homo sapiens,ILLUMINA,White,2018-12-28T00:00:00Z,DLDR_0141,female,SRP174668,Liver,2018-12-28T16:43:00Z,1
SRR8378486,38,RNA-Seq,166,8891720280,"Johanna DiStefano\, 5fl\, 445 5th Street\, Phoenix\, AZ 85004",PRJNA512027,SAMN10659437,Human,5291713704,TRANSLATIONAL GENOMICS,public,"fastq,run.zq,sra","gs,ncbi,s3","gs.us-east1,ncbi.public,s3.us-east-1",NASH,Lob Inflam 1,SRX5188565,Illumina HiSeq 2500,Lob Inflam 1,S00094,PAIRED,cDNA,TRANSCRIPTOMIC,Homo sapiens,ILLUMINA,White,2018-12-28T00:00:00Z,DLDR_0142,female,SRP174668,Liver,2018-12-28T16:51:00Z,1
SRR8378487,60,RNA-Seq,166,10964724462,"Johanna DiStefano\, 5fl\, 445 5th Street\, Phoenix\, AZ 85004",PRJNA512027,SAMN10659309,Human,7626975520,TRANSLATIONAL GENOMICS,public,"fastq,run.zq,sra","gs,ncbi,s3","gs.us-east1,ncbi.public,s3.us-east-1",NASH,STEATOSIS 3,SRX5188564,Illumina HiSeq 2500,STEATOSIS 3,L03256,PAIRED,cDNA,TRANSCRIPTOMIC,Homo sapiens,ILLUMINA,White,2018-12-28T00:00:00Z,DLDR_0014,female,SRP174668,Liver,2018-12-28T16:50:00Z,1
SRR8378488,30,RNA-Seq,166,12141924584,"Johanna DiStefano\, 5fl\, 445 5th Street\, Phoenix\, AZ 85004",PRJNA512027,SAMN10659308,Human,8483411746,TRANSLATIONAL GENOMICS,public,"fastq,run.zq,sra","gs,ncbi,s3","gs.us-east1,ncbi.public,s3.us-east-1",NASH,STEATOSIS 2,SRX5188563,Illumina HiSeq 2500,STEATOSIS 2,L03255,PAIRED,cDNA,TRANSCRIPTOMIC,Homo sapiens,ILLUMINA,White,2018-12-28T00:00:00Z,DLDR_0013,male,SRP174668,Liver,2018-12-28T16:53:00Z,1
SRR8378489,44,RNA-Seq,166,9927807454,"Johanna DiStefano\, 5fl\, 445 5th Street\, Phoenix\, AZ 85004",PRJNA512027,SAMN10659307,Human,6528949491,TRANSLATIONAL GENOMICS,public,"fastq,run.zq,sra","gs,ncbi,s3","gs.us-east1,ncbi.public,s3.us-east-1",NASH,NORMAL,SRX5188562,Illumina HiSeq 2500,NORMAL,L03254,PAIRED,cDNA,TRANSCRIPTOMIC,Homo sapiens,ILLUMINA,White,2018-12-28T00:00:00Z,DLDR_0012,female,SRP174668,Liver,2018-12-28T16:54:00Z,1
SRR8378490,53,RNA-Seq,166,10802790466,"Johanna DiStefano\, 5fl\, 445 5th Street\, Phoenix\, AZ 85004",PRJNA512027,SAMN10659306,Human,7139675316,TRANSLATIONAL GENOMICS,public,"fastq,run.zq,sra","gs,ncbi,s3","gs.us-east1,ncbi.public,s3.us-east-1",NASH,NORMAL,SRX5188561,Illumina HiSeq 2500,NORMAL,L03253,PAIRED,cDNA,TRANSCRIPTOMIC,Homo sapiens,ILLUMINA,White,2018-12-28T00:00:00Z,DLDR_0011,female,SRP174668,Liver,2018-12-28T17:01:00Z,1
SRR8378491,46,RNA-Seq,166,10583486206,"Johanna DiStefano\, 5fl\, 445 5th Street\, Phoenix\, AZ 85004",PRJNA512027,SAMN10659313,Human,7254812764,TRANSLATIONAL GENOMICS,public,"fastq,run.zq,sra","gs,ncbi,s3","gs.us-east1,ncbi.public,s3.us-east-1",NASH,STEATOSIS 2,SRX5188560,Illumina HiSeq 2500,STEATOSIS 2,L03260,PAIRED,cDNA,TRANSCRIPTOMIC,Homo sapiens,ILLUMINA,White,2018-12-28T00:00:00Z,DLDR_0018,male,SRP174668,Liver,2018-12-28T17:00:00Z,1
SRR8378492,34,RNA-Seq,166,10431789098,"Johanna DiStefano\, 5fl\, 445 5th Street\, Phoenix\, AZ 85004",PRJNA512027,SAMN10659312,Human,7135691473,TRANSLATIONAL GENOMICS,public,"fastq,run.zq,sra","gs,ncbi,s3","gs.us-east1,ncbi.public,s3.us-east-1",NASH,STEATOSIS 2,SRX5188559,Illumina HiSeq 2500,STEATOSIS 2,L03259,PAIRED,cDNA,TRANSCRIPTOMIC,Homo sapiens,ILLUMINA,White,2018-12-28T00:00:00Z,DLDR_0017,female,SRP174668,Liver,2018-12-28T17:00:00Z,1
SRR8378493,40,RNA-Seq,166,12692125110,"Johanna DiStefano\, 5fl\, 445 5th Street\, Phoenix\, AZ 85004",PRJNA512027,SAMN10659311,Human,8683431840,TRANSLATIONAL GENOMICS,public,"fastq,run.zq,sra","gs,ncbi,s3","gs.us-east1,ncbi.public,s3.us-east-1",NASH,STEATOSIS 2,SRX5188558,Illumina HiSeq 2500,STEATOSIS 2,L03258,PAIRED,cDNA,TRANSCRIPTOMIC,Homo sapiens,ILLUMINA,White,2018-12-28T00:00:00Z,DLDR_0016,female,SRP174668,Liver,2018-12-28T17:21:00Z,1
SRR8378494,56,RNA-Seq,166,11394233360,"Johanna DiStefano\, 5fl\, 445 5th Street\, Phoenix\, AZ 85004",PRJNA512027,SAMN10659310,Human,7901081653,TRANSLATIONAL GENOMICS,public,"fastq,run.zq,sra","gs,ncbi,s3","gs.us-east1,ncbi.public,s3.us-east-1",NASH,STEATOSIS 2,SRX5188557,Illumina HiSeq 2500,STEATOSIS 2,L03257,PAIRED,cDNA,TRANSCRIPTOMIC,Homo sapiens,ILLUMINA,White,2018-12-28T00:00:00Z,DLDR_0015,female,SRP174668,Liver,2018-12-28T16:57:00Z,1
SRR8378495,33,RNA-Seq,166,1894391668,"Johanna DiStefano\, 5fl\, 445 5th Street\, Phoenix\, AZ 85004",PRJNA512027,SAMN10659433,Human,1211599162,TRANSLATIONAL GENOMICS,public,"fastq,run.zq,sra","gs,ncbi,s3","gs.us-east1,ncbi.public,s3.us-east-1",NASH,Lob Inflam 1,SRX5188556,Illumina HiSeq 2500,Lob Inflam 1,S00090,PAIRED,cDNA,TRANSCRIPTOMIC,Homo sapiens,ILLUMINA,White,2018-12-28T00:00:00Z,DLDR_0138,female,SRP174668,Liver,2018-12-28T16:36:00Z,1
SRR8378496,65,RNA-Seq,166,5309288058,"Johanna DiStefano\, 5fl\, 445 5th Street\, Phoenix\, AZ 85004",PRJNA512027,SAMN10659432,Human,3398377069,TRANSLATIONAL GENOMICS,public,"fastq,run.zq,sra","gs,ncbi,s3","gs.us-east1,ncbi.public,s3.us-east-1",NASH,Lob Inflam 1,SRX5188555,Illumina HiSeq 2500,Lob Inflam 1,S00089,PAIRED,cDNA,TRANSCRIPTOMIC,Homo sapiens,ILLUMINA,White,2018-12-28T00:00:00Z,DLDR_0137,female,SRP174668,Liver,2018-12-28T16:44:00Z,1
SRR8378497,27,RNA-Seq,166,24612016228,"Johanna DiStefano\, 5fl\, 445 5th Street\, Phoenix\, AZ 85004",PRJNA512027,SAMN10659431,Human,15700742560,TRANSLATIONAL GENOMICS,public,"fastq,run.zq,sra","gs,ncbi,s3","gs.us-east1,ncbi.public,s3.us-east-1",NASH,Lob Inflam 1,SRX5188554,Illumina HiSeq 2500,Lob Inflam 1,S00088,PAIRED,cDNA,TRANSCRIPTOMIC,Homo sapiens,ILLUMINA,White,2018-12-28T00:00:00Z,DLDR_0136,female,SRP174668,Liver,2018-12-28T17:44:00Z,1
SRR8378498,39,RNA-Seq,166,7117400728,"Johanna DiStefano\, 5fl\, 445 5th Street\, Phoenix\, AZ 85004",PRJNA512027,SAMN10659430,Human,4490629275,TRANSLATIONAL GENOMICS,public,"fastq,run.zq,sra","gs,ncbi,s3","gs.us-east1,ncbi.public,s3.us-east-1",NASH,Lob Inflam 1,SRX5188553,Illumina HiSeq 2500,Lob Inflam 1,S00087,PAIRED,cDNA,TRANSCRIPTOMIC,Homo sapiens,ILLUMINA,White,2018-12-28T00:00:00Z,DLDR_0135,female,SRP174668,Liver,2018-12-28T16:45:00Z,1
SRR8378499,50,RNA-Seq,166,10820437262,"Johanna DiStefano\, 5fl\, 445 5th Street\, Phoenix\, AZ 85004",PRJNA512027,SAMN10659429,Human,6834745678,TRANSLATIONAL GENOMICS,public,"fastq,run.zq,sra","gs,ncbi,s3","gs.us-east1,ncbi.public,s3.us-east-1",NASH,Lob Inflam 1,SRX5188552,Illumina HiSeq 2500,Lob Inflam 1,S00086,PAIRED,cDNA,TRANSCRIPTOMIC,Homo sapiens,ILLUMINA,White,2018-12-28T00:00:00Z,DLDR_0134,female,SRP174668,Liver,2018-12-28T16:54:00Z,1
SRR8378500,45,RNA-Seq,166,12910472214,"Johanna DiStefano\, 5fl\, 445 5th Street\, Phoenix\, AZ 85004",PRJNA512027,SAMN10659428,Human,8235965689,TRANSLATIONAL GENOMICS,public,"fastq,run.zq,sra","gs,ncbi,s3","gs.us-east1,ncbi.public,s3.us-east-1",NASH,Lob Inflam 1,SRX5188551,Illumina HiSeq 2500,Lob Inflam 1,S00085,PAIRED,cDNA,TRANSCRIPTOMIC,Homo sapiens,ILLUMINA,White,2018-12-28T00:00:00Z,DLDR_0133,female,SRP174668,Liver,2018-12-28T17:00:00Z,1
SRR8378501,32,RNA-Seq,166,5131133538,"Johanna DiStefano\, 5fl\, 445 5th Street\, Phoenix\, AZ 85004",PRJNA512027,SAMN10659427,Human,3035575225,TRANSLATIONAL GENOMICS,public,"fastq,run.zq,sra","gs,ncbi,s3","gs.us-east1,ncbi.public,s3.us-east-1",NASH,Lob Inflam 1,SRX5188550,Illumina HiSeq 2500,Lob Inflam 1,S00076,PAIRED,cDNA,TRANSCRIPTOMIC,Homo sapiens,ILLUMINA,White,2018-12-28T00:00:00Z,DLDR_0132,female,SRP174668,Liver,2018-12-28T16:43:00Z,1
SRR8378502,39,RNA-Seq,166,7525153002,"Johanna DiStefano\, 5fl\, 445 5th Street\, Phoenix\, AZ 85004",PRJNA512027,SAMN10659426,Human,4501988888,TRANSLATIONAL GENOMICS,public,"fastq,run.zq,sra","gs,ncbi,s3","gs.us-east1,ncbi.public,s3.us-east-1",NASH,Lob Inflam 1,SRX5188549,Illumina HiSeq 2500,Lob Inflam 1,S00075,PAIRED,cDNA,TRANSCRIPTOMIC,Homo sapiens,ILLUMINA,White,2018-12-28T00:00:00Z,DLDR_0131,female,SRP174668,Liver,2018-12-28T16:49:00Z,1
SRR8378503,28,RNA-Seq,166,6080262442,"Johanna DiStefano\, 5fl\, 445 5th Street\, Phoenix\, AZ 85004",PRJNA512027,SAMN10659435,Human,3437469741,TRANSLATIONAL GENOMICS,public,"fastq,run.zq,sra","gs,ncbi,s3","gs.us-east1,ncbi.public,s3.us-east-1",NASH,Lob Inflam 1,SRX5188548,Illumina HiSeq 2500,Lob Inflam 1,S00092,PAIRED,cDNA,TRANSCRIPTOMIC,Homo sapiens,ILLUMINA,White,2018-12-28T00:00:00Z,DLDR_0140,female,SRP174668,Liver,2018-12-28T16:45:00Z,1
SRR8378504,33,RNA-Seq,166,7192918942,"Johanna DiStefano\, 5fl\, 445 5th Street\, Phoenix\, AZ 85004",PRJNA512027,SAMN10659434,Human,4079560041,TRANSLATIONAL GENOMICS,public,"fastq,run.zq,sra","gs,ncbi,s3","gs.us-east1,ncbi.public,s3.us-east-1",NASH,Lob Inflam 1,SRX5188547,Illumina HiSeq 2500,Lob Inflam 1,S00091,PAIRED,cDNA,TRANSCRIPTOMIC,Homo sapiens,ILLUMINA,White,2018-12-28T00:00:00Z,DLDR_0139,female,SRP174668,Liver,2018-12-28T16:48:00Z,1
SRR8378505,47,RNA-Seq,166,7610937486,"Johanna DiStefano\, 5fl\, 445 5th Street\, Phoenix\, AZ 85004",PRJNA512027,SAMN10659380,Human,4886953645,TRANSLATIONAL GENOMICS,public,"fastq,run.zq,sra","gs,ncbi,s3","gs.us-east1,ncbi.public,s3.us-east-1",NASH,Fibrosis 3/4,SRX5188546,Illumina HiSeq 2500,Fibrosis 3/4,S00014,PAIRED,cDNA,TRANSCRIPTOMIC,Homo sapiens,ILLUMINA,White,2018-12-28T00:00:00Z,DLDR_0085,female,SRP174668,Liver,2018-12-28T16:46:00Z,1
SRR8378506,58,RNA-Seq,166,6052410796,"Johanna DiStefano\, 5fl\, 445 5th Street\, Phoenix\, AZ 85004",PRJNA512027,SAMN10659381,Human,3899597108,TRANSLATIONAL GENOMICS,public,"fastq,run.zq,sra","gs,ncbi,s3","gs.us-east1,ncbi.public,s3.us-east-1",NASH,Fibrosis 3/4,SRX5188545,Illumina HiSeq 2500,Fibrosis 3/4,S00015,PAIRED,cDNA,TRANSCRIPTOMIC,Homo sapiens,ILLUMINA,White,2018-12-28T00:00:00Z,DLDR_0086,female,SRP174668,Liver,2018-12-28T16:53:00Z,1
SRR8378507,47,RNA-Seq,166,14939359738,"Johanna DiStefano\, 5fl\, 445 5th Street\, Phoenix\, AZ 85004",PRJNA512027,SAMN10659382,Human,9617358945,TRANSLATIONAL GENOMICS,public,"fastq,run.zq,sra","gs,ncbi,s3","gs.us-east1,ncbi.public,s3.us-east-1",NASH,Fibrosis 3/4,SRX5188544,Illumina HiSeq 2500,Fibrosis 3/4,S00016,PAIRED,cDNA,TRANSCRIPTOMIC,Homo sapiens,ILLUMINA,White,2018-12-28T00:00:00Z,DLDR_0087,female,SRP174668,Liver,2018-12-28T16:58:00Z,1
SRR8378508,67,RNA-Seq,166,13341082522,"Johanna DiStefano\, 5fl\, 445 5th Street\, Phoenix\, AZ 85004",PRJNA512027,SAMN10659383,Human,8808247186,TRANSLATIONAL GENOMICS,public,"fastq,run.zq,sra","gs,ncbi,s3","gs.us-east1,ncbi.public,s3.us-east-1",NASH,Fibrosis 4,SRX5188543,Illumina HiSeq 2500,Fibrosis 4,S00024,PAIRED,cDNA,TRANSCRIPTOMIC,Homo sapiens,ILLUMINA,White,2018-12-28T00:00:00Z,DLDR_0088,female,SRP174668,Liver,2018-12-28T17:13:00Z,1
SRR8378509,30,RNA-Seq,166,1406615110,"Johanna DiStefano\, 5fl\, 445 5th Street\, Phoenix\, AZ 85004",PRJNA512027,SAMN10659376,Human,933987035,TRANSLATIONAL GENOMICS,public,"fastq,run.zq,sra","gs,ncbi,s3","gs.us-east1,ncbi.public,s3.us-east-1",NASH,Fibrosis 3/4,SRX5188542,Illumina HiSeq 2500,Fibrosis 3/4,S00010,PAIRED,cDNA,TRANSCRIPTOMIC,Homo sapiens,ILLUMINA,White,2018-12-28T00:00:00Z,DLDR_0081,female,SRP174668,Liver,2018-12-28T16:36:00Z,1
SRR8378510,49,RNA-Seq,166,5770645218,"Johanna DiStefano\, 5fl\, 445 5th Street\, Phoenix\, AZ 85004",PRJNA512027,SAMN10659377,Human,3539564221,TRANSLATIONAL GENOMICS,public,"fastq,run.zq,sra","gs,ncbi,s3","gs.us-east1,ncbi.public,s3.us-east-1",NASH,Fibrosis 3/4,SRX5188541,Illumina HiSeq 2500,Fibrosis 3/4,S00011,PAIRED,cDNA,TRANSCRIPTOMIC,Homo sapiens,ILLUMINA,White,2018-12-28T00:00:00Z,DLDR_0082,female,SRP174668,Liver,2018-12-28T16:45:00Z,1
SRR8378511,61,RNA-Seq,166,5000420988,"Johanna DiStefano\, 5fl\, 445 5th Street\, Phoenix\, AZ 85004",PRJNA512027,SAMN10659378,Human,3103862030,TRANSLATIONAL GENOMICS,public,"fastq,run.zq,sra","gs,ncbi,s3","gs.us-east1,ncbi.public,s3.us-east-1",NASH,Fibrosis 3/4,SRX5188540,Illumina HiSeq 2500,Fibrosis 3/4,S00012,PAIRED,cDNA,TRANSCRIPTOMIC,Homo sapiens,ILLUMINA,White,2018-12-28T00:00:00Z,DLDR_0083,male,SRP174668,Liver,2018-12-28T16:44:00Z,1
SRR8378512,59,RNA-Seq,166,5966454004,"Johanna DiStefano\, 5fl\, 445 5th Street\, Phoenix\, AZ 85004",PRJNA512027,SAMN10659379,Human,3688508914,TRANSLATIONAL GENOMICS,public,"fastq,run.zq,sra","gs,ncbi,s3","gs.us-east1,ncbi.public,s3.us-east-1",NASH,Fibrosis 3/4,SRX5188539,Illumina HiSeq 2500,Fibrosis 3/4,S00013,PAIRED,cDNA,TRANSCRIPTOMIC,Homo sapiens,ILLUMINA,White,2018-12-28T00:00:00Z,DLDR_0084,female,SRP174668,Liver,2018-12-28T16:43:00Z,1
SRR8378513,53,RNA-Seq,166,4250907250,"Johanna DiStefano\, 5fl\, 445 5th Street\, Phoenix\, AZ 85004",PRJNA512027,SAMN10659384,Human,2802630377,TRANSLATIONAL GENOMICS,public,"fastq,run.zq,sra","gs,ncbi,s3","gs.us-east1,ncbi.public,s3.us-east-1",NASH,Fibrosis 4,SRX5188538,Illumina HiSeq 2500,Fibrosis 4,S00025,PAIRED,cDNA,TRANSCRIPTOMIC,Homo sapiens,ILLUMINA,White,2018-12-28T00:00:00Z,DLDR_0089,female,SRP174668,Liver,2018-12-28T16:39:00Z,1
SRR8378514,62,RNA-Seq,166,4235829636,"Johanna DiStefano\, 5fl\, 445 5th Street\, Phoenix\, AZ 85004",PRJNA512027,SAMN10659385,Human,2789491151,TRANSLATIONAL GENOMICS,public,"fastq,run.zq,sra","gs,ncbi,s3","gs.us-east1,ncbi.public,s3.us-east-1",NASH,Fibrosis 4,SRX5188537,Illumina HiSeq 2500,Fibrosis 4,S00026,PAIRED,cDNA,TRANSCRIPTOMIC,Homo sapiens,ILLUMINA,White,2018-12-28T00:00:00Z,DLDR_0090,female,SRP174668,Liver,2018-12-28T16:38:00Z,1
SRR8378515,53,RNA-Seq,166,16873942994,"Johanna DiStefano\, 5fl\, 445 5th Street\, Phoenix\, AZ 85004",PRJNA512027,SAMN10659398,Human,10682220925,TRANSLATIONAL GENOMICS,public,"fastq,run.zq,sra","gs,ncbi,s3","gs.us-east1,ncbi.public,s3.us-east-1",NASH,Fibrosis 4,SRX5188536,Illumina HiSeq 2500,Fibrosis 4,S00040,PAIRED,cDNA,TRANSCRIPTOMIC,Homo sapiens,ILLUMINA,White,2018-12-28T00:00:00Z,DLDR_0103,male,SRP174668,Liver,2018-12-28T17:04:00Z,1
SRR8378516,69,RNA-Seq,166,4370225062,"Johanna DiStefano\, 5fl\, 445 5th Street\, Phoenix\, AZ 85004",PRJNA512027,SAMN10659399,Human,2780614741,TRANSLATIONAL GENOMICS,public,"fastq,run.zq,sra","gs,ncbi,s3","gs.us-east1,ncbi.public,s3.us-east-1",NASH,Fibrosis 4,SRX5188535,Illumina HiSeq 2500,Fibrosis 4,S00041,PAIRED,cDNA,TRANSCRIPTOMIC,Homo sapiens,ILLUMINA,White,2018-12-28T00:00:00Z,DLDR_0104,female,SRP174668,Liver,2018-12-28T16:43:00Z,1
SRR8378517,49,RNA-Seq,166,8047040402,"Johanna DiStefano\, 5fl\, 445 5th Street\, Phoenix\, AZ 85004",PRJNA512027,SAMN10659396,Human,4681026468,TRANSLATIONAL GENOMICS,public,"fastq,run.zq,sra","gs,ncbi,s3","gs.us-east1,ncbi.public,s3.us-east-1",NASH,Fibrosis 4,SRX5188534,Illumina HiSeq 2500,Fibrosis 4,S00038,PAIRED,cDNA,TRANSCRIPTOMIC,Homo sapiens,ILLUMINA,White,2018-12-28T00:00:00Z,DLDR_0101,male,SRP174668,Liver,2018-12-28T16:49:00Z,1
SRR8378518,53,RNA-Seq,166,5470048932,"Johanna DiStefano\, 5fl\, 445 5th Street\, Phoenix\, AZ 85004",PRJNA512027,SAMN10659397,Human,3182508957,TRANSLATIONAL GENOMICS,public,"fastq,run.zq,sra","gs,ncbi,s3","gs.us-east1,ncbi.public,s3.us-east-1",NASH,Fibrosis 4,SRX5188533,Illumina HiSeq 2500,Fibrosis 4,S00039,PAIRED,cDNA,TRANSCRIPTOMIC,Homo sapiens,ILLUMINA,White,2018-12-28T00:00:00Z,DLDR_0102,male,SRP174668,Liver,2018-12-28T16:43:00Z,1
SRR8378519,28,RNA-Seq,166,12392166596,"Johanna DiStefano\, 5fl\, 445 5th Street\, Phoenix\, AZ 85004",PRJNA512027,SAMN10659402,Human,7866593559,TRANSLATIONAL GENOMICS,public,"fastq,run.zq,sra","gs,ncbi,s3","gs.us-east1,ncbi.public,s3.us-east-1",NASH,Fibrosis 3,SRX5188532,Illumina HiSeq 2500,Fibrosis 3,S00044,PAIRED,cDNA,TRANSCRIPTOMIC,Homo sapiens,ILLUMINA,White,2018-12-28T00:00:00Z,DLDR_0107,female,SRP174668,Liver,2018-12-28T16:53:00Z,1
SRR8378520,54,RNA-Seq,166,6271828102,"Johanna DiStefano\, 5fl\, 445 5th Street\, Phoenix\, AZ 85004",PRJNA512027,SAMN10659403,Human,4014539021,TRANSLATIONAL GENOMICS,public,"fastq,run.zq,sra","gs,ncbi,s3","gs.us-east1,ncbi.public,s3.us-east-1",NASH,Fibrosis 3,SRX5188531,Illumina HiSeq 2500,Fibrosis 3,S00045,PAIRED,cDNA,TRANSCRIPTOMIC,Homo sapiens,ILLUMINA,White,2018-12-28T00:00:00Z,DLDR_0108,female,SRP174668,Liver,2018-12-28T16:46:00Z,1
SRR8378521,56,RNA-Seq,166,5748565890,"Johanna DiStefano\, 5fl\, 445 5th Street\, Phoenix\, AZ 85004",PRJNA512027,SAMN10659400,Human,3655269039,TRANSLATIONAL GENOMICS,public,"fastq,run.zq,sra","gs,ncbi,s3","gs.us-east1,ncbi.public,s3.us-east-1",NASH,Fibrosis 4,SRX5188530,Illumina HiSeq 2500,Fibrosis 4,S00042,PAIRED,cDNA,TRANSCRIPTOMIC,Homo sapiens,ILLUMINA,White,2018-12-28T00:00:00Z,DLDR_0105,female,SRP174668,Liver,2018-12-28T16:44:00Z,1
SRR8378522,47,RNA-Seq,166,8674795962,"Johanna DiStefano\, 5fl\, 445 5th Street\, Phoenix\, AZ 85004",PRJNA512027,SAMN10659401,Human,5487911591,TRANSLATIONAL GENOMICS,public,"fastq,run.zq,sra","gs,ncbi,s3","gs.us-east1,ncbi.public,s3.us-east-1",NASH,Fibrosis 3,SRX5188529,Illumina HiSeq 2500,Fibrosis 3,S00043,PAIRED,cDNA,TRANSCRIPTOMIC,Homo sapiens,ILLUMINA,White,2018-12-28T00:00:00Z,DLDR_0106,female,SRP174668,Liver,2018-12-28T16:52:00Z,1
SRR8378523,42,RNA-Seq,166,15980334118,"Johanna DiStefano\, 5fl\, 445 5th Street\, Phoenix\, AZ 85004",PRJNA512027,SAMN10659404,Human,11064240797,TRANSLATIONAL GENOMICS,public,"fastq,run.zq,sra","gs,ncbi,s3","gs.us-east1,ncbi.public,s3.us-east-1",NASH,Fibrosis 3,SRX5188528,Illumina HiSeq 2500,Fibrosis 3,S00053,PAIRED,cDNA,TRANSCRIPTOMIC,Homo sapiens,ILLUMINA,White,2018-12-28T00:00:00Z,DLDR_0109,male,SRP174668,Liver,2018-12-28T17:21:00Z,1
SRR8378524,57,RNA-Seq,166,12583204542,"Johanna DiStefano\, 5fl\, 445 5th Street\, Phoenix\, AZ 85004",PRJNA512027,SAMN10659405,Human,8680533723,TRANSLATIONAL GENOMICS,public,"fastq,run.zq,sra","gs,ncbi,s3","gs.us-east1,ncbi.public,s3.us-east-1",NASH,Fibrosis 3,SRX5188527,Illumina HiSeq 2500,Fibrosis 3,S00054,PAIRED,cDNA,TRANSCRIPTOMIC,Homo sapiens,ILLUMINA,White,2018-12-28T00:00:00Z,DLDR_0110,female,SRP174668,Liver,2018-12-28T16:57:00Z,1
SRR8378525,52,RNA-Seq,166,8504378536,"Johanna DiStefano\, 5fl\, 445 5th Street\, Phoenix\, AZ 85004",PRJNA512027,SAMN10659484,Human,5271355957,TRANSLATIONAL GENOMICS,public,"fastq,run.zq,sra","gs,ncbi,s3","gs.us-east1,ncbi.public,s3.us-east-1",NASH,STEATOSIS 3,SRX5188526,Illumina HiSeq 2500,STEATOSIS 3,S00157,PAIRED,cDNA,TRANSCRIPTOMIC,Homo sapiens,ILLUMINA,White,2018-12-28T00:00:00Z,DLDR_0189,female,SRP174668,Liver,2018-12-28T16:47:00Z,1
SRR8378526,28,RNA-Seq,166,8940105130,"Johanna DiStefano\, 5fl\, 445 5th Street\, Phoenix\, AZ 85004",PRJNA512027,SAMN10659485,Human,5472694938,TRANSLATIONAL GENOMICS,public,"fastq,run.zq,sra","gs,ncbi,s3","gs.us-east1,ncbi.public,s3.us-east-1",NASH,STEATOSIS 3,SRX5188525,Illumina HiSeq 2500,STEATOSIS 3,S00158,PAIRED,cDNA,TRANSCRIPTOMIC,Homo sapiens,ILLUMINA,White,2018-12-28T00:00:00Z,DLDR_0190,male,SRP174668,Liver,2018-12-28T16:50:00Z,1
SRR8378527,49,RNA-Seq,166,11774061944,"Johanna DiStefano\, 5fl\, 445 5th Street\, Phoenix\, AZ 85004",PRJNA512027,SAMN10659478,Human,8134772322,TRANSLATIONAL GENOMICS,public,"fastq,run.zq,sra","gs,ncbi,s3","gs.us-east1,ncbi.public,s3.us-east-1",NASH,STEATOSIS 2,SRX5188524,Illumina HiSeq 2500,STEATOSIS 2,S00151,PAIRED,cDNA,TRANSCRIPTOMIC,Homo sapiens,ILLUMINA,White,2018-12-28T00:00:00Z,DLDR_0183,female,SRP174668,Liver,2018-12-28T16:56:00Z,1
SRR8378528,24,RNA-Seq,166,9246092432,"Johanna DiStefano\, 5fl\, 445 5th Street\, Phoenix\, AZ 85004",PRJNA512027,SAMN10659479,Human,5715589290,TRANSLATIONAL GENOMICS,public,"fastq,run.zq,sra","gs,ncbi,s3","gs.us-east1,ncbi.public,s3.us-east-1",NASH,STEATOSIS 2,SRX5188523,Illumina HiSeq 2500,STEATOSIS 2,S00152,PAIRED,cDNA,TRANSCRIPTOMIC,Homo sapiens,ILLUMINA,White,2018-12-28T00:00:00Z,DLDR_0184,male,SRP174668,Liver,2018-12-28T16:55:00Z,1
SRR8378529,21,RNA-Seq,166,13008345648,"Johanna DiStefano\, 5fl\, 445 5th Street\, Phoenix\, AZ 85004",PRJNA512027,SAMN10659476,Human,9016074805,TRANSLATIONAL GENOMICS,public,"fastq,run.zq,sra","gs,ncbi,s3","gs.us-east1,ncbi.public,s3.us-east-1",NASH,Fibrosis 3,SRX5188522,Illumina HiSeq 2500,Fibrosis 3,S00149,PAIRED,cDNA,TRANSCRIPTOMIC,Homo sapiens,ILLUMINA,White,2018-12-28T00:00:00Z,DLDR_0181,male,SRP174668,Liver,2018-12-28T17:02:00Z,1
SRR8378530,60,RNA-Seq,166,11816728426,"Johanna DiStefano\, 5fl\, 445 5th Street\, Phoenix\, AZ 85004",PRJNA512027,SAMN10659477,Human,8144352399,TRANSLATIONAL GENOMICS,public,"fastq,run.zq,sra","gs,ncbi,s3","gs.us-east1,ncbi.public,s3.us-east-1",NASH,STEATOSIS 2,SRX5188521,Illumina HiSeq 2500,STEATOSIS 2,S00150,PAIRED,cDNA,TRANSCRIPTOMIC,Homo sapiens,ILLUMINA,White,2018-12-28T00:00:00Z,DLDR_0182,female,SRP174668,Liver,2018-12-28T16:52:00Z,1
SRR8378531,49,RNA-Seq,166,13394294154,"Johanna DiStefano\, 5fl\, 445 5th Street\, Phoenix\, AZ 85004",PRJNA512027,SAMN10659482,Human,8248920195,TRANSLATIONAL GENOMICS,public,"fastq,run.zq,sra","gs,ncbi,s3","gs.us-east1,ncbi.public,s3.us-east-1",NASH,STEATOSIS 3,SRX5188520,Illumina HiSeq 2500,STEATOSIS 3,S00155,PAIRED,cDNA,TRANSCRIPTOMIC,Homo sapiens,ILLUMINA,White,2018-12-28T00:00:00Z,DLDR_0187,female,SRP174668,Liver,2018-12-28T16:54:00Z,1
SRR8378532,59,RNA-Seq,166,5955202524,"Johanna DiStefano\, 5fl\, 445 5th Street\, Phoenix\, AZ 85004",PRJNA512027,SAMN10659483,Human,3691070644,TRANSLATIONAL GENOMICS,public,"fastq,run.zq,sra","gs,ncbi,s3","gs.us-east1,ncbi.public,s3.us-east-1",NASH,STEATOSIS 3,SRX5188519,Illumina HiSeq 2500,STEATOSIS 3,S00156,PAIRED,cDNA,TRANSCRIPTOMIC,Homo sapiens,ILLUMINA,White,2018-12-28T00:00:00Z,DLDR_0188,male,SRP174668,Liver,2018-12-28T16:46:00Z,1
SRR8378533,27,RNA-Seq,166,9352319816,"Johanna DiStefano\, 5fl\, 445 5th Street\, Phoenix\, AZ 85004",PRJNA512027,SAMN10659480,Human,5811619449,TRANSLATIONAL GENOMICS,public,"fastq,run.zq,sra","gs,ncbi,s3","gs.us-east1,ncbi.public,s3.us-east-1",NASH,STEATOSIS 2,SRX5188518,Illumina HiSeq 2500,STEATOSIS 2,S00153,PAIRED,cDNA,TRANSCRIPTOMIC,Homo sapiens,ILLUMINA,White,2018-12-28T00:00:00Z,DLDR_0185,female,SRP174668,Liver,2018-12-28T16:50:00Z,1
SRR8378534,24,RNA-Seq,166,9658221960,"Johanna DiStefano\, 5fl\, 445 5th Street\, Phoenix\, AZ 85004",PRJNA512027,SAMN10659481,Human,5986221108,TRANSLATIONAL GENOMICS,public,"fastq,run.zq,sra","gs,ncbi,s3","gs.us-east1,ncbi.public,s3.us-east-1",NASH,STEATOSIS 2,SRX5188517,Illumina HiSeq 2500,STEATOSIS 2,S00154,PAIRED,cDNA,TRANSCRIPTOMIC,Homo sapiens,ILLUMINA,White,2018-12-28T00:00:00Z,DLDR_0186,female,SRP174668,Liver,2018-12-28T16:53:00Z,1
SRR8378535,55,RNA-Seq,166,10309552176,"Johanna DiStefano\, 5fl\, 445 5th Street\, Phoenix\, AZ 85004",PRJNA512027,SAMN10659335,Human,6538481697,TRANSLATIONAL GENOMICS,public,"fastq,run.zq,sra","gs,ncbi,s3","gs.us-east1,ncbi.public,s3.us-east-1",NASH,NORMAL,SRX5188516,Illumina HiSeq 2500,NORMAL,L03361,PAIRED,cDNA,TRANSCRIPTOMIC,Homo sapiens,ILLUMINA,White,2018-12-28T00:00:00Z,DLDR_0040,female,SRP174668,Liver,2018-12-28T16:58:00Z,1
SRR8378536,52,RNA-Seq,166,9889331144,"Johanna DiStefano\, 5fl\, 445 5th Street\, Phoenix\, AZ 85004",PRJNA512027,SAMN10659334,Human,6361433885,TRANSLATIONAL GENOMICS,public,"fastq,run.zq,sra","gs,ncbi,s3","gs.us-east1,ncbi.public,s3.us-east-1",NASH,NORMAL,SRX5188515,Illumina HiSeq 2500,NORMAL,L03360,PAIRED,cDNA,TRANSCRIPTOMIC,Homo sapiens,ILLUMINA,White,2018-12-28T00:00:00Z,DLDR_0039,female,SRP174668,Liver,2018-12-28T16:53:00Z,1
SRR8378537,54,RNA-Seq,166,10612928298,"Johanna DiStefano\, 5fl\, 445 5th Street\, Phoenix\, AZ 85004",PRJNA512027,SAMN10659327,Human,6797533944,TRANSLATIONAL GENOMICS,public,"fastq,run.zq,sra","gs,ncbi,s3","gs.us-east1,ncbi.public,s3.us-east-1",NASH,STEATOSIS 3,SRX5188514,Illumina HiSeq 2500,STEATOSIS 3,L03353,PAIRED,cDNA,TRANSCRIPTOMIC,Homo sapiens,ILLUMINA,White,2018-12-28T00:00:00Z,DLDR_0032,female,SRP174668,Liver,2018-12-28T16:59:00Z,1
SRR8378538,38,RNA-Seq,166,9731384468,"Johanna DiStefano\, 5fl\, 445 5th Street\, Phoenix\, AZ 85004",PRJNA512027,SAMN10659326,Human,6297995713,TRANSLATIONAL GENOMICS,public,"fastq,run.zq,sra","gs,ncbi,s3","gs.us-east1,ncbi.public,s3.us-east-1",NASH,STEATOSIS 3,SRX5188513,Illumina HiSeq 2500,STEATOSIS 3,L03352,PAIRED,cDNA,TRANSCRIPTOMIC,Homo sapiens,ILLUMINA,White,2018-12-28T00:00:00Z,DLDR_0031,female,SRP174668,Liver,2018-12-28T17:01:00Z,1
SRR8378539,39,RNA-Seq,166,10194995078,"Johanna DiStefano\, 5fl\, 445 5th Street\, Phoenix\, AZ 85004",PRJNA512027,SAMN10659329,Human,6687510641,TRANSLATIONAL GENOMICS,public,"fastq,run.zq,sra","gs,ncbi,s3","gs.us-east1,ncbi.public,s3.us-east-1",NASH,STEATOSIS 3,SRX5188512,Illumina HiSeq 2500,STEATOSIS 3,L03355,PAIRED,cDNA,TRANSCRIPTOMIC,Homo sapiens,ILLUMINA,White,2018-12-28T00:00:00Z,DLDR_0034,male,SRP174668,Liver,2018-12-28T17:07:00Z,1
SRR8378540,57,RNA-Seq,166,8680534748,"Johanna DiStefano\, 5fl\, 445 5th Street\, Phoenix\, AZ 85004",PRJNA512027,SAMN10659328,Human,5574912881,TRANSLATIONAL GENOMICS,public,"fastq,run.zq","gs,ncbi,s3","gs.us-east1,ncbi.public,s3.us-east-1",NASH,STEATOSIS 3,SRX5188511,Illumina HiSeq 2500,STEATOSIS 3,L03354,PAIRED,cDNA,TRANSCRIPTOMIC,Homo sapiens,ILLUMINA,White,2018-12-28T00:00:00Z,DLDR_0033,male,SRP174668,Liver,,
SRR8378541,44,RNA-Seq,166,10676856060,"Johanna DiStefano\, 5fl\, 445 5th Street\, Phoenix\, AZ 85004",PRJNA512027,SAMN10659331,Human,6993977358,TRANSLATIONAL GENOMICS,public,"fastq,run.zq,sra","gs,ncbi,s3","gs.us-east1,ncbi.public,s3.us-east-1",NASH,STEATOSIS 2,SRX5188510,Illumina HiSeq 2500,STEATOSIS 2,L03357,PAIRED,cDNA,TRANSCRIPTOMIC,Homo sapiens,ILLUMINA,White,2018-12-28T00:00:00Z,DLDR_0036,female,SRP174668,Liver,2018-12-28T17:01:00Z,1
SRR8378542,56,RNA-Seq,166,9615915366,"Johanna DiStefano\, 5fl\, 445 5th Street\, Phoenix\, AZ 85004",PRJNA512027,SAMN10659330,Human,6313077493,TRANSLATIONAL GENOMICS,public,"fastq,run.zq,sra","gs,ncbi,s3","gs.us-east1,ncbi.public,s3.us-east-1",NASH,STEATOSIS 3,SRX5188509,Illumina HiSeq 2500,STEATOSIS 3,L03356,PAIRED,cDNA,TRANSCRIPTOMIC,Homo sapiens,ILLUMINA,White,2018-12-28T00:00:00Z,DLDR_0035,female,SRP174668,Liver,2018-12-28T16:50:00Z,1
SRR8378543,63,RNA-Seq,166,10289219500,"Johanna DiStefano\, 5fl\, 445 5th Street\, Phoenix\, AZ 85004",PRJNA512027,SAMN10659333,Human,6665581447,TRANSLATIONAL GENOMICS,public,"fastq,run.zq,sra","gs,ncbi,s3","gs.us-east1,ncbi.public,s3.us-east-1",NASH,NORMAL,SRX5188508,Illumina HiSeq 2500,NORMAL,L03359,PAIRED,cDNA,TRANSCRIPTOMIC,Homo sapiens,ILLUMINA,White,2018-12-28T00:00:00Z,DLDR_0038,female,SRP174668,Liver,2018-12-28T16:48:00Z,1
SRR8378544,27,RNA-Seq,166,9927061450,"Johanna DiStefano\, 5fl\, 445 5th Street\, Phoenix\, AZ 85004",PRJNA512027,SAMN10659332,Human,6466601662,TRANSLATIONAL GENOMICS,public,"fastq,run.zq,sra","gs,ncbi,s3","gs.us-east1,ncbi.public,s3.us-east-1",NASH,NORMAL,SRX5188507,Illumina HiSeq 2500,NORMAL,L03358,PAIRED,cDNA,TRANSCRIPTOMIC,Homo sapiens,ILLUMINA,White,2018-12-28T00:00:00Z,DLDR_0037,female,SRP174668,Liver,2018-12-28T17:08:00Z,1
SRR8378545,57,RNA-Seq,166,10657849060,"Johanna DiStefano\, 5fl\, 445 5th Street\, Phoenix\, AZ 85004",PRJNA512027,SAMN10659355,Human,7518574003,TRANSLATIONAL GENOMICS,public,"fastq,run.zq,sra","gs,ncbi,s3","gs.us-east1,ncbi.public,s3.us-east-1",NASH,STEATOSIS 2,SRX5188506,Illumina HiSeq 2500,STEATOSIS 2,L03748,PAIRED,cDNA,TRANSCRIPTOMIC,Homo sapiens,ILLUMINA,White,2018-12-28T00:00:00Z,DLDR_0060,female,SRP174668,Liver,2018-12-28T17:38:00Z,1
SRR8378546,29,RNA-Seq,166,12150151710,"Johanna DiStefano\, 5fl\, 445 5th Street\, Phoenix\, AZ 85004",PRJNA512027,SAMN10659354,Human,8572705917,TRANSLATIONAL GENOMICS,public,"fastq,run.zq,sra","gs,ncbi,s3","gs.us-east1,ncbi.public,s3.us-east-1",NASH,STEATOSIS 2,SRX5188505,Illumina HiSeq 2500,STEATOSIS 2,L03747,PAIRED,cDNA,TRANSCRIPTOMIC,Homo sapiens,ILLUMINA,White,2018-12-28T00:00:00Z,DLDR_0059,female,SRP174668,Liver,2018-12-28T16:58:00Z,1
SRR8378547,39,RNA-Seq,166,11897048024,"Johanna DiStefano\, 5fl\, 445 5th Street\, Phoenix\, AZ 85004",PRJNA512027,SAMN10659353,Human,8390689975,TRANSLATIONAL GENOMICS,public,"fastq,run.zq,sra","gs,ncbi,s3","gs.us-east1,ncbi.public,s3.us-east-1",NASH,STEATOSIS 2,SRX5188504,Illumina HiSeq 2500,STEATOSIS 2,L03746,PAIRED,cDNA,TRANSCRIPTOMIC,Homo sapiens,ILLUMINA,White,2018-12-28T00:00:00Z,DLDR_0058,female,SRP174668,Liver,2018-12-28T16:55:00Z,1
SRR8378548,53,RNA-Seq,166,10001999328,"Johanna DiStefano\, 5fl\, 445 5th Street\, Phoenix\, AZ 85004",PRJNA512027,SAMN10659352,Human,7247800920,TRANSLATIONAL GENOMICS,public,"fastq,run.zq,sra","gs,ncbi,s3","gs.us-east1,ncbi.public,s3.us-east-1",NASH,STEATOSIS 2,SRX5188503,Illumina HiSeq 2500,STEATOSIS 2,L03745,PAIRED,cDNA,TRANSCRIPTOMIC,Homo sapiens,ILLUMINA,White,2018-12-28T00:00:00Z,DLDR_0057,female,SRP174668,Liver,2018-12-28T17:00:00Z,1
SRR8378549,36,RNA-Seq,166,12914775598,"Johanna DiStefano\, 5fl\, 445 5th Street\, Phoenix\, AZ 85004",PRJNA512027,SAMN10659351,Human,9347576048,TRANSLATIONAL GENOMICS,public,"fastq,run.zq,sra","gs,ncbi,s3","gs.us-east1,ncbi.public,s3.us-east-1",NASH,STEATOSIS 2,SRX5188502,Illumina HiSeq 2500,STEATOSIS 2,L03744,PAIRED,cDNA,TRANSCRIPTOMIC,Homo sapiens,ILLUMINA,White,2018-12-28T00:00:00Z,DLDR_0056,female,SRP174668,Liver,2018-12-28T17:10:00Z,1
SRR8378550,27,RNA-Seq,166,11043573300,"Johanna DiStefano\, 5fl\, 445 5th Street\, Phoenix\, AZ 85004",PRJNA512027,SAMN10659350,Human,7993781334,TRANSLATIONAL GENOMICS,public,"fastq,run.zq,sra","gs,ncbi,s3","gs.us-east1,ncbi.public,s3.us-east-1",NASH,STEATOSIS 2,SRX5188501,Illumina HiSeq 2500,STEATOSIS 2,L03743,PAIRED,cDNA,TRANSCRIPTOMIC,Homo sapiens,ILLUMINA,White,2018-12-28T00:00:00Z,DLDR_0055,female,SRP174668,Liver,2018-12-28T16:59:00Z,1
SRR8378551,64,RNA-Seq,166,11281633734,"Johanna DiStefano\, 5fl\, 445 5th Street\, Phoenix\, AZ 85004",PRJNA512027,SAMN10659349,Human,8072146486,TRANSLATIONAL GENOMICS,public,"fastq,run.zq,sra","gs,ncbi,s3","gs.us-east1,ncbi.public,s3.us-east-1",NASH,STEATOSIS 2,SRX5188500,Illumina HiSeq 2500,STEATOSIS 2,L03742,PAIRED,cDNA,TRANSCRIPTOMIC,Homo sapiens,ILLUMINA,White,2018-12-28T00:00:00Z,DLDR_0054,female,SRP174668,Liver,2018-12-28T17:09:00Z,1
SRR8378552,46,RNA-Seq,166,12956231276,"Johanna DiStefano\, 5fl\, 445 5th Street\, Phoenix\, AZ 85004",PRJNA512027,SAMN10659348,Human,9277953254,TRANSLATIONAL GENOMICS,public,"fastq,run.zq,sra","gs,ncbi,s3","gs.us-east1,ncbi.public,s3.us-east-1",NASH,STEATOSIS 2,SRX5188499,Illumina HiSeq 2500,STEATOSIS 2,L03741,PAIRED,cDNA,TRANSCRIPTOMIC,Homo sapiens,ILLUMINA,White,2018-12-28T00:00:00Z,DLDR_0053,male,SRP174668,Liver,2018-12-28T17:16:00Z,1
SRR8378553,38,RNA-Seq,166,11219909622,"Johanna DiStefano\, 5fl\, 445 5th Street\, Phoenix\, AZ 85004",PRJNA512027,SAMN10659347,Human,8013396285,TRANSLATIONAL GENOMICS,public,"fastq,run.zq,sra","gs,ncbi,s3","gs.us-east1,ncbi.public,s3.us-east-1",NASH,STEATOSIS 2,SRX5188498,Illumina HiSeq 2500,STEATOSIS 2,L03740,PAIRED,cDNA,TRANSCRIPTOMIC,Homo sapiens,ILLUMINA,White,2018-12-28T00:00:00Z,DLDR_0052,female,SRP174668,Liver,2018-12-28T16:50:00Z,1
SRR8378554,30,RNA-Seq,166,11153891920,"Johanna DiStefano\, 5fl\, 445 5th Street\, Phoenix\, AZ 85004",PRJNA512027,SAMN10659346,Human,7916753254,TRANSLATIONAL GENOMICS,public,"fastq,run.zq,sra","gs,ncbi,s3","gs.us-east1,ncbi.public,s3.us-east-1",NASH,STEATOSIS 2,SRX5188497,Illumina HiSeq 2500,STEATOSIS 2,L03739,PAIRED,cDNA,TRANSCRIPTOMIC,Homo sapiens,ILLUMINA,White,2018-12-28T00:00:00Z,DLDR_0051,female,SRP174668,Liver,2018-12-28T17:06:00Z,1
SRR8378555,51,RNA-Seq,166,11208896352,"Johanna DiStefano\, 5fl\, 445 5th Street\, Phoenix\, AZ 85004",PRJNA512027,SAMN10659407,Human,7732931187,TRANSLATIONAL GENOMICS,public,"fastq,run.zq,sra","gs,ncbi,s3","gs.us-east1,ncbi.public,s3.us-east-1",NASH,Fibrosis 3,SRX5188496,Illumina HiSeq 2500,Fibrosis 3,S00056,PAIRED,cDNA,TRANSCRIPTOMIC,Homo sapiens,ILLUMINA,White,2018-12-28T00:00:00Z,DLDR_0112,female,SRP174668,Liver,2018-12-28T16:50:00Z,1
SRR8378556,48,RNA-Seq,166,5963080718,"Johanna DiStefano\, 5fl\, 445 5th Street\, Phoenix\, AZ 85004",PRJNA512027,SAMN10659406,Human,4135890864,TRANSLATIONAL GENOMICS,public,"fastq,run.zq,sra","gs,ncbi,s3","gs.us-east1,ncbi.public,s3.us-east-1",NASH,Fibrosis 3,SRX5188495,Illumina HiSeq 2500,Fibrosis 3,S00055,PAIRED,cDNA,TRANSCRIPTOMIC,Homo sapiens,ILLUMINA,White,2018-12-28T00:00:00Z,DLDR_0111,female,SRP174668,Liver,2018-12-28T16:43:00Z,1
SRR8378557,49,RNA-Seq,166,9935928008,"Johanna DiStefano\, 5fl\, 445 5th Street\, Phoenix\, AZ 85004",PRJNA512027,SAMN10659409,Human,6876123649,TRANSLATIONAL GENOMICS,public,"fastq,run.zq,sra","gs,ncbi,s3","gs.us-east1,ncbi.public,s3.us-east-1",NASH,Fibrosis 3,SRX5188494,Illumina HiSeq 2500,Fibrosis 3,S00058,PAIRED,cDNA,TRANSCRIPTOMIC,Homo sapiens,ILLUMINA,White,2018-12-28T00:00:00Z,DLDR_0114,female,SRP174668,Liver,2018-12-28T16:53:00Z,1
SRR8378558,32,RNA-Seq,166,12662597196,"Johanna DiStefano\, 5fl\, 445 5th Street\, Phoenix\, AZ 85004",PRJNA512027,SAMN10659408,Human,8679479859,TRANSLATIONAL GENOMICS,public,"fastq,run.zq,sra","gs,ncbi,s3","gs.us-east1,ncbi.public,s3.us-east-1",NASH,Fibrosis 3,SRX5188493,Illumina HiSeq 2500,Fibrosis 3,S00057,PAIRED,cDNA,TRANSCRIPTOMIC,Homo sapiens,ILLUMINA,Unable to Obtain,2018-12-28T00:00:00Z,DLDR_0113,male,SRP174668,Liver,2018-12-28T16:55:00Z,1
SRR8378559,45,RNA-Seq,166,9292679834,"Johanna DiStefano\, 5fl\, 445 5th Street\, Phoenix\, AZ 85004",PRJNA512027,SAMN10659411,Human,6276518907,TRANSLATIONAL GENOMICS,public,"fastq,run.zq,sra","gs,ncbi,s3","gs.us-east1,ncbi.public,s3.us-east-1",NASH,Fibrosis 3,SRX5188492,Illumina HiSeq 2500,Fibrosis 3,S00060,PAIRED,cDNA,TRANSCRIPTOMIC,Homo sapiens,ILLUMINA,White,2018-12-28T00:00:00Z,DLDR_0116,female,SRP174668,Liver,2018-12-28T16:53:00Z,1
SRR8378560,46,RNA-Seq,166,9494406686,"Johanna DiStefano\, 5fl\, 445 5th Street\, Phoenix\, AZ 85004",PRJNA512027,SAMN10659410,Human,6477123426,TRANSLATIONAL GENOMICS,public,"fastq,run.zq,sra","gs,ncbi,s3","gs.us-east1,ncbi.public,s3.us-east-1",NASH,Fibrosis 3,SRX5188491,Illumina HiSeq 2500,Fibrosis 3,S00059,PAIRED,cDNA,TRANSCRIPTOMIC,Homo sapiens,ILLUMINA,White,2018-12-28T00:00:00Z,DLDR_0115,male,SRP174668,Liver,2018-12-28T16:47:00Z,1
SRR8378561,46,RNA-Seq,166,9180824054,"Johanna DiStefano\, 5fl\, 445 5th Street\, Phoenix\, AZ 85004",PRJNA512027,SAMN10659413,Human,5622904357,TRANSLATIONAL GENOMICS,public,"fastq,run.zq,sra","gs,ncbi,s3","gs.us-east1,ncbi.public,s3.us-east-1",NASH,Fibrosis 3,SRX5188490,Illumina HiSeq 2500,Fibrosis 3,S00062,PAIRED,cDNA,TRANSCRIPTOMIC,Homo sapiens,ILLUMINA,White,2018-12-28T00:00:00Z,DLDR_0118,female,SRP174668,Liver,2018-12-28T16:53:00Z,1
SRR8378562,62,RNA-Seq,166,14701895244,"Johanna DiStefano\, 5fl\, 445 5th Street\, Phoenix\, AZ 85004",PRJNA512027,SAMN10659412,Human,10028701648,TRANSLATIONAL GENOMICS,public,"fastq,run.zq,sra","gs,ncbi,s3","gs.us-east1,ncbi.public,s3.us-east-1",NASH,Fibrosis 3,SRX5188489,Illumina HiSeq 2500,Fibrosis 3,S00061,PAIRED,cDNA,TRANSCRIPTOMIC,Homo sapiens,ILLUMINA,White,2018-12-28T00:00:00Z,DLDR_0117,male,SRP174668,Liver,2018-12-28T17:03:00Z,1
SRR8378563,32,RNA-Seq,166,7953300202,"Johanna DiStefano\, 5fl\, 445 5th Street\, Phoenix\, AZ 85004",PRJNA512027,SAMN10659415,Human,4890900964,TRANSLATIONAL GENOMICS,public,"fastq,run.zq,sra","gs,ncbi,s3","gs.us-east1,ncbi.public,s3.us-east-1",NASH,Fibrosis 3,SRX5188488,Illumina HiSeq 2500,Fibrosis 3,S00064,PAIRED,cDNA,TRANSCRIPTOMIC,Homo sapiens,ILLUMINA,White,2018-12-28T00:00:00Z,DLDR_0120,male,SRP174668,Liver,2018-12-28T16:49:00Z,1
SRR8378564,36,RNA-Seq,166,6796888426,"Johanna DiStefano\, 5fl\, 445 5th Street\, Phoenix\, AZ 85004",PRJNA512027,SAMN10659414,Human,4142085379,TRANSLATIONAL GENOMICS,public,"fastq,run.zq,sra","gs,ncbi,s3","gs.us-east1,ncbi.public,s3.us-east-1",NASH,Fibrosis 3,SRX5188487,Illumina HiSeq 2500,Fibrosis 3,S00063,PAIRED,cDNA,TRANSCRIPTOMIC,Homo sapiens,ILLUMINA,White,2018-12-28T00:00:00Z,DLDR_0119,female,SRP174668,Liver,2018-12-28T16:47:00Z,1
SRR8378565,53,RNA-Seq,166,11804079724,"Johanna DiStefano\, 5fl\, 445 5th Street\, Phoenix\, AZ 85004",PRJNA512027,SAMN10659487,Human,7299066370,TRANSLATIONAL GENOMICS,public,"fastq,run.zq,sra","gs,ncbi,s3","gs.us-east1,ncbi.public,s3.us-east-1",NASH,STEATOSIS 3,SRX5188486,Illumina HiSeq 2500,STEATOSIS 3,S00160,PAIRED,cDNA,TRANSCRIPTOMIC,Homo sapiens,ILLUMINA,White,2018-12-28T00:00:00Z,DLDR_0192,female,SRP174668,Liver,2018-12-28T16:57:00Z,1
SRR8378566,36,RNA-Seq,166,6282155460,"Johanna DiStefano\, 5fl\, 445 5th Street\, Phoenix\, AZ 85004",PRJNA512027,SAMN10659486,Human,3857656204,TRANSLATIONAL GENOMICS,public,"fastq,run.zq,sra","gs,ncbi,s3","gs.us-east1,ncbi.public,s3.us-east-1",NASH,STEATOSIS 3,SRX5188485,Illumina HiSeq 2500,STEATOSIS 3,S00159,PAIRED,cDNA,TRANSCRIPTOMIC,Homo sapiens,ILLUMINA,White,2018-12-28T00:00:00Z,DLDR_0191,female,SRP174668,Liver,2018-12-28T16:46:00Z,1
SRR8378567,55,RNA-Seq,166,11095917250,"Johanna DiStefano\, 5fl\, 445 5th Street\, Phoenix\, AZ 85004",PRJNA512027,SAMN10659324,Human,7275999277,TRANSLATIONAL GENOMICS,public,"fastq,run.zq,sra","gs,ncbi,s3","gs.us-east1,ncbi.public,s3.us-east-1",NASH,STEATOSIS 3,SRX5188484,Illumina HiSeq 2500,STEATOSIS 3,L03350,PAIRED,cDNA,TRANSCRIPTOMIC,Homo sapiens,ILLUMINA,White,2018-12-28T00:00:00Z,DLDR_0029,female,SRP174668,Liver,2018-12-28T16:54:00Z,1
SRR8378568,45,RNA-Seq,166,9751684774,"Johanna DiStefano\, 5fl\, 445 5th Street\, Phoenix\, AZ 85004",PRJNA512027,SAMN10659325,Human,6364366251,TRANSLATIONAL GENOMICS,public,"fastq,run.zq,sra","gs,ncbi,s3","gs.us-east1,ncbi.public,s3.us-east-1",NASH,STEATOSIS 3,SRX5188483,Illumina HiSeq 2500,STEATOSIS 3,L03351,PAIRED,cDNA,TRANSCRIPTOMIC,Homo sapiens,ILLUMINA,White,2018-12-28T00:00:00Z,DLDR_0030,female,SRP174668,Liver,2018-12-28T17:32:00Z,1
SRR8378569,49,RNA-Seq,166,10836567482,"Johanna DiStefano\, 5fl\, 445 5th Street\, Phoenix\, AZ 85004",PRJNA512027,SAMN10659318,Human,7547261788,TRANSLATIONAL GENOMICS,public,"fastq,run.zq,sra","gs,ncbi,s3","gs.us-east1,ncbi.public,s3.us-east-1",NASH,STEATOSIS 2,SRX5188482,Illumina HiSeq 2500,STEATOSIS 2,L03265,PAIRED,cDNA,TRANSCRIPTOMIC,Homo sapiens,ILLUMINA,White,2018-12-28T00:00:00Z,DLDR_0023,female,SRP174668,Liver,2018-12-28T17:02:00Z,1
SRR8378570,34,RNA-Seq,166,11657398970,"Johanna DiStefano\, 5fl\, 445 5th Street\, Phoenix\, AZ 85004",PRJNA512027,SAMN10659319,Human,8102521337,TRANSLATIONAL GENOMICS,public,"fastq,run.zq,sra","gs,ncbi,s3","gs.us-east1,ncbi.public,s3.us-east-1",NASH,STEATOSIS 2,SRX5188481,Illumina HiSeq 2500,STEATOSIS 2,L03266,PAIRED,cDNA,TRANSCRIPTOMIC,Homo sapiens,ILLUMINA,White,2018-12-28T00:00:00Z,DLDR_0024,male,SRP174668,Liver,2018-12-28T16:58:00Z,1
SRR8378571,42,RNA-Seq,166,11379647770,"Johanna DiStefano\, 5fl\, 445 5th Street\, Phoenix\, AZ 85004",PRJNA512027,SAMN10659316,Human,7795189981,TRANSLATIONAL GENOMICS,public,"fastq,run.zq,sra","gs,ncbi,s3","gs.us-east1,ncbi.public,s3.us-east-1",NASH,STEATOSIS 2,SRX5188480,Illumina HiSeq 2500,STEATOSIS 2,L03263,PAIRED,cDNA,TRANSCRIPTOMIC,Homo sapiens,ILLUMINA,White,2018-12-28T00:00:00Z,DLDR_0021,female,SRP174668,Liver,2018-12-28T17:08:00Z,1
SRR8378572,60,RNA-Seq,166,12422415116,"Johanna DiStefano\, 5fl\, 445 5th Street\, Phoenix\, AZ 85004",PRJNA512027,SAMN10659317,Human,8645810159,TRANSLATIONAL GENOMICS,public,"fastq,run.zq,sra","gs,ncbi,s3","gs.us-east1,ncbi.public,s3.us-east-1",NASH,STEATOSIS 2,SRX5188479,Illumina HiSeq 2500,STEATOSIS 2,L03264,PAIRED,cDNA,TRANSCRIPTOMIC,Homo sapiens,ILLUMINA,White,2018-12-28T00:00:00Z,DLDR_0022,female,SRP174668,Liver,2018-12-28T17:18:00Z,1
SRR8378573,39,RNA-Seq,166,10372029928,"Johanna DiStefano\, 5fl\, 445 5th Street\, Phoenix\, AZ 85004",PRJNA512027,SAMN10659322,Human,7022402535,TRANSLATIONAL GENOMICS,public,"fastq,run.zq,sra","gs,ncbi,s3","gs.us-east1,ncbi.public,s3.us-east-1",NASH,STEATOSIS 2,SRX5188478,Illumina HiSeq 2500,STEATOSIS 2,L03348,PAIRED,cDNA,TRANSCRIPTOMIC,Homo sapiens,ILLUMINA,White,2018-12-28T00:00:00Z,DLDR_0027,female,SRP174668,Liver,2018-12-28T17:01:00Z,1
SRR8378574,36,RNA-Seq,166,10047687840,"Johanna DiStefano\, 5fl\, 445 5th Street\, Phoenix\, AZ 85004",PRJNA512027,SAMN10659323,Human,6550079627,TRANSLATIONAL GENOMICS,public,"fastq,run.zq,sra","gs,ncbi,s3","gs.us-east1,ncbi.public,s3.us-east-1",NASH,STEATOSIS 3,SRX5188477,Illumina HiSeq 2500,STEATOSIS 3,L03349,PAIRED,cDNA,TRANSCRIPTOMIC,Homo sapiens,ILLUMINA,White,2018-12-28T00:00:00Z,DLDR_0028,female,SRP174668,Liver,2018-12-28T16:59:00Z,1
SRR8378575,48,RNA-Seq,166,10502342086,"Johanna DiStefano\, 5fl\, 445 5th Street\, Phoenix\, AZ 85004",PRJNA512027,SAMN10659320,Human,7071001308,TRANSLATIONAL GENOMICS,public,"fastq,run.zq,sra","gs,ncbi,s3","gs.us-east1,ncbi.public,s3.us-east-1",NASH,STEATOSIS 2,SRX5188476,Illumina HiSeq 2500,STEATOSIS 2,L03346,PAIRED,cDNA,TRANSCRIPTOMIC,Homo sapiens,ILLUMINA,White,2018-12-28T00:00:00Z,DLDR_0025,female,SRP174668,Liver,2018-12-28T16:58:00Z,1
SRR8378576,25,RNA-Seq,166,12214509744,"Johanna DiStefano\, 5fl\, 445 5th Street\, Phoenix\, AZ 85004",PRJNA512027,SAMN10659321,Human,8257347846,TRANSLATIONAL GENOMICS,public,"fastq,run.zq,sra","gs,ncbi,s3","gs.us-east1,ncbi.public,s3.us-east-1",NASH,STEATOSIS 3,SRX5188475,Illumina HiSeq 2500,STEATOSIS 3,L03347,PAIRED,cDNA,TRANSCRIPTOMIC,Homo sapiens,ILLUMINA,White,2018-12-28T00:00:00Z,DLDR_0026,male,SRP174668,Liver,2018-12-28T16:59:00Z,1
SRR8378577,53,RNA-Seq,166,10782898520,"Johanna DiStefano\, 5fl\, 445 5th Street\, Phoenix\, AZ 85004",PRJNA512027,SAMN10659344,Human,7604992721,TRANSLATIONAL GENOMICS,public,"fastq,run.zq,sra","gs,ncbi,s3","gs.us-east1,ncbi.public,s3.us-east-1",NASH,STEATOSIS 2,SRX5188474,Illumina HiSeq 2500,STEATOSIS 2,L03737,PAIRED,cDNA,TRANSCRIPTOMIC,Homo sapiens,ILLUMINA,White,2018-12-28T00:00:00Z,DLDR_0049,male,SRP174668,Liver,2018-12-28T17:01:00Z,1
SRR8378578,54,RNA-Seq,166,12490914850,"Johanna DiStefano\, 5fl\, 445 5th Street\, Phoenix\, AZ 85004",PRJNA512027,SAMN10659345,Human,8890787614,TRANSLATIONAL GENOMICS,public,"fastq,run.zq,sra","gs,ncbi,s3","gs.us-east1,ncbi.public,s3.us-east-1",NASH,STEATOSIS 2,SRX5188473,Illumina HiSeq 2500,STEATOSIS 2,L03738,PAIRED,cDNA,TRANSCRIPTOMIC,Homo sapiens,ILLUMINA,White,2018-12-28T00:00:00Z,DLDR_0050,female,SRP174668,Liver,2018-12-28T16:59:00Z,1
SRR8378579,29,RNA-Seq,166,8529696524,"Johanna DiStefano\, 5fl\, 445 5th Street\, Phoenix\, AZ 85004",PRJNA512027,SAMN10659336,Human,5406805769,TRANSLATIONAL GENOMICS,public,"fastq,run.zq,sra","gs,ncbi,s3","gs.us-east1,ncbi.public,s3.us-east-1",NASH,NORMAL,SRX5188472,Illumina HiSeq 2500,NORMAL,L03362,PAIRED,cDNA,TRANSCRIPTOMIC,Homo sapiens,ILLUMINA,White,2018-12-28T00:00:00Z,DLDR_0041,female,SRP174668,Liver,2018-12-28T16:53:00Z,1
SRR8378580,30,RNA-Seq,166,9345282080,"Johanna DiStefano\, 5fl\, 445 5th Street\, Phoenix\, AZ 85004",PRJNA512027,SAMN10659337,Human,5916071290,TRANSLATIONAL GENOMICS,public,"fastq,run.zq,sra","gs,ncbi,s3","gs.us-east1,ncbi.public,s3.us-east-1",NASH,NORMAL,SRX5188471,Illumina HiSeq 2500,NORMAL,L03363,PAIRED,cDNA,TRANSCRIPTOMIC,Homo sapiens,ILLUMINA,White,2018-12-28T00:00:00Z,DLDR_0042,male,SRP174668,Liver,2018-12-28T16:48:00Z,1
SRR8378581,48,RNA-Seq,166,10149763232,"Johanna DiStefano\, 5fl\, 445 5th Street\, Phoenix\, AZ 85004",PRJNA512027,SAMN10659338,Human,6567078393,TRANSLATIONAL GENOMICS,public,"fastq,run.zq,sra","gs,ncbi,s3","gs.us-east1,ncbi.public,s3.us-east-1",NASH,NORMAL,SRX5188470,Illumina HiSeq 2500,NORMAL,L03364,PAIRED,cDNA,TRANSCRIPTOMIC,Homo sapiens,ILLUMINA,White,2018-12-28T00:00:00Z,DLDR_0043,female,SRP174668,Liver,2018-12-28T16:50:00Z,1
SRR8378582,50,RNA-Seq,166,9681098254,"Johanna DiStefano\, 5fl\, 445 5th Street\, Phoenix\, AZ 85004",PRJNA512027,SAMN10659339,Human,6188458671,TRANSLATIONAL GENOMICS,public,"fastq,run.zq,sra","gs,ncbi,s3","gs.us-east1,ncbi.public,s3.us-east-1",NASH,NORMAL,SRX5188469,Illumina HiSeq 2500,NORMAL,L03365,PAIRED,cDNA,TRANSCRIPTOMIC,Homo sapiens,ILLUMINA,White,2018-12-28T00:00:00Z,DLDR_0044,female,SRP174668,Liver,2018-12-28T16:52:00Z,1
SRR8378583,37,RNA-Seq,166,9165050734,"Johanna DiStefano\, 5fl\, 445 5th Street\, Phoenix\, AZ 85004",PRJNA512027,SAMN10659340,Human,5842461211,TRANSLATIONAL GENOMICS,public,"fastq,run.zq,sra","gs,ncbi,s3","gs.us-east1,ncbi.public,s3.us-east-1",NASH,NORMAL,SRX5188468,Illumina HiSeq 2500,NORMAL,L03366,PAIRED,cDNA,TRANSCRIPTOMIC,Homo sapiens,ILLUMINA,White,2018-12-28T00:00:00Z,DLDR_0045,female,SRP174668,Liver,2018-12-28T16:51:00Z,1
SRR8378584,41,RNA-Seq,166,12225358342,"Johanna DiStefano\, 5fl\, 445 5th Street\, Phoenix\, AZ 85004",PRJNA512027,SAMN10659341,Human,7949279564,TRANSLATIONAL GENOMICS,public,"fastq,run.zq,sra","gs,ncbi,s3","gs.us-east1,ncbi.public,s3.us-east-1",NASH,NORMAL,SRX5188467,Illumina HiSeq 2500,NORMAL,L03367,PAIRED,cDNA,TRANSCRIPTOMIC,Homo sapiens,ILLUMINA,White,2018-12-28T00:00:00Z,DLDR_0046,male,SRP174668,Liver,2018-12-28T16:58:00Z,1
SRR8378585,35,RNA-Seq,166,8378631212,"Johanna DiStefano\, 5fl\, 445 5th Street\, Phoenix\, AZ 85004",PRJNA512027,SAMN10659342,Human,5454170660,TRANSLATIONAL GENOMICS,public,"fastq,run.zq,sra","gs,ncbi,s3","gs.us-east1,ncbi.public,s3.us-east-1",NASH,NORMAL,SRX5188466,Illumina HiSeq 2500,NORMAL,L03368,PAIRED,cDNA,TRANSCRIPTOMIC,Homo sapiens,ILLUMINA,White,2018-12-28T00:00:00Z,DLDR_0047,female,SRP174668,Liver,2018-12-28T16:54:00Z,1
SRR8378586,48,RNA-Seq,166,9762329026,"Johanna DiStefano\, 5fl\, 445 5th Street\, Phoenix\, AZ 85004",PRJNA512027,SAMN10659343,Human,6327378126,TRANSLATIONAL GENOMICS,public,"fastq,run.zq,sra","gs,ncbi,s3","gs.us-east1,ncbi.public,s3.us-east-1",NASH,NORMAL,SRX5188465,Illumina HiSeq 2500,NORMAL,L03369,PAIRED,cDNA,TRANSCRIPTOMIC,Homo sapiens,ILLUMINA,White,2018-12-28T00:00:00Z,DLDR_0048,female,SRP174668,Liver,2018-12-28T17:33:00Z,1
SRR8378587,37,RNA-Seq,166,8571638416,"Johanna DiStefano\, 5fl\, 445 5th Street\, Phoenix\, AZ 85004",PRJNA512027,SAMN10659305,Human,5658200203,TRANSLATIONAL GENOMICS,public,"fastq,run.zq,sra","gs,ncbi,s3","gs.us-east1,ncbi.public,s3.us-east-1",NASH,NORMAL,SRX5188464,Illumina HiSeq 2500,NORMAL,L03252,PAIRED,cDNA,TRANSCRIPTOMIC,Homo sapiens,ILLUMINA,White,2018-12-28T00:00:00Z,DLDR_0010,male,SRP174668,Liver,2018-12-28T16:51:00Z,1
SRR8378588,47,RNA-Seq,166,10561758632,"Johanna DiStefano\, 5fl\, 445 5th Street\, Phoenix\, AZ 85004",PRJNA512027,SAMN10659304,Human,7297627662,TRANSLATIONAL GENOMICS,public,"fastq,run.zq,sra","gs,ncbi,s3","gs.us-east1,ncbi.public,s3.us-east-1",NASH,NORMAL,SRX5188463,Illumina HiSeq 2500,NORMAL,L03251,PAIRED,cDNA,TRANSCRIPTOMIC,Homo sapiens,ILLUMINA,White,2018-12-28T00:00:00Z,DLDR_0009,female,SRP174668,Liver,2018-12-28T16:55:00Z,1
SRR8378589,47,RNA-Seq,166,10361702570,"Johanna DiStefano\, 5fl\, 445 5th Street\, Phoenix\, AZ 85004",PRJNA512027,SAMN10659297,Human,7049699473,TRANSLATIONAL GENOMICS,public,"fastq,run.zq,sra","gs,ncbi,s3","gs.us-east1,ncbi.public,s3.us-east-1",NASH,NORMAL,SRX5188462,Illumina HiSeq 2500,NORMAL,L03244,PAIRED,cDNA,TRANSCRIPTOMIC,Homo sapiens,ILLUMINA,White,2018-12-28T00:00:00Z,DLDR_0002,female,SRP174668,Liver,2018-12-28T16:56:00Z,1
SRR8378590,55,RNA-Seq,166,11589936404,"Johanna DiStefano\, 5fl\, 445 5th Street\, Phoenix\, AZ 85004",PRJNA512027,SAMN10659296,Human,7854179872,TRANSLATIONAL GENOMICS,public,"fastq,run.zq,sra","gs,ncbi,s3","gs.us-east1,ncbi.public,s3.us-east-1",NASH,NORMAL,SRX5188461,Illumina HiSeq 2500,NORMAL,L03243,PAIRED,cDNA,TRANSCRIPTOMIC,Homo sapiens,ILLUMINA,White,2018-12-28T00:00:00Z,DLDR_0001,female,SRP174668,Liver,2018-12-28T17:08:00Z,1
SRR8378591,46,RNA-Seq,166,11263621074,"Johanna DiStefano\, 5fl\, 445 5th Street\, Phoenix\, AZ 85004",PRJNA512027,SAMN10659315,Human,7750484980,TRANSLATIONAL GENOMICS,public,"fastq,run.zq,sra","gs,ncbi,s3","gs.us-east1,ncbi.public,s3.us-east-1",NASH,STEATOSIS 2,SRX5188460,Illumina HiSeq 2500,STEATOSIS 2,L03262,PAIRED,cDNA,TRANSCRIPTOMIC,Homo sapiens,ILLUMINA,White,2018-12-28T00:00:00Z,DLDR_0020,female,SRP174668,Liver,2018-12-28T16:53:00Z,1
SRR8378592,51,RNA-Seq,166,11682185094,"Johanna DiStefano\, 5fl\, 445 5th Street\, Phoenix\, AZ 85004",PRJNA512027,SAMN10659314,Human,8078151175,TRANSLATIONAL GENOMICS,public,"fastq,run.zq,sra","gs,ncbi,s3","gs.us-east1,ncbi.public,s3.us-east-1",NASH,STEATOSIS 2,SRX5188459,Illumina HiSeq 2500,STEATOSIS 2,L03261,PAIRED,cDNA,TRANSCRIPTOMIC,Homo sapiens,ILLUMINA,White,2018-12-28T00:00:00Z,DLDR_0019,female,SRP174668,Liver,2018-12-28T17:08:00Z,1
SRR8378593,20,RNA-Seq,166,14596737896,"Johanna DiStefano\, 5fl\, 445 5th Street\, Phoenix\, AZ 85004",PRJNA512027,SAMN10659455,Human,9112210624,TRANSLATIONAL GENOMICS,public,"fastq,run.zq,sra","gs,ncbi,s3","gs.us-east1,ncbi.public,s3.us-east-1",NASH,Lob Inflam 1,SRX5188458,Illumina HiSeq 2500,Lob Inflam 1,S00120,PAIRED,cDNA,TRANSCRIPTOMIC,Homo sapiens,ILLUMINA,White,2018-12-28T00:00:00Z,DLDR_0160,female,SRP174668,Liver,2018-12-28T17:11:00Z,1
SRR8378594,48,RNA-Seq,166,18484829902,"Johanna DiStefano\, 5fl\, 445 5th Street\, Phoenix\, AZ 85004",PRJNA512027,SAMN10659454,Human,11891613232,TRANSLATIONAL GENOMICS,public,"fastq,run.zq,sra","gs,ncbi,s3","gs.us-east1,ncbi.public,s3.us-east-1",NASH,Lob Inflam 1,SRX5188457,Illumina HiSeq 2500,Lob Inflam 1,S00119,PAIRED,cDNA,TRANSCRIPTOMIC,Homo sapiens,ILLUMINA,White,2018-12-28T00:00:00Z,DLDR_0159,female,SRP174668,Liver,2018-12-28T17:24:00Z,1
SRR8378595,34,RNA-Seq,166,6812538906,"Johanna DiStefano\, 5fl\, 445 5th Street\, Phoenix\, AZ 85004",PRJNA512027,SAMN10659451,Human,4088385469,TRANSLATIONAL GENOMICS,public,"fastq,run.zq,sra","gs,ncbi,s3","gs.us-east1,ncbi.public,s3.us-east-1",NASH,Lob Inflam 1,SRX5188456,Illumina HiSeq 2500,Lob Inflam 1,S00108,PAIRED,cDNA,TRANSCRIPTOMIC,Homo sapiens,ILLUMINA,White,2018-12-28T00:00:00Z,DLDR_0156,female,SRP174668,Liver,2018-12-28T16:46:00Z,1
SRR8378596,56,RNA-Seq,166,11630650394,"Johanna DiStefano\, 5fl\, 445 5th Street\, Phoenix\, AZ 85004",PRJNA512027,SAMN10659450,Human,6981782692,TRANSLATIONAL GENOMICS,public,"fastq,run.zq,sra","gs,ncbi,s3","gs.us-east1,ncbi.public,s3.us-east-1",NASH,Lob Inflam 1,SRX5188455,Illumina HiSeq 2500,Lob Inflam 1,S00107,PAIRED,cDNA,TRANSCRIPTOMIC,Homo sapiens,ILLUMINA,White,2018-12-28T00:00:00Z,DLDR_0155,male,SRP174668,Liver,2018-12-28T17:05:00Z,1
SRR8378597,58,RNA-Seq,166,6821615122,"Johanna DiStefano\, 5fl\, 445 5th Street\, Phoenix\, AZ 85004",PRJNA512027,SAMN10659453,Human,4378324135,TRANSLATIONAL GENOMICS,public,"fastq,run.zq,sra","gs,ncbi,s3","gs.us-east1,ncbi.public,s3.us-east-1",NASH,Lob Inflam 1,SRX5188454,Illumina HiSeq 2500,Lob Inflam 1,S00118,PAIRED,cDNA,TRANSCRIPTOMIC,Homo sapiens,ILLUMINA,White,2018-12-28T00:00:00Z,DLDR_0158,female,SRP174668,Liver,2018-12-28T16:50:00Z,1
SRR8378598,58,RNA-Seq,166,11895268504,"Johanna DiStefano\, 5fl\, 445 5th Street\, Phoenix\, AZ 85004",PRJNA512027,SAMN10659452,Human,7645554553,TRANSLATIONAL GENOMICS,public,"fastq,run.zq,sra","gs,ncbi,s3","gs.us-east1,ncbi.public,s3.us-east-1",NASH,Lob Inflam 1,SRX5188453,Illumina HiSeq 2500,Lob Inflam 1,S00117,PAIRED,cDNA,TRANSCRIPTOMIC,Homo sapiens,ILLUMINA,White,2018-12-28T00:00:00Z,DLDR_0157,female,SRP174668,Liver,2018-12-28T16:54:00Z,1
SRR8378599,51,RNA-Seq,166,19763394106,"Johanna DiStefano\, 5fl\, 445 5th Street\, Phoenix\, AZ 85004",PRJNA512027,SAMN10659447,Human,12088767516,TRANSLATIONAL GENOMICS,public,"fastq,run.zq,sra","gs,ncbi,s3","gs.us-east1,ncbi.public,s3.us-east-1",NASH,Lob Inflam 1,SRX5188452,Illumina HiSeq 2500,Lob Inflam 1,S00104,PAIRED,cDNA,TRANSCRIPTOMIC,Homo sapiens,ILLUMINA,White,2018-12-28T00:00:00Z,DLDR_0152,female,SRP174668,Liver,2018-12-28T17:19:00Z,1
SRR8378600,34,RNA-Seq,166,5224898140,"Johanna DiStefano\, 5fl\, 445 5th Street\, Phoenix\, AZ 85004",PRJNA512027,SAMN10659446,Human,3194184178,TRANSLATIONAL GENOMICS,public,"fastq,run.zq,sra","gs,ncbi,s3","gs.us-east1,ncbi.public,s3.us-east-1",NASH,Lob Inflam 1,SRX5188451,Illumina HiSeq 2500,Lob Inflam 1,S00103,PAIRED,cDNA,TRANSCRIPTOMIC,Homo sapiens,ILLUMINA,White,2018-12-28T00:00:00Z,DLDR_0151,female,SRP174668,Liver,2018-12-28T16:42:00Z,1
SRR8378601,65,RNA-Seq,166,7279674692,"Johanna DiStefano\, 5fl\, 445 5th Street\, Phoenix\, AZ 85004",PRJNA512027,SAMN10659449,Human,4367028676,TRANSLATIONAL GENOMICS,public,"fastq,run.zq,sra","gs,ncbi,s3","gs.us-east1,ncbi.public,s3.us-east-1",NASH,Lob Inflam 1,SRX5188450,Illumina HiSeq 2500,Lob Inflam 1,S00106,PAIRED,cDNA,TRANSCRIPTOMIC,Homo sapiens,ILLUMINA,White,2018-12-28T00:00:00Z,DLDR_0154,female,SRP174668,Liver,2018-12-28T16:48:00Z,1
SRR8378602,67,RNA-Seq,166,2404899270,"Johanna DiStefano\, 5fl\, 445 5th Street\, Phoenix\, AZ 85004",PRJNA512027,SAMN10659448,Human,1476551204,TRANSLATIONAL GENOMICS,public,"fastq,run.zq,sra","gs,ncbi,s3","gs.us-east1,ncbi.public,s3.us-east-1",NASH,Lob Inflam 1,SRX5188449,Illumina HiSeq 2500,Lob Inflam 1,S00105,PAIRED,cDNA,TRANSCRIPTOMIC,Homo sapiens,ILLUMINA,White,2018-12-28T00:00:00Z,DLDR_0153,female,SRP174668,Liver,2018-12-28T16:38:00Z,1
SRR8378603,65,RNA-Seq,166,8096496782,"Johanna DiStefano\, 5fl\, 445 5th Street\, Phoenix\, AZ 85004",PRJNA512027,SAMN10659424,Human,5511210260,TRANSLATIONAL GENOMICS,public,"fastq,run.zq,sra","gs,ncbi,s3","gs.us-east1,ncbi.public,s3.us-east-1",NASH,Lob Inflam 1,SRX5188448,Illumina HiSeq 2500,Lob Inflam 1,S00073,PAIRED,cDNA,TRANSCRIPTOMIC,Homo sapiens,ILLUMINA,White,2018-12-28T00:00:00Z,DLDR_0129,female,SRP174668,Liver,2018-12-28T16:53:00Z,1
SRR8378604,27,RNA-Seq,166,7938772214,"Johanna DiStefano\, 5fl\, 445 5th Street\, Phoenix\, AZ 85004",PRJNA512027,SAMN10659425,Human,4697733958,TRANSLATIONAL GENOMICS,public,"fastq,run.zq,sra","gs,ncbi,s3","gs.us-east1,ncbi.public,s3.us-east-1",NASH,Lob Inflam 1,SRX5188447,Illumina HiSeq 2500,Lob Inflam 1,S00074,PAIRED,cDNA,TRANSCRIPTOMIC,Homo sapiens,ILLUMINA,White,2018-12-28T00:00:00Z,DLDR_0130,female,SRP174668,Liver,2018-12-28T16:50:00Z,1
SRR8378605,36,RNA-Seq,166,9978981768,"Johanna DiStefano\, 5fl\, 445 5th Street\, Phoenix\, AZ 85004",PRJNA512027,SAMN10659416,Human,6821042654,TRANSLATIONAL GENOMICS,public,"fastq,run.zq,sra","gs,ncbi,s3","gs.us-east1,ncbi.public,s3.us-east-1",NASH,Fibrosis 3,SRX5188446,Illumina HiSeq 2500,Fibrosis 3,S00065,PAIRED,cDNA,TRANSCRIPTOMIC,Homo sapiens,ILLUMINA,White,2018-12-28T00:00:00Z,DLDR_0121,female,SRP174668,Liver,2018-12-28T17:01:00Z,1
SRR8378606,51,RNA-Seq,166,10904976912,"Johanna DiStefano\, 5fl\, 445 5th Street\, Phoenix\, AZ 85004",PRJNA512027,SAMN10659417,Human,7471503081,TRANSLATIONAL GENOMICS,public,"fastq,run.zq,sra","gs,ncbi,s3","gs.us-east1,ncbi.public,s3.us-east-1",NASH,Fibrosis 3,SRX5188445,Illumina HiSeq 2500,Fibrosis 3,S00066,PAIRED,cDNA,TRANSCRIPTOMIC,Homo sapiens,ILLUMINA,White,2018-12-28T00:00:00Z,DLDR_0122,male,SRP174668,Liver,2018-12-28T17:01:00Z,1
SRR8378607,51,RNA-Seq,166,13404674798,"Johanna DiStefano\, 5fl\, 445 5th Street\, Phoenix\, AZ 85004",PRJNA512027,SAMN10659418,Human,9127429949,TRANSLATIONAL GENOMICS,public,"fastq,run.zq,sra","gs,ncbi,s3","gs.us-east1,ncbi.public,s3.us-east-1",NASH,Fibrosis 3,SRX5188444,Illumina HiSeq 2500,Fibrosis 3,S00067,PAIRED,cDNA,TRANSCRIPTOMIC,Homo sapiens,ILLUMINA,White,2018-12-28T00:00:00Z,DLDR_0123,male,SRP174668,Liver,2018-12-28T17:08:00Z,1
SRR8378608,48,RNA-Seq,166,13172259028,"Johanna DiStefano\, 5fl\, 445 5th Street\, Phoenix\, AZ 85004",PRJNA512027,SAMN10659419,Human,9018991906,TRANSLATIONAL GENOMICS,public,"fastq,run.zq,sra","gs,ncbi,s3","gs.us-east1,ncbi.public,s3.us-east-1",NASH,Fibrosis 3,SRX5188443,Illumina HiSeq 2500,Fibrosis 3,S00068,PAIRED,cDNA,TRANSCRIPTOMIC,Homo sapiens,ILLUMINA,White,2018-12-28T00:00:00Z,DLDR_0124,female,SRP174668,Liver,2018-12-28T17:02:00Z,1
SRR8378609,45,RNA-Seq,166,10479889424,"Johanna DiStefano\, 5fl\, 445 5th Street\, Phoenix\, AZ 85004",PRJNA512027,SAMN10659420,Human,7192397872,TRANSLATIONAL GENOMICS,public,"fastq,run.zq,sra","gs,ncbi,s3","gs.us-east1,ncbi.public,s3.us-east-1",NASH,Lob Inflam 1,SRX5188442,Illumina HiSeq 2500,Lob Inflam 1,S00069,PAIRED,cDNA,TRANSCRIPTOMIC,Homo sapiens,ILLUMINA,White,2018-12-28T00:00:00Z,DLDR_0125,female,SRP174668,Liver,2018-12-28T16:52:00Z,1
SRR8378610,63,RNA-Seq,166,10507399442,"Johanna DiStefano\, 5fl\, 445 5th Street\, Phoenix\, AZ 85004",PRJNA512027,SAMN10659421,Human,7160470626,TRANSLATIONAL GENOMICS,public,"fastq,run.zq,sra","gs,ncbi,s3","gs.us-east1,ncbi.public,s3.us-east-1",NASH,Lob Inflam 1,SRX5188441,Illumina HiSeq 2500,Lob Inflam 1,S00070,PAIRED,cDNA,TRANSCRIPTOMIC,Homo sapiens,ILLUMINA,White,2018-12-28T00:00:00Z,DLDR_0126,female,SRP174668,Liver,2018-12-28T17:01:00Z,1
SRR8378611,43,RNA-Seq,166,12156280264,"Johanna DiStefano\, 5fl\, 445 5th Street\, Phoenix\, AZ 85004",PRJNA512027,SAMN10659422,Human,8277930729,TRANSLATIONAL GENOMICS,public,"fastq,run.zq,sra","gs,ncbi,s3","gs.us-east1,ncbi.public,s3.us-east-1",NASH,Lob Inflam 1,SRX5188440,Illumina HiSeq 2500,Lob Inflam 1,S00071,PAIRED,cDNA,TRANSCRIPTOMIC,Homo sapiens,ILLUMINA,White,2018-12-28T00:00:00Z,DLDR_0127,female,SRP174668,Liver,2018-12-28T17:09:00Z,1
SRR8378612,24,RNA-Seq,166,13883322518,"Johanna DiStefano\, 5fl\, 445 5th Street\, Phoenix\, AZ 85004",PRJNA512027,SAMN10659423,Human,9506184156,TRANSLATIONAL GENOMICS,public,"fastq,run.zq,sra","gs,ncbi,s3","gs.us-east1,ncbi.public,s3.us-east-1",NASH,Lob Inflam 1,SRX5188439,Illumina HiSeq 2500,Lob Inflam 1,S00072,PAIRED,cDNA,TRANSCRIPTOMIC,Homo sapiens,ILLUMINA,White,2018-12-28T00:00:00Z,DLDR_0128,female,SRP174668,Liver,2018-12-28T17:16:00Z,1
SRR8378613,55,RNA-Seq,166,1930045148,"Johanna DiStefano\, 5fl\, 445 5th Street\, Phoenix\, AZ 85004",PRJNA512027,SAMN10659395,Human,1117287595,TRANSLATIONAL GENOMICS,public,"fastq,run.zq,sra","gs,ncbi,s3","gs.us-east1,ncbi.public,s3.us-east-1",NASH,Fibrosis 4,SRX5188438,Illumina HiSeq 2500,Fibrosis 4,S00037,PAIRED,cDNA,TRANSCRIPTOMIC,Homo sapiens,ILLUMINA,White,2018-12-28T00:00:00Z,DLDR_0100,female,SRP174668,Liver,2018-12-28T16:37:00Z,1
SRR8378614,50,RNA-Seq,166,12626486220,"Johanna DiStefano\, 5fl\, 445 5th Street\, Phoenix\, AZ 85004",PRJNA512027,SAMN10659394,Human,7772912621,TRANSLATIONAL GENOMICS,public,"fastq,run.zq,sra","gs,ncbi,s3","gs.us-east1,ncbi.public,s3.us-east-1",NASH,Fibrosis 4,SRX5188437,Illumina HiSeq 2500,Fibrosis 4,S00035,PAIRED,cDNA,TRANSCRIPTOMIC,Homo sapiens,ILLUMINA,White,2018-12-28T00:00:00Z,DLDR_0099,female,SRP174668,Liver,2018-12-28T16:59:00Z,1
SRR8378615,63,RNA-Seq,166,10894284686,"Johanna DiStefano\, 5fl\, 445 5th Street\, Phoenix\, AZ 85004",PRJNA512027,SAMN10659389,Human,7040319328,TRANSLATIONAL GENOMICS,public,"fastq,run.zq,sra","gs,ncbi,s3","gs.us-east1,ncbi.public,s3.us-east-1",NASH,Fibrosis 4,SRX5188436,Illumina HiSeq 2500,Fibrosis 4,S00030,PAIRED,cDNA,TRANSCRIPTOMIC,Homo sapiens,ILLUMINA,White,2018-12-28T00:00:00Z,DLDR_0094,female,SRP174668,Liver,2018-12-28T17:02:00Z,1
SRR8378616,44,RNA-Seq,166,3453180970,"Johanna DiStefano\, 5fl\, 445 5th Street\, Phoenix\, AZ 85004",PRJNA512027,SAMN10659388,Human,2051177187,TRANSLATIONAL GENOMICS,public,"fastq,run.zq,sra","gs,ncbi,s3","gs.us-east1,ncbi.public,s3.us-east-1",NASH,Fibrosis 4,SRX5188435,Illumina HiSeq 2500,Fibrosis 4,S00029,PAIRED,cDNA,TRANSCRIPTOMIC,Homo sapiens,ILLUMINA,White,2018-12-28T00:00:00Z,DLDR_0093,male,SRP174668,Liver,2018-12-28T16:41:00Z,1
SRR8378617,32,RNA-Seq,166,8239158842,"Johanna DiStefano\, 5fl\, 445 5th Street\, Phoenix\, AZ 85004",PRJNA512027,SAMN10659387,Human,4845228982,TRANSLATIONAL GENOMICS,public,"fastq,run.zq,sra","gs,ncbi,s3","gs.us-east1,ncbi.public,s3.us-east-1",NASH,Fibrosis 4,SRX5188434,Illumina HiSeq 2500,Fibrosis 4,S00028,PAIRED,cDNA,TRANSCRIPTOMIC,Homo sapiens,ILLUMINA,White,2018-12-28T00:00:00Z,DLDR_0092,female,SRP174668,Liver,2018-12-28T16:55:00Z,1
SRR8378618,49,RNA-Seq,166,6932727056,"Johanna DiStefano\, 5fl\, 445 5th Street\, Phoenix\, AZ 85004",PRJNA512027,SAMN10659386,Human,4117201457,TRANSLATIONAL GENOMICS,public,"fastq,run.zq,sra","gs,ncbi,s3","gs.us-east1,ncbi.public,s3.us-east-1",NASH,Fibrosis 4,SRX5188433,Illumina HiSeq 2500,Fibrosis 4,S00027,PAIRED,cDNA,TRANSCRIPTOMIC,Homo sapiens,ILLUMINA,White,2018-12-28T00:00:00Z,DLDR_0091,female,SRP174668,Liver,2018-12-28T16:46:00Z,1
SRR8378619,57,RNA-Seq,166,9307440056,"Johanna DiStefano\, 5fl\, 445 5th Street\, Phoenix\, AZ 85004",PRJNA512027,SAMN10659393,Human,5675462541,TRANSLATIONAL GENOMICS,public,"fastq,run.zq,sra","gs,ncbi,s3","gs.us-east1,ncbi.public,s3.us-east-1",NASH,Fibrosis 4,SRX5188432,Illumina HiSeq 2500,Fibrosis 4,S00034,PAIRED,cDNA,TRANSCRIPTOMIC,Homo sapiens,ILLUMINA,White,2018-12-28T00:00:00Z,DLDR_0098,female,SRP174668,Liver,2018-12-28T16:55:00Z,1
SRR8378620,41,RNA-Seq,166,1693373304,"Johanna DiStefano\, 5fl\, 445 5th Street\, Phoenix\, AZ 85004",PRJNA512027,SAMN10659392,Human,1033824128,TRANSLATIONAL GENOMICS,public,"fastq,run.zq,sra","gs,ncbi,s3","gs.us-east1,ncbi.public,s3.us-east-1",NASH,Fibrosis 4,SRX5188431,Illumina HiSeq 2500,Fibrosis 4,S00033,PAIRED,cDNA,TRANSCRIPTOMIC,Homo sapiens,ILLUMINA,White,2018-12-28T00:00:00Z,DLDR_0097,female,SRP174668,Liver,2018-12-28T16:37:00Z,1
SRR8378621,55,RNA-Seq,166,5847885350,"Johanna DiStefano\, 5fl\, 445 5th Street\, Phoenix\, AZ 85004",PRJNA512027,SAMN10659391,Human,3804188821,TRANSLATIONAL GENOMICS,public,"fastq,run.zq,sra","gs,ncbi,s3","gs.us-east1,ncbi.public,s3.us-east-1",NASH,Fibrosis 4,SRX5188430,Illumina HiSeq 2500,Fibrosis 4,S00032,PAIRED,cDNA,TRANSCRIPTOMIC,Homo sapiens,ILLUMINA,White,2018-12-28T00:00:00Z,DLDR_0096,female,SRP174668,Liver,2018-12-28T16:52:00Z,1
SRR8378622,60,RNA-Seq,166,12622608128,"Johanna DiStefano\, 5fl\, 445 5th Street\, Phoenix\, AZ 85004",PRJNA512027,SAMN10659390,Human,8166440382,TRANSLATIONAL GENOMICS,public,"fastq,run.zq,sra","gs,ncbi,s3","gs.us-east1,ncbi.public,s3.us-east-1",NASH,Fibrosis 4,SRX5188429,Illumina HiSeq 2500,Fibrosis 4,S00031,PAIRED,cDNA,TRANSCRIPTOMIC,Homo sapiens,ILLUMINA,White,2018-12-28T00:00:00Z,DLDR_0095,female,SRP174668,Liver,2018-12-28T17:12:00Z,1
