sample_id	condition
SRR14550949	NAFLD_F1
SRR14550950	NAFLD_F2
SRR14550951	NAFLD_F3
SRR14550952	NAFLD_F2
SRR14550953	NAFLD_F3
SRR14550954	NAFLD_F3
SRR14550955	NAFLD_F3
SRR14550956	NAFLD_F3
SRR14550957	NAFLD_F4
SRR14550958	NAFLD_F0
SRR14550959	NAFLD_F3
SRR14550960	NAFLD_F4
SRR14550961	NAFLD_F1
SRR14550962	NAFLD_F2
SRR14550963	NAFLD_F3
SRR14550964	NAFLD_F3
SRR14550965	NAFLD_F4
SRR14550966	NAFLD_F0
SRR14550967	NAFLD_F2
SRR14550968	NAFLD_F1
SRR14550969	NAFLD_F0
SRR14550970	NAFLD_F3
SRR14550971	NAFLD_F2
SRR14550972	NAFLD_F2
SRR14550973	NAFLD_F3
SRR14550974	NAFLD_F2
SRR14550975	NAFLD_F1
SRR14550976	NAFLD_F3
SRR14550977	NAFLD_F1
SRR14550978	NAFLD_F1
SRR14550979	NAFLD_F3
SRR14550980	NAFLD_F4
SRR14550981	NAFLD_F2
SRR14550982	NAFLD_F2
SRR14550983	NAFLD_F1
SRR14550984	NAFLD_F1
SRR14550985	NAFLD_F3
SRR14550986	NAFLD_F2
SRR14550987	NAFLD_F1
SRR14550988	NAFLD_F4
SRR14550989	NAFLD_F1
SRR14550990	NAFLD_F1
SRR14550991	NAFLD_F0
SRR14550992	NAFLD_F1
SRR14550993	NAFLD_F0
SRR14550994	NAFLD_F4
SRR14550995	NAFLD_F2
SRR14550996	NAFLD_F1
SRR14550997	NAFLD_F1
SRR14550998	NAFLD_F2
SRR14550999	NAFLD_F4
SRR14551000	NAFLD_F3
SRR14551001	NAFLD_F3
SRR14551002	NAFLD_F2
SRR14551003	NAFLD_F3
SRR14551004	NAFLD_F1
SRR14551005	NAFLD_F2
SRR14551006	NAFLD_F3
SRR14551007	NAFLD_F1
SRR14551008	NAFLD_F1
SRR14551009	NAFLD_F4
SRR14551010	NAFLD_F1
SRR14551011	NAFLD_F0
SRR14551012	NAFLD_F3
SRR14551013	NAFLD_F4
SRR14551014	NAFLD_F1
SRR14551015	NAFLD_F2
SRR14551016	NAFLD_F3
SRR14551017	NAFLD_F1
SRR14551018	NAFLD_F2
SRR14551019	NAFLD_F1
SRR14551020	NAFLD_F3
SRR14551021	NAFLD_F4
SRR14551022	NAFLD_F1
SRR14551023	NAFLD_F1
SRR14551024	NAFLD_F3
SRR14551025	NAFLD_F3
SRR14551026	NAFLD_F2
SRR14551027	NAFLD_F1
SRR14551028	NAFLD_F2
SRR14551029	NAFLD_F0
SRR14551030	NAFLD_F4
SRR14551031	NAFLD_F2
SRR14551032	NAFLD_F1
SRR14551033	NAFLD_F1
SRR14551034	NAFLD_F2
SRR14551035	NAFLD_F1
SRR14551036	NAFLD_F2
SRR14551037	NAFLD_F3
SRR14551038	NAFLD_F2
SRR14551039	NAFLD_F1
SRR14551040	NAFLD_F2
SRR14551041	NAFLD_F3
SRR14551042	NAFLD_F1
