input_id	relative_path	expected_sha256	role	copy_mode
evidence_classes	Analysis/Multimodal_Program_Projection/candidates/public-functional-map-2026-08-09/frozen_inputs/frozen_evidence_classes.tsv	28de2f734b7504dec36ee24c6127af1c4be9fa96563ffa9fab9c77b6c8edf975	frozen evidence-role universe	copy
program_registry	Analysis/Multimodal_Program_Projection/candidates/public-functional-map-2026-08-09/frozen_inputs/program_registry_v2.tsv	b134b5f8e46a716e857af22271aa54e1294432b9f9ab735559d7f603cdd29fe7	complete 117-program donor-stage registry	copy
program_membership	Analysis/Multimodal_Program_Projection/candidates/public-functional-map-2026-08-09/frozen_inputs/program_membership_v2.tsv	feec3fc9ccaaffaa9abc1ac5d593cc06845ed8140460c8873a51bc8652d7336b	frozen program genes and weights	copy
phenotype_registry	Analysis/Multimodal_Program_Projection/candidates/program-context-v2-candidate-2026-08-07/genetics_context/phenotype_registry.tsv	895e0342a6e5a97b2d867a6eadc7464502dd2b4f29ea6c09112e71fbf66a18af	Tier-1/2 phenotype provenance	copy
plan41_validation	Analysis/Multimodal_Program_Projection/candidates/public-functional-map-2026-08-09/VALIDATED.json	260358ef4fc5db7164818798d46777285e4544a870112671c253873e836bf955	immutable predecessor validation	copy
plan41_release_manifest	Analysis/Multimodal_Program_Projection/candidates/public-functional-map-2026-08-09/release_manifest.tsv	b579c4482aff51e6b2108e77580a5ce99ba298ddfe0b36fd6323d24f79b9c194	immutable predecessor manifest	copy
plan42_validation	Analysis/Multimodal_Program_Projection/candidates/risk-state-double-dissociation-2026-08-09/VALIDATED.json	9ebd018cee0d851d54c8cbcd52234c1a04457de81390baa38c21e61c532d5185	immutable predecessor validation	copy
plan42_release_manifest	Analysis/Multimodal_Program_Projection/candidates/risk-state-double-dissociation-2026-08-09/release_manifest.tsv	0463baef4d9f8b844584c15042896ddb19247ba8869cfcdd9a679867bab9da61	immutable predecessor manifest	copy
plan42_flawed_loci	Analysis/Multimodal_Program_Projection/candidates/risk-state-double-dissociation-2026-08-09/genetic_locus_registry.tsv	bbb3e31a8a2e890e801d234ffa561a6610f51241c2ccd7310798057167cbe4af	frozen erroneous registry retained for audit	copy
