dataset_id	role	prospective_status	url	local_name	required_for_gate	schema_gate
GSE83452	paired human histologic reversal	outcome_unseen_external_test	https://ftp.ncbi.nlm.nih.gov/geo/series/GSE83nnn/GSE83452/matrix/GSE83452_series_matrix.txt.gz	GSE83452_series_matrix.txt.gz	true	152 baseline and 79 follow-up arrays; only authoritative parenthetical pairs
GSE83452	paired human histologic reversal	outcome_unseen_external_test	https://ftp.ncbi.nlm.nih.gov/geo/series/GSE83nnn/GSE83452/soft/GSE83452_family.soft.gz	GSE83452_family.soft.gz	true	SOFT sample metadata and source pairing key
GSE48452	paired human NAS reversal	outcome_unseen_external_test	https://ftp.ncbi.nlm.nih.gov/geo/series/GSE48nnn/GSE48452/matrix/GSE48452_series_matrix.txt.gz	GSE48452_series_matrix.txt.gz	true	symmetric other_id links and explicit before-after timing
GSE48452	paired human NAS reversal	outcome_unseen_external_test	https://ftp.ncbi.nlm.nih.gov/geo/series/GSE48nnn/GSE48452/soft/GSE48452_family.soft.gz	GSE48452_family.soft.gz	true	SOFT participant timing NAS and pair fields
GSE281160	regulatory-risk CROP-seq	outcome_unseen_state_projection	https://ftp.ncbi.nlm.nih.gov/geo/series/GSE281nnn/GSE281160/suppl/GSE281160_matrix.mtx.gz	GSE281160_matrix.mtx.gz	true	aggregated sparse counts
GSE281160	regulatory-risk CROP-seq	outcome_unseen_state_projection	https://ftp.ncbi.nlm.nih.gov/geo/series/GSE281nnn/GSE281160/suppl/GSE281160_features.tsv.gz	GSE281160_features.tsv.gz	true	feature identifiers
GSE281160	regulatory-risk CROP-seq	outcome_unseen_state_projection	https://ftp.ncbi.nlm.nih.gov/geo/series/GSE281nnn/GSE281160/suppl/GSE281160_barcodes.tsv.gz	GSE281160_barcodes.tsv.gz	true	cell barcodes
GSE281160	regulatory-risk CROP-seq	outcome_unseen_state_projection	https://ftp.ncbi.nlm.nih.gov/geo/samples/GSM8611nnn/GSM8611921/suppl/GSM8611921_CROP-sgRNA-ko-barcodes.cellAssign.txt.gz	GSE281160_cellAssign.txt.gz	true	cell-to-guide assignment
GSE281160	regulatory-risk CROP-seq	outcome_unseen_state_projection	https://ftp.ncbi.nlm.nih.gov/geo/series/GSE281nnn/GSE281160/soft/GSE281160_family.soft.gz	GSE281160_family.soft.gz	true	20 variants two guides each six NTC design
ZHU_SUPP	allele orientation and source target registry	source_known_before_projection	https://media.springernature.com/original/springer-static/esm/art%3A10.1038%2Fs41588-026-02617-8/MediaObjects/41588_2026_2617_MOESM4_ESM.xlsx	Zhu2026_supplementary_tables.xlsx	true	Supplementary Tables 1-10; allele and guide identities
ZHU_SOURCE	allele orientation source data	source_known_before_projection	https://media.springernature.com/original/springer-static/esm/art%3A10.1038%2Fs41588-026-02617-8/MediaObjects/41588_2026_2617_MOESM5_ESM.xlsx	Zhu2026_source_data.xlsx	true	figure source data and allele orientation audit
PXD052787	human liver-secreted proteome	outcome_unseen_external_test	https://ars.els-cdn.com/content/image/1-s2.0-S2666379125001582-mmc7.xlsx	PXD052787_mmc7.xlsx	true	96 livers; 26 no pathology 59 MASL 11 MASH; source processed values
