study_name	trait	tier	tier_label	placement
2019_31311600_NAFLD_EUR	NAFLD	1	direct_MASLD	main
2020_32298765_NAFLD_EUR	NAFLD	1	direct_MASLD	main
2021_34128465_PDFF_EUR	PDFF	1	direct_MASLD	main
2021_34841290_NAFLD_EUR	NAFLD	1	direct_MASLD	main
2021_34957434_PDFF_EUR	PDFF	1	direct_MASLD	main
2022_36402844_PDFF_EUR	PDFF	1	direct_MASLD	main
2023_36280732_NAFLD_deCode_EUR	NAFLD	1	direct_MASLD	main
2023_36280732_NAFLD_Intermountain_EUR	NAFLD	1	direct_MASLD	main
2023_36280732_NAFLD_UKBB_EUR	NAFLD	1	direct_MASLD	main
UKBB_ALT	ALT	2	liver_enzyme	main
UKBB_AST	AST	2	liver_enzyme	main
UKBB_GGT	GGT	2	liver_enzyme	main
FinnGen_NAFLD	NAFLD	1	direct_MASLD	main
FinnGen_NASH	NASH	1	direct_MASLD	main
BBJ_ALT	ALT	2	liver_enzyme	main
BBJ_AST	AST	2	liver_enzyme	main
BBJ_GGT	GGT	2	liver_enzyme	main
PanUKBB_AFR_ALT	ALT	2	liver_enzyme	main
PanUKBB_AFR_AST	AST	2	liver_enzyme	main
PanUKBB_AFR_GGT	GGT	2	liver_enzyme	main
PanUKBB_CSA_ALT	ALT	2	liver_enzyme	main
PanUKBB_CSA_AST	AST	2	liver_enzyme	main
PanUKBB_CSA_GGT	GGT	2	liver_enzyme	main
MVP_ALT_AFR	ALT	2	liver_enzyme	main
MVP_ALT_AMR	ALT	2	liver_enzyme	main
MVP_ALT_EAS	ALT	2	liver_enzyme	main
MVP_ALT_EUR	ALT	2	liver_enzyme	main
MVP_AST_AFR	AST	2	liver_enzyme	main
MVP_AST_AMR	AST	2	liver_enzyme	main
MVP_AST_EAS	AST	2	liver_enzyme	main
MVP_AST_EUR	AST	2	liver_enzyme	main
MVP_NAFLD_AFR	NAFLD	1	direct_MASLD	main
MVP_NAFLD_AMR	NAFLD	1	direct_MASLD	main
MVP_NAFLD_EAS	NAFLD	1	direct_MASLD	main
MVP_NAFLD_EUR	NAFLD	1	direct_MASLD	main
MVP_ChronLiver_AFR	ChronLiver	3	sequela_mixed_etiology	supp
MVP_ChronLiver_AMR	ChronLiver	3	sequela_mixed_etiology	supp
MVP_ChronLiver_EAS	ChronLiver	3	sequela_mixed_etiology	supp
MVP_ChronLiver_EUR	ChronLiver	3	sequela_mixed_etiology	supp
MVP_Cirrhosis_AFR	Cirrhosis	3	sequela_mixed_etiology	supp
MVP_Cirrhosis_AMR	Cirrhosis	3	sequela_mixed_etiology	supp
MVP_Cirrhosis_EUR	Cirrhosis	3	sequela_mixed_etiology	supp
MVP_Albumin_AFR	Albumin	4	distal_nonspecific	supp
MVP_Albumin_AMR	Albumin	4	distal_nonspecific	supp
MVP_Albumin_EAS	Albumin	4	distal_nonspecific	supp
MVP_Albumin_EUR	Albumin	4	distal_nonspecific	supp
MVP_Platelet_AFR	Platelet	4	distal_nonspecific	supp
MVP_Platelet_AMR	Platelet	4	distal_nonspecific	supp
MVP_Platelet_EAS	Platelet	4	distal_nonspecific	supp
MVP_Platelet_EUR	Platelet	4	distal_nonspecific	supp
