input_id	relative_path	expected_sha256	expected_data_rows	format	snapshot_mode	required_columns	source_role
canonical_treat	RNA-seq/Human/Patient_Cohorts/analysis/integration/results/integration/canonical_deg_results.csv	e27fd319033fcd290ae2d6d8eed5b41500e8eb06460eafb4594b7cb20abf7bcd	27638	csv	copy	gene;symbol;logFC;t;AveExpr;treat_lfc;treat_fdr	frozen established-state map
gwas_registry	GWAS/finemapping/config/gwas_registry.tsv	6823e42f5c1373785e2a23e08a4e8657fc3c2363d7d4259f6978e8ecfe8b9b8c	50	tsv	copy	study_name;ancestry;trait_type;N_tot;N_cases;ld_panel;ld_panel_n	GWAS design and LD provenance
gwas_trait_tier	GWAS/finemapping/config/gwas_trait_tier.tsv	865f108de0782a708469b7a4e42943075de79b5ae062dc452f4050034bc15fc7	50	tsv	copy	study_name;trait;tier;tier_label;placement	prespecified primary trait family
tier12_genelevel	GWAS/finemapping/results/susie_coloc/gene_level_coloc_tier12.csv	5e33ab128126a3a8196a57efa6d59adb9e334063fb525074992373bc4b05da78	18975	csv	copy	ensembl;coloc_best_susie_pp4;coloc_best_abf_pp4;driving_gwas;driving_trait;driving_tier	primary SuSiE map
full_genelevel	GWAS/finemapping/results/susie_coloc/gene_level_coloc.csv	7fb2075c22c61cdfea9ce9a0780a68c0f29dad4ce3abc1ab577416ae73461998	18975	csv	copy	gene;ensembl;coloc_best_susie_pp4;coloc_best_susie_gwas;coloc_best_susie_ancestry	gene-symbol and quality annotation
all_gwas_coloc	GWAS/finemapping/results/susie_coloc/susie_coloc_all_gwas.csv	2377c1dc98d26fb62271a95109a24eef385e4dd62d961e872baff3ebb237e308	927225	csv	reference	gwas_name;gene;ensembl;PP.H4.susie;n_snps;method;ancestry;ld_panel;ld_reliability	coverage metadata only; n_snps is not eGene strength
broadaway_leads	data/broadaway_eqtl/Liver_eQTL_Meta_Leads_ST3_20240530.tsv	90be5e6ffd1df514451e3faf31125094f142d4a117cba89392fe533871d53417	9013	tsv	copy	Gene;Ensembl;Signal;N;Stepwise_Pvalue;Marginal_Pvalue;eigenMT_adjusted_Pvalue;FDR;Gene_BioType	source-significant liver cis-eQTL signals only
gencode_metadata	data/gencode_v49_gene_metadata.tsv.gz	49dcaae77323ffb20f5fd8399bb2899cd553e3634755a37b60a133d62549c189	86369	tsv_gz	copy	gene_id;gene_name;chromosome;gene_biotype;ensembl_base	gene symbol and biotype annotation
gencode_gtf	/gpfs/commons/home/jameslee/reference_genome/gencode_v49/gencode.v49.chr_patch_hapl_scaff.annotation.gtf.gz	73bbbbd6eb2f114d1536f7cbf2339a653e1edc889b0cbe78992e92560b5aaba9	-1	gtf_gz	reference		GRCh38 gene-span annotation
broadaway_paper	docs/reference/Liver eQTL meta-analysis illuminates potential molecular mechanisms of cardiometabolic traits.pdf	c9c2d2bb81245de37e5f21f88826426aa2a51bdec6582265b42c5e138610f3ad	-1	pdf	reference		source methods authority; doi:10.1016/j.ajhg.2024.07.017
