study_name	phenotype_stratum	phenotype_definition	direct_or_proxy	source_design	source_ancestry	source_sample_size	source_build	source_citation	source_url	source_verification	source_note
2019_31311600_NAFLD_EUR	direct_masld_mash_diagnosis	EHR-derived NAFLD diagnosis	direct_diagnosis	case_control	EUR	8434	not_resolved_preflight	Namjou et al.; PMID 31311600	https://pubmed.ncbi.nlm.nih.gov/31311600/	local_registry_and_source_identifier	Independent eMERGE arm; cohort overlap is handled outside this preflight.
2020_32298765_NAFLD_EUR	direct_masld_mash_diagnosis	histologically characterized NAFLD	direct_diagnosis	case_control	EUR	9491	not_resolved_preflight	Anstee et al.; PMID 32298765	https://pubmed.ncbi.nlm.nih.gov/32298765/	local_registry_and_source_identifier	Biopsy-based disease study.
2021_34128465_PDFF_EUR	mri_pdff_or_histologic_steatosis	MRI proton-density fat fraction	quantitative_proxy	quantitative	EUR	36116	not_resolved_preflight	Liu et al.; PMID 34128465	https://pubmed.ncbi.nlm.nih.gov/34128465/	local_registry_and_source_identifier	UK Biobank imaging cohort; overlaps other PDFF studies.
2021_34841290_NAFLD_EUR	direct_masld_mash_diagnosis	multi-cohort EHR-derived NAFLD diagnosis	direct_diagnosis	case_control	EUR	778614	not_resolved_preflight	Ghodsian et al.; PMID 34841290	https://pubmed.ncbi.nlm.nih.gov/34841290/	local_registry_and_source_identifier	Meta-analysis includes participant pools reused by other portfolio studies.
2021_34957434_PDFF_EUR	mri_pdff_or_histologic_steatosis	machine-learning-derived MRI liver fat fraction	quantitative_proxy	quantitative	EUR	32858	not_resolved_preflight	Haas et al.; PMID 34957434	https://pubmed.ncbi.nlm.nih.gov/34957434/	local_registry_and_source_identifier	UK Biobank imaging cohort; overlaps other PDFF studies.
2022_36402844_PDFF_EUR	mri_pdff_or_histologic_steatosis	whole-body MRI liver proton-density fat fraction	quantitative_proxy	quantitative	EUR	44867	not_resolved_preflight	van der Meer et al.; PMID 36402844	https://pubmed.ncbi.nlm.nih.gov/36402844/	local_registry_and_source_identifier	UK Biobank imaging cohort; overlaps other PDFF studies.
2023_36280732_NAFLD_deCode_EUR	direct_masld_mash_diagnosis	deCODE diagnosis-derived NAFLD	direct_diagnosis	case_control	EUR	~370000	not_resolved_preflight	Sveinbjornsson et al.; PMID 36280732	https://pubmed.ncbi.nlm.nih.gov/36280732/	local_source_consolidation_and_source_identifier	One of three source-paper cohorts; rounded source cohort size differs from the current analysis registry.
2023_36280732_NAFLD_Intermountain_EUR	direct_masld_mash_diagnosis	Intermountain diagnosis-derived NAFLD	direct_diagnosis	case_control	EUR	~111000	not_resolved_preflight	Sveinbjornsson et al.; PMID 36280732	https://pubmed.ncbi.nlm.nih.gov/36280732/	local_source_consolidation_and_source_identifier	One of three source-paper cohorts; rounded source cohort size differs materially from the current analysis registry and must not be silently reconciled.
2023_36280732_NAFLD_UKBB_EUR	direct_masld_mash_diagnosis	UK Biobank diagnosis-derived NAFLD	direct_diagnosis	case_control	EUR	~400000	not_resolved_preflight	Sveinbjornsson et al.; PMID 36280732	https://pubmed.ncbi.nlm.nih.gov/36280732/	local_source_consolidation_and_source_identifier	One of three source-paper cohorts; rounded source cohort size differs from the current analysis registry and participant overlap exists with other UK Biobank traits.
UKBB_ALT	alt_ast_or_ggt	serum alanine aminotransferase	liver_enzyme_proxy	quantitative	EUR	343850	GRCh38	UK Biobank continuous trait GWAS; GCST90019492	https://www.ebi.ac.uk/gwas/studies/GCST90019492	local_harmonized_source_and_gwas_catalog	Analysis input is reformatted to hg19.
UKBB_AST	alt_ast_or_ggt	serum aspartate aminotransferase	liver_enzyme_proxy	quantitative	EUR	343850	GRCh38	UK Biobank continuous trait GWAS; GCST90019497	https://www.ebi.ac.uk/gwas/studies/GCST90019497	local_harmonized_source_and_gwas_catalog	Analysis input is reformatted to hg19.
UKBB_GGT	alt_ast_or_ggt	serum gamma-glutamyl transferase	liver_enzyme_proxy	quantitative	EUR	343850	GRCh38	UK Biobank continuous trait GWAS; GCST90019507	https://www.ebi.ac.uk/gwas/studies/GCST90019507	local_harmonized_source_and_gwas_catalog	Analysis input is reformatted to hg19.
FinnGen_NAFLD	direct_masld_mash_diagnosis	FinnGen R12 K11_NAFLD endpoint	direct_diagnosis	case_control	EUR	438857	GRCh38	FinnGen Data Freeze 12; K11_NAFLD	https://r12.finngen.fi/pheno/K11_NAFLD	local_endpoint_file_and_public_dictionary	Finnish cohort; analysis input is lifted to hg19.
FinnGen_NASH	direct_masld_mash_diagnosis	FinnGen R12 CHIRHEP_NAS endpoint	direct_diagnosis	case_control	EUR	435000	GRCh38	FinnGen Data Freeze 12; CHIRHEP_NAS	https://r12.finngen.fi/pheno/CHIRHEP_NAS	local_endpoint_file_and_public_dictionary	Finnish cohort; analysis input is lifted to hg19.
BBJ_ALT	alt_ast_or_ggt	serum alanine aminotransferase	liver_enzyme_proxy	quantitative	EAS	261406	GRCh37	Kanai et al. Nature Genetics 2018; PMID 29403010	https://pubmed.ncbi.nlm.nih.gov/29403010/	local_source_notes_and_publication	Source-reported N conflicts with the current 160000 registry approximation; preflight must flag it.
BBJ_AST	alt_ast_or_ggt	serum aspartate aminotransferase	liver_enzyme_proxy	quantitative	EAS	261270	GRCh37	Kanai et al. Nature Genetics 2018; PMID 29403010	https://pubmed.ncbi.nlm.nih.gov/29403010/	local_source_notes_and_publication	Source-reported N conflicts with the current 160000 registry approximation; preflight must flag it.
BBJ_GGT	alt_ast_or_ggt	serum gamma-glutamyl transferase	liver_enzyme_proxy	quantitative	EAS	164006	GRCh37	Kanai et al. Nature Genetics 2018; PMID 29403010	https://pubmed.ncbi.nlm.nih.gov/29403010/	local_source_notes_and_publication	Registry N is an approximation; retain exact source-reported N separately.
PanUKBB_AFR_ALT	alt_ast_or_ggt	UK Biobank field 30620 alanine aminotransferase; inverse-rank normalized	liver_enzyme_proxy	quantitative	AFR	6636	GRCh37	Pan-UK Biobank project; phenotype 30620	https://pan.ukbb.broadinstitute.org/	local_formatter_and_public_portal	Small ancestry-specific quantitative stratum.
PanUKBB_AFR_AST	alt_ast_or_ggt	UK Biobank field 30650 aspartate aminotransferase; inverse-rank normalized	liver_enzyme_proxy	quantitative	AFR	6636	GRCh37	Pan-UK Biobank project; phenotype 30650	https://pan.ukbb.broadinstitute.org/	local_formatter_and_public_portal	Small ancestry-specific quantitative stratum.
PanUKBB_AFR_GGT	alt_ast_or_ggt	UK Biobank field 30730 gamma-glutamyl transferase; inverse-rank normalized	liver_enzyme_proxy	quantitative	AFR	6636	GRCh37	Pan-UK Biobank project; phenotype 30730	https://pan.ukbb.broadinstitute.org/	local_formatter_and_public_portal	Small ancestry-specific quantitative stratum.
PanUKBB_CSA_ALT	alt_ast_or_ggt	UK Biobank field 30620 alanine aminotransferase; inverse-rank normalized	liver_enzyme_proxy	quantitative	SAS	8876	GRCh37	Pan-UK Biobank project; phenotype 30620	https://pan.ukbb.broadinstitute.org/	local_formatter_and_public_portal	Registry CSA label is represented as SAS ancestry in the analysis.
PanUKBB_CSA_AST	alt_ast_or_ggt	UK Biobank field 30650 aspartate aminotransferase; inverse-rank normalized	liver_enzyme_proxy	quantitative	SAS	8876	GRCh37	Pan-UK Biobank project; phenotype 30650	https://pan.ukbb.broadinstitute.org/	local_formatter_and_public_portal	Registry CSA label is represented as SAS ancestry in the analysis.
PanUKBB_CSA_GGT	alt_ast_or_ggt	UK Biobank field 30730 gamma-glutamyl transferase; inverse-rank normalized	liver_enzyme_proxy	quantitative	SAS	8876	GRCh37	Pan-UK Biobank project; phenotype 30730	https://pan.ukbb.broadinstitute.org/	local_formatter_and_public_portal	Registry CSA label is represented as SAS ancestry in the analysis.
MVP_ALT_AFR	alt_ast_or_ggt	inverse-normal transformed alanine aminotransferase	liver_enzyme_proxy	quantitative	AFR	115128	GRCh38	Verma et al. Science 2024; doi:10.1126/science.adj1182	https://doi.org/10.1126/science.adj1182	local_methods_notes_and_open_dbgap_source	MVP R4 GIA summary statistics; lifted to hg19.
MVP_ALT_AMR	alt_ast_or_ggt	inverse-normal transformed alanine aminotransferase	liver_enzyme_proxy	quantitative	AMR	56001	GRCh38	Verma et al. Science 2024; doi:10.1126/science.adj1182	https://doi.org/10.1126/science.adj1182	local_methods_notes_and_open_dbgap_source	MVP R4 GIA summary statistics; lifted to hg19.
MVP_ALT_EAS	alt_ast_or_ggt	inverse-normal transformed alanine aminotransferase	liver_enzyme_proxy	quantitative	EAS	6050	GRCh38	Verma et al. Science 2024; doi:10.1126/science.adj1182	https://doi.org/10.1126/science.adj1182	local_methods_notes_and_open_dbgap_source	MVP R4 GIA summary statistics; lifted to hg19.
MVP_ALT_EUR	alt_ast_or_ggt	inverse-normal transformed alanine aminotransferase	liver_enzyme_proxy	quantitative	EUR	406803	GRCh38	Verma et al. Science 2024; doi:10.1126/science.adj1182	https://doi.org/10.1126/science.adj1182	local_methods_notes_and_open_dbgap_source	MVP R4 GIA summary statistics; lifted to hg19.
MVP_AST_AFR	alt_ast_or_ggt	inverse-normal transformed aspartate aminotransferase	liver_enzyme_proxy	quantitative	AFR	112429	GRCh38	Verma et al. Science 2024; doi:10.1126/science.adj1182	https://doi.org/10.1126/science.adj1182	local_methods_notes_and_open_dbgap_source	MVP R4 GIA summary statistics; lifted to hg19.
MVP_AST_AMR	alt_ast_or_ggt	inverse-normal transformed aspartate aminotransferase	liver_enzyme_proxy	quantitative	AMR	54250	GRCh38	Verma et al. Science 2024; doi:10.1126/science.adj1182	https://doi.org/10.1126/science.adj1182	local_methods_notes_and_open_dbgap_source	MVP R4 GIA summary statistics; lifted to hg19.
MVP_AST_EAS	alt_ast_or_ggt	inverse-normal transformed aspartate aminotransferase	liver_enzyme_proxy	quantitative	EAS	5835	GRCh38	Verma et al. Science 2024; doi:10.1126/science.adj1182	https://doi.org/10.1126/science.adj1182	local_methods_notes_and_open_dbgap_source	MVP R4 GIA summary statistics; lifted to hg19.
MVP_AST_EUR	alt_ast_or_ggt	inverse-normal transformed aspartate aminotransferase	liver_enzyme_proxy	quantitative	EUR	389192	GRCh38	Verma et al. Science 2024; doi:10.1126/science.adj1182	https://doi.org/10.1126/science.adj1182	local_methods_notes_and_open_dbgap_source	MVP R4 GIA summary statistics; lifted to hg19.
MVP_NAFLD_AFR	direct_masld_mash_diagnosis	MVP phecode 571.5 NAFLD	direct_diagnosis	case_control	AFR	116617	GRCh38	Verma et al. Science 2024; doi:10.1126/science.adj1182	https://doi.org/10.1126/science.adj1182	local_methods_notes_and_open_dbgap_source	8,587 cases; EUR liver eQTL panel remains ancestry-mismatched.
MVP_NAFLD_AMR	direct_masld_mash_diagnosis	MVP phecode 571.5 NAFLD	direct_diagnosis	case_control	AMR	56817	GRCh38	Verma et al. Science 2024; doi:10.1126/science.adj1182	https://doi.org/10.1126/science.adj1182	local_methods_notes_and_open_dbgap_source	6,136 cases; EUR liver eQTL panel remains ancestry-mismatched.
MVP_NAFLD_EAS	direct_masld_mash_diagnosis	MVP phecode 571.5 NAFLD	direct_diagnosis	case_control	EAS	6579	GRCh38	Verma et al. Science 2024; doi:10.1126/science.adj1182	https://doi.org/10.1126/science.adj1182	local_methods_notes_and_open_dbgap_source	505 cases; underpowered and EUR liver eQTL panel remains ancestry-mismatched.
MVP_NAFLD_EUR	direct_masld_mash_diagnosis	MVP phecode 571.5 NAFLD	direct_diagnosis	case_control	EUR	432709	GRCh38	Verma et al. Science 2024; doi:10.1126/science.adj1182	https://doi.org/10.1126/science.adj1182	local_methods_notes_and_open_dbgap_source	29,342 cases; lifted to hg19.
