stage_axis,transition,transition_label,cell_type,n_set_degs,estimable,non_estimable,low_power,expr_frac_carried,n_lr_genes,liana_frac_as_LR,hotspot_frac_modularized,hotspot_frac_any
augmented,fine_F0_F1,F0->F1,Macrophages,5448,TRUE,FALSE,FALSE,0.187958883994126,5,0.00091776798825257,0.0554027504911591,0.0722986247544204
augmented,fine_F0_F1,F0->F1,Cholangiocytes,5448,TRUE,FALSE,FALSE,0.15363436123348,2,0.000367107195301028,0.0495156081808396,0.0638679583781844
augmented,fine_F0_F1,F0->F1,T cells,5448,TRUE,FALSE,FALSE,0.124265785609398,4,0.000734214390602056,0,0.097864768683274
augmented,fine_F0_F1,F0->F1,Hepatocytes,5448,TRUE,FALSE,FALSE,0.111600587371513,6,0.00110132158590308,0.0327118089630357,0.0919201831861302
augmented,fine_F0_F1,F0->F1,Fibroblasts,5448,TRUE,FALSE,FALSE,0.104074889867841,5,0.00091776798825257,0.0447284345047923,0.0638977635782748
augmented,fine_F0_F1,F0->F1,Endothelial,5448,TRUE,FALSE,FALSE,0.0868208516886931,6,0.00110132158590308,,
augmented,fine_F0_F1,F0->F1,B cells,5448,TRUE,FALSE,FALSE,0.000183553597650514,0,0,,
augmented,fine_F0_F1,F0->F1,Plasma,5448,TRUE,FALSE,FALSE,0.000183553597650514,0,0,,
augmented,fine_F0_F1,F0->F1,Resident NK,5448,TRUE,FALSE,FALSE,0.000183553597650514,0,0,,
augmented,fine_F1_F2,F1->F2,Hepatocytes,4217,TRUE,FALSE,FALSE,0.22361868626986,6,0.00142281242589519,0.04210004952947,0.118870728083209
augmented,fine_F1_F2,F1->F2,Endothelial,4217,TRUE,FALSE,FALSE,0.168366137064264,6,0.00142281242589519,,
augmented,fine_F1_F2,F1->F2,Fibroblasts,4217,TRUE,FALSE,FALSE,0.148446763101731,7,0.00165994783021105,0.0707876370887338,0.184945164506481
augmented,fine_F1_F2,F1->F2,T cells,4217,TRUE,FALSE,FALSE,0.131135878586673,3,0.000711406212947593,0,0.0780964002440513
augmented,fine_F1_F2,F1->F2,Macrophages,4217,TRUE,FALSE,FALSE,0.112165046241404,9,0.00213421863884278,0.0520722635494155,0.0977683315621679
augmented,fine_F1_F2,F1->F2,Cholangiocytes,4217,TRUE,FALSE,FALSE,0.0846573393407636,3,0.000711406212947593,0.0792124542124542,0.142857142857143
augmented,fine_F1_F2,F1->F2,B cells,4217,TRUE,FALSE,FALSE,0,0,0,,
augmented,fine_F1_F2,F1->F2,Plasma,4217,TRUE,FALSE,FALSE,0,0,0,,
augmented,fine_F1_F2,F1->F2,Resident NK,4217,TRUE,FALSE,FALSE,0,0,0,,
augmented,fine_F2_F3,F2->F3,Endothelial,4837,TRUE,FALSE,FALSE,0.228033905313211,9,0.00186065743229274,,
augmented,fine_F2_F3,F2->F3,Cholangiocytes,4837,TRUE,FALSE,FALSE,0.223899111019227,2,0.000413479429398387,0.0764406115248922,0.13484907879263
augmented,fine_F2_F3,F2->F3,Fibroblasts,4837,TRUE,FALSE,FALSE,0.195369030390738,7,0.00144717800289436,0.0882352941176471,0.222630718954248
augmented,fine_F2_F3,F2->F3,Hepatocytes,4837,TRUE,FALSE,FALSE,0.163531114327062,11,0.00227413686169113,0.0741516547968161,0.170925848345203
augmented,fine_F2_F3,F2->F3,B cells,4837,TRUE,FALSE,FALSE,0,0,0,,
augmented,fine_F2_F3,F2->F3,Macrophages,4837,TRUE,FALSE,FALSE,0,5,0.00103369857349597,0.0656389855793138,0.0994530084535057
augmented,fine_F2_F3,F2->F3,Plasma,4837,TRUE,FALSE,FALSE,0,0,0,,
augmented,fine_F2_F3,F2->F3,Resident NK,4837,TRUE,FALSE,FALSE,0,0,0,,
augmented,fine_F2_F3,F2->F3,T cells,4837,TRUE,FALSE,FALSE,0,5,0.00103369857349597,0,0.0842824601366743
augmented,fine_F3_F4,F3->F4,Hepatocytes,1472,TRUE,FALSE,TRUE,0.504076086956522,2,0.00135869565217391,0.0259301014656144,0.0924464487034949
augmented,fine_F3_F4,F3->F4,Endothelial,1472,TRUE,FALSE,TRUE,0.22758152173913,3,0.00203804347826087,,
augmented,fine_F3_F4,F3->F4,Fibroblasts,1472,TRUE,FALSE,TRUE,0.195652173913043,1,0.000679347826086957,0.0232828870779977,0.0989522700814901
augmented,fine_F3_F4,F3->F4,Cholangiocytes,1472,TRUE,FALSE,TRUE,0.164402173913043,0,0,0.0206611570247934,0.0557851239669422
augmented,fine_F3_F4,F3->F4,B cells,1472,TRUE,FALSE,TRUE,0.0754076086956522,0,0,,
augmented,fine_F3_F4,F3->F4,Macrophages,1472,TRUE,FALSE,TRUE,0.0754076086956522,2,0.00135869565217391,0,0.0172413793103448
augmented,fine_F3_F4,F3->F4,Plasma,1472,TRUE,FALSE,TRUE,0.0754076086956522,0,0,,
augmented,fine_F3_F4,F3->F4,Resident NK,1472,TRUE,FALSE,TRUE,0.0754076086956522,0,0,,
augmented,fine_F3_F4,F3->F4,T cells,1472,TRUE,FALSE,TRUE,0.0754076086956522,0,0,0,0.0779411764705882
coarse,coarse_Cirrhosis,Steatohepatitis->Cirrhosis,B cells,13438,FALSE,TRUE,FALSE,0,0,0,,
coarse,coarse_Cirrhosis,Steatohepatitis->Cirrhosis,Cholangiocytes,13438,FALSE,TRUE,FALSE,0,10,0.000744158356898348,0.0258819904483131,0.0796487444153443
coarse,coarse_Cirrhosis,Steatohepatitis->Cirrhosis,Endothelial,13438,FALSE,TRUE,FALSE,0,6,0.000446495014139009,,
coarse,coarse_Cirrhosis,Steatohepatitis->Cirrhosis,Fibroblasts,13438,FALSE,TRUE,FALSE,0,17,0.00126506920672719,0.0539198904484765,0.117254364943513
coarse,coarse_Cirrhosis,Steatohepatitis->Cirrhosis,Hepatocytes,13438,FALSE,TRUE,FALSE,0,9,0.000669742521208513,0.0386855862584018,0.0855862584017924
coarse,coarse_Cirrhosis,Steatohepatitis->Cirrhosis,Macrophages,13438,FALSE,TRUE,FALSE,0,11,0.000818574192588183,0.0311835577604536,0.0570517363571935
coarse,coarse_Cirrhosis,Steatohepatitis->Cirrhosis,Plasma,13438,FALSE,TRUE,FALSE,0,0,0,,
coarse,coarse_Cirrhosis,Steatohepatitis->Cirrhosis,Resident NK,13438,FALSE,TRUE,FALSE,0,0,0,,
coarse,coarse_Cirrhosis,Steatohepatitis->Cirrhosis,T cells,13438,FALSE,TRUE,FALSE,0,1,7.44158356898348e-05,0,0.0181336593317033
coarse,coarse_SH,Steatosis->Steatohepatitis,Hepatocytes,10648,TRUE,FALSE,FALSE,0.343820435762585,6,0.000563486100676183,0.022807342851845,0.0511774522529205
coarse,coarse_SH,Steatosis->Steatohepatitis,Endothelial,10648,TRUE,FALSE,FALSE,0.147257700976709,3,0.000281743050338092,,
coarse,coarse_SH,Steatosis->Steatohepatitis,Cholangiocytes,10648,TRUE,FALSE,FALSE,0.126126972201352,6,0.000563486100676183,0.0219521756174049,0.0284202273618189
coarse,coarse_SH,Steatosis->Steatohepatitis,Fibroblasts,10648,TRUE,FALSE,FALSE,0.119552967693464,12,0.00112697220135237,0.022923875432526,0.0309256055363322
coarse,coarse_SH,Steatosis->Steatohepatitis,Macrophages,10648,TRUE,FALSE,FALSE,0.115890308039068,4,0.000375657400450789,0.0184782608695652,0.041304347826087
coarse,coarse_SH,Steatosis->Steatohepatitis,T cells,10648,TRUE,FALSE,FALSE,0.100676183320811,0,0,0,0.0199222546161322
coarse,coarse_SH,Steatosis->Steatohepatitis,Plasma,10648,TRUE,FALSE,FALSE,0.0862133734034561,0,0,,
coarse,coarse_SH,Steatosis->Steatohepatitis,B cells,10648,TRUE,FALSE,FALSE,0.0664913598797896,0,0,,
coarse,coarse_SH,Steatosis->Steatohepatitis,Resident NK,10648,TRUE,FALSE,FALSE,0.0664913598797896,0,0,,
coarse,coarse_Steatosis,Healthy->Steatosis,Hepatocytes,6307,TRUE,FALSE,FALSE,0.167433010940225,6,0.000951323925796734,0,0.00586510263929619
coarse,coarse_Steatosis,Healthy->Steatosis,Cholangiocytes,6307,TRUE,FALSE,FALSE,0.135087997463136,2,0.000317107975265578,0.0049469964664311,0.0049469964664311
coarse,coarse_Steatosis,Healthy->Steatosis,Fibroblasts,6307,TRUE,FALSE,FALSE,0.0819724116061519,3,0.000475661962898367,0,0
coarse,coarse_Steatosis,Healthy->Steatosis,Endothelial,6307,TRUE,FALSE,FALSE,0.0723006183605518,1,0.000158553987632789,,
coarse,coarse_Steatosis,Healthy->Steatosis,Resident NK,6307,TRUE,FALSE,FALSE,0.071349294434755,0,0,,
coarse,coarse_Steatosis,Healthy->Steatosis,Macrophages,6307,TRUE,FALSE,FALSE,0.0515300459806564,1,0.000158553987632789,0,0.0743010340865569
coarse,coarse_Steatosis,Healthy->Steatosis,T cells,6307,TRUE,FALSE,FALSE,0.0439194545742825,0,0,0,0
coarse,coarse_Steatosis,Healthy->Steatosis,Plasma,6307,TRUE,FALSE,FALSE,0.0426510226732202,0,0,,
coarse,coarse_Steatosis,Healthy->Steatosis,B cells,6307,TRUE,FALSE,FALSE,0.00269541778975741,0,0,,
