dataset_id	assay_id	record_type	decision	paper_role	dataset_gate	source_dependence	coverage_required	biological_unit	biological_unit_resolution	n_biological	technical_unit	n_technical	donor_join	phenotype_join	histology_join	spatial_coordinate_join	metabolite_join	gene_axis_source	detection_matrix	abundance_unit	lineage_context	permitted_estimands	prohibited_claims	source_version	license	processing_provenance
GSE192741	visium_rna	dataset	retain_primary	main_and_supplement	pass	independent	TRUE	donor	resolved	4	section	5	resolved	resolved	unresolved	resolved	not_applicable	Analysis/Spatial/results/cell2location/spatial_model/spatial_deconvolved.h5ad	layers/counts	assay_native_normalized_expression	mixed_liver_tissue_with_hepatocyte_abundance	Donor-first matched-null spatial organization; abundance-adjusted maps; descriptive zonation and SVG context	General MASLD disease-effect inference; spot-level replication; longitudinal progression	GEO GSE192741	public_repository_terms	Pinned semantic-v2 Visium engine; six-neighbor disconnected-island graphs; donor collapse
Vu_et_al_2025	visium_rna	dataset	retain_source_dependent	main_and_supplement	source_dependent	source_dependent	TRUE	unknown_public_biological_unit	unresolved		physical_array	10	unresolved	unresolved	unresolved	resolved	not_applicable	Analysis/Spatial/results/cell2location/spatial_model_vu/spatial_deconvolved_vu.h5ad	layers/counts	assay_native_normalized_expression	mixed_liver_tissue_with_hepatocyte_abundance	Array-level maps and directional consistency of spatial organization	Fibrosis-stage or donor-level inference; treating arrays as independent donors	Vu et al. 2025 public release	public_repository_terms	Pinned semantic-v2 Visium engine; array-level source-dependent interpretation
HRA007511_HMSMA	visium_rna	dataset	conditional_upgrade	main_row_supplement_and_portal	metadata_pending	source_dependent	TRUE	unknown_public_biological_unit	unresolved		physical_array	35	unresolved	unresolved	unresolved	resolved	unresolved	Analysis/Spatial/results/preprocessed/HRA007511_starsolo/HRA007511_merged.h5ad	X	STARsolo_UMI_count	mixed_liver_tissue_label_blind	Label-blind QC; assay coverage; per-array descriptive spatial organization	Clinical; fibrosis; NAS; sex; BMI; histology; MALDI; population inference without authoritative joins	HRA007511 public STARsolo/GSA release	controlled_repository_terms	STARsolo GENCODE v49; UMI>=500 proxy mask; fixed Visium-v1 array coordinates; no H&E
Yakubovsky2026	spatial_transcriptomics_rna	dataset	retain_normal_liver_reference	supplement_and_portal	pass	independent	TRUE	donor	resolved	3	section	16	resolved	not_applicable	resolved	resolved	resolved	Analysis/Spatial/candidates/program-context-v2-candidate-2026-08-07/yakubovsky2026/yakubovsky_human_adapter.h5ad	layers/source_background_corrected_abundance	source_mean_background_subtracted_abundance	normal_liver_zonation_context	Normal-liver zonation and local lipid-context boundary	MASLD validation; dose-response; claiming non-lipid zones are lipid-free	Yakubovsky 2026 source adapter	publication_source_terms	Sealed source-native adapter and donor-aware bootstrap
Govaere2026_CosMx	cosmx_targeted_rna	dataset	retain_narrowly	supplement_and_portal	source_dependent	descriptive	TRUE	unknown_public_biological_unit	unresolved		physical_array	8	unresolved	resolved	resolved	resolved	not_applicable	Analysis/Spatial/results/preprocessed/cosmx_govaere2026.h5ad	layers/counts	panel_native_log_normalized_expression	targeted_cell_annotations	Source-native IL32-macrophage proximity and targeted-panel observability	Cell-level inferential replication; whole-program scoring below coverage threshold; new source-owned mechanism	Govaere 2026 public CosMx release	publication_source_terms	Source-native targeted panel; array-level display only
Govaere2026_GeoMx	geomx_targeted_rna	dataset	drop	provenance_only	dropped	descriptive	TRUE	unknown_public_biological_unit	unresolved		AOI		unresolved	unresolved	resolved	resolved	not_applicable			unknown_source_normalization	source_defined_regions	Transparent dropped-source provenance only	Any per-gene or program evidence	Govaere 2026 public GeoMx release	publication_source_terms	Dropped after unresolved direction and normalization audit
GSE287826	geomx_targeted_rna	dataset	skip_until_donor_key	supplement_and_portal	metadata_pending	source_dependent	TRUE	donor	unresolved		AOI	30	unresolved	unresolved	resolved	resolved	not_applicable			unknown_source_normalization	source_defined_regions	Explicit untestable source-gate row	Treating 30 AOIs as donors; inferring the 30-to-15 mapping	GEO GSE287826	public_repository_terms	No donor key; no outcome data read
gsMap_EUR	spatial_trait_localization	derived_analysis	retain_narrowly	supplement_and_portal	metadata_pending	descriptive	FALSE	not_applicable	not_applicable		not_applicable		resolved	resolved	not_applicable	resolved	not_applicable			native_gsMap_statistic	spatial_trait_context	Corrected-COLOC EUR-reference trait localization after upstream freeze	Cross-ancestry claims; privileged-gene-class claims; universal score	Pending corrected COLOC release	method_and_source_terms	Blocked on corrected COLOC and provenance-qualified EUR traits
COMMOT_CCC	cell_communication	derived_analysis	retain_descriptive	supplement_only	pass	descriptive	FALSE	unknown_public_biological_unit	unresolved		spot_or_cell_neighborhood		unresolved	unresolved	unresolved	resolved	not_applicable			method_native_communication_score	source_qualified_neighborhoods	Source-qualified neighborhood examples and method comparison	Main-paper mechanism; spot-level significance	Existing candidate outputs	method_and_source_terms	Descriptive only
OnTraC	trajectory	derived_analysis	exclude	provenance_only	skipped	descriptive	FALSE	unknown_public_biological_unit	unresolved		spot		unresolved	unresolved	unresolved	resolved	not_applicable			trajectory_coordinate	cross_sectional_tissue	Code provenance only	Progression or trajectory claims from cross-sectional tissue	Existing archived outputs	method_and_source_terms	Excluded from Resource paper
MULTISP	imputed_chromatin	derived_analysis	archive_exploratory	archive_and_portal_only	skipped	descriptive	FALSE	unknown_public_biological_unit	unresolved		spot		unresolved	unresolved	unresolved	resolved	not_applicable			imputed_accessibility	imputed_multimodal_context	Methods provenance only	Independent validation votes or target-ranking inputs	Existing exploratory outputs	method_and_source_terms	Exploratory imputation; not an independent assay vote
GSE244832	snatac_promoter_accessibility	context_assay	retain_source_dependent	main_and_supplement	source_dependent	source_dependent	FALSE	donor	resolved	14	donor_pseudobulk	14	resolved	resolved	not_applicable	not_applicable	not_applicable			promoter_accessibility_score	hepatocyte_chromatin_context	Donor-level assay-native promoter-accessibility context	Cross-assay score; causal or longitudinal claims	GEO GSE244832	public_repository_terms	Sealed spatial-context-v2 snATAC adapter
GSE281367	snatac_promoter_accessibility	context_assay	retain	main_and_supplement	pass	independent	FALSE	donor	resolved	12	donor_pseudobulk	12	resolved	resolved	not_applicable	not_applicable	not_applicable			promoter_accessibility_score	hepatocyte_chromatin_context	Donor-level assay-native promoter-accessibility context	Cross-assay score; causal or longitudinal claims	GEO GSE281367	public_repository_terms	Sealed spatial-context-v2 snATAC adapter
PXD051911	liver_dia_ms	context_assay	retain_observability	main_and_supplement	pass	independent	FALSE	patient	resolved	58	liver_DIA_sample	58	resolved	resolved	not_applicable	not_applicable	not_applicable			protein_abundance_contrast	bulk_liver_protein_context	Assay-native protein observability and effects when program coverage permits	Whole-program support when coverage fails; cross-assay score	ProteomeXchange PXD051911	public_repository_terms	Sealed spatial-context-v2 DIA-MS adapter
